route_id,service_id,trip_id,trip_headsign,direction_id,block_id
13-20-j26-2,T0#11,1.T0.13-20-j26-2.5.H,Erlangen Arcaden,0,
13-20-j26-2,T0#11,10.T0.13-20-j26-2.5.H,Erlangen Arcaden,0,
13-20-j26-2,T0#11,11.T0.13-20-j26-2.5.H,Erlangen Arcaden,0,
13-20-j26-2,T0#11,12.T0.13-20-j26-2.5.H,Erlangen Arcaden,0,
13-20-j26-2,T0#11,13.T0.13-20-j26-2.5.H,Erlangen Arcaden,0,
13-20-j26-2,T0#11,14.T0.13-20-j26-2.5.H,Erlangen Arcaden,0,
13-20-j26-2,T0#11,15.T0.13-20-j26-2.5.H,Erlangen Arcaden,0,
13-20-j26-2,T0#11,16.T0.13-20-j26-2.5.H,Erlangen Arcaden,0,
13-20-j26-2,T0#11,17.T0.13-20-j26-2.5.H,Erlangen Arcaden,0,
13-20-j26-2,T0#11,18.T0.13-20-j26-2.5.H,Erlangen Arcaden,0,
13-20-j26-2,T0#11,19.T0.13-20-j26-2.5.H,Erlangen Arcaden,0,
13-20-j26-2,T0#11,2.T0.13-20-j26-2.5.H,Erlangen Arcaden,0,
13-20-j26-2,T0#11,20.T0.13-20-j26-2.5.H,Erlangen Arcaden,0,
13-20-j26-2,T0#11,21.T0.13-20-j26-2.5.H,Erlangen Arcaden,0,
13-20-j26-2,T0#11,22.T0.13-20-j26-2.5.H,Erlangen Arcaden,0,
13-20-j26-2,T0#11,23.T0.13-20-j26-2.5.H,Erlangen Arcaden,0,
13-20-j26-2,T0#11,24.T0.13-20-j26-2.5.H,Erlangen Arcaden,0,
13-20-j26-2,T0#11,25.T0.13-20-j26-2.5.H,Erlangen Arcaden,0,
13-20-j26-2,T0#11,26.T0.13-20-j26-2.5.H,Erlangen Arcaden,0,
13-20-j26-2,T0#11,27.T0.13-20-j26-2.5.H,Erlangen Arcaden,0,
13-20-j26-2,T0#11,28.T0.13-20-j26-2.5.H,Erlangen Arcaden,0,
13-20-j26-2,T0#11,29.T0.13-20-j26-2.5.H,Erlangen Arcaden,0,
13-20-j26-2,T0#11,3.T0.13-20-j26-2.5.H,Erlangen Arcaden,0,
13-20-j26-2,T0#11,30.T0.13-20-j26-2.5.H,Erlangen Arcaden,0,
13-20-j26-2,T0#11,31.T0.13-20-j26-2.5.H,Erlangen Arcaden,0,
13-20-j26-2,T0#11,32.T0.13-20-j26-2.5.H,Erlangen Arcaden,0,
13-20-j26-2,T0#11,33.T0.13-20-j26-2.5.H,Erlangen Arcaden,0,
13-20-j26-2,T0#11,34.T0.13-20-j26-2.5.H,Erlangen Arcaden,0,
13-20-j26-2,T0#11,35.T0.13-20-j26-2.5.H,Erlangen Arcaden,0,
13-20-j26-2,T0#11,36.T0.13-20-j26-2.5.H,Erlangen Arcaden,0,
13-20-j26-2,T0#11,37.T0.13-20-j26-2.5.H,Erlangen Arcaden,0,
13-20-j26-2,T0#11,38.T0.13-20-j26-2.5.H,Erlangen Arcaden,0,
13-20-j26-2,T0#11,39.T0.13-20-j26-2.5.H,Erlangen Arcaden,0,
13-20-j26-2,T0#11,4.T0.13-20-j26-2.5.H,Erlangen Arcaden,0,
13-20-j26-2,T0#11,40.T0.13-20-j26-2.5.H,Erlangen Arcaden,0,
13-20-j26-2,T0#11,41.T0.13-20-j26-2.6.H,Erlangen Hugenottenpl.,0,
13-20-j26-2,T0#11,42.T0.13-20-j26-2.6.H,Erlangen Hugenottenpl.,0,
13-20-j26-2,T0#11,43.T0.13-20-j26-2.6.H,Erlangen Hugenottenpl.,0,
13-20-j26-2,T0#11,44.T0.13-20-j26-2.6.H,Erlangen Hugenottenpl.,0,
13-20-j26-2,T0#11,45.T0.13-20-j26-2.7.R,Nürnberg Am Wegfeld,1,
13-20-j26-2,T0#11,46.T0.13-20-j26-2.7.R,Nürnberg Am Wegfeld,1,
13-20-j26-2,T0#11,47.T0.13-20-j26-2.7.R,Nürnberg Am Wegfeld,1,
13-20-j26-2,T0#11,48.T0.13-20-j26-2.7.R,Nürnberg Am Wegfeld,1,
13-20-j26-2,T0#11,49.T0.13-20-j26-2.7.R,Nürnberg Am Wegfeld,1,
13-20-j26-2,T0#11,5.T0.13-20-j26-2.5.H,Erlangen Arcaden,0,
13-20-j26-2,T0#11,50.T0.13-20-j26-2.7.R,Nürnberg Am Wegfeld,1,
13-20-j26-2,T0#11,51.T0.13-20-j26-2.7.R,Nürnberg Am Wegfeld,1,
13-20-j26-2,T0#11,52.T0.13-20-j26-2.7.R,Nürnberg Am Wegfeld,1,
13-20-j26-2,T0#11,53.T0.13-20-j26-2.7.R,Nürnberg Am Wegfeld,1,
13-20-j26-2,T0#11,54.T0.13-20-j26-2.7.R,Nürnberg Am Wegfeld,1,
13-20-j26-2,T0#11,55.T0.13-20-j26-2.7.R,Nürnberg Am Wegfeld,1,
13-20-j26-2,T0#11,56.T0.13-20-j26-2.7.R,Nürnberg Am Wegfeld,1,
13-20-j26-2,T0#11,57.T0.13-20-j26-2.7.R,Nürnberg Am Wegfeld,1,
13-20-j26-2,T0#11,58.T0.13-20-j26-2.7.R,Nürnberg Am Wegfeld,1,
13-20-j26-2,T0#11,59.T0.13-20-j26-2.7.R,Nürnberg Am Wegfeld,1,
13-20-j26-2,T0#11,6.T0.13-20-j26-2.5.H,Erlangen Arcaden,0,
13-20-j26-2,T0#11,60.T0.13-20-j26-2.7.R,Nürnberg Am Wegfeld,1,
13-20-j26-2,T0#11,61.T0.13-20-j26-2.7.R,Nürnberg Am Wegfeld,1,
13-20-j26-2,T0#11,62.T0.13-20-j26-2.7.R,Nürnberg Am Wegfeld,1,
13-20-j26-2,T0#11,63.T0.13-20-j26-2.7.R,Nürnberg Am Wegfeld,1,
13-20-j26-2,T0#11,64.T0.13-20-j26-2.7.R,Nürnberg Am Wegfeld,1,
13-20-j26-2,T0#11,65.T0.13-20-j26-2.7.R,Nürnberg Am Wegfeld,1,
13-20-j26-2,T0#11,66.T0.13-20-j26-2.7.R,Nürnberg Am Wegfeld,1,
13-20-j26-2,T0#11,67.T0.13-20-j26-2.7.R,Nürnberg Am Wegfeld,1,
13-20-j26-2,T0#11,68.T0.13-20-j26-2.7.R,Nürnberg Am Wegfeld,1,
13-20-j26-2,T0#11,69.T0.13-20-j26-2.7.R,Nürnberg Am Wegfeld,1,
13-20-j26-2,T0#11,7.T0.13-20-j26-2.5.H,Erlangen Arcaden,0,
13-20-j26-2,T0#11,70.T0.13-20-j26-2.7.R,Nürnberg Am Wegfeld,1,
13-20-j26-2,T0#11,71.T0.13-20-j26-2.7.R,Nürnberg Am Wegfeld,1,
13-20-j26-2,T0#11,72.T0.13-20-j26-2.7.R,Nürnberg Am Wegfeld,1,
13-20-j26-2,T0#11,73.T0.13-20-j26-2.7.R,Nürnberg Am Wegfeld,1,
13-20-j26-2,T0#11,74.T0.13-20-j26-2.7.R,Nürnberg Am Wegfeld,1,
13-20-j26-2,T0#11,75.T0.13-20-j26-2.7.R,Nürnberg Am Wegfeld,1,
13-20-j26-2,T0#11,76.T0.13-20-j26-2.7.R,Nürnberg Am Wegfeld,1,
13-20-j26-2,T0#11,77.T0.13-20-j26-2.7.R,Nürnberg Am Wegfeld,1,
13-20-j26-2,T0#11,78.T0.13-20-j26-2.7.R,Nürnberg Am Wegfeld,1,
13-20-j26-2,T0#11,79.T0.13-20-j26-2.7.R,Nürnberg Am Wegfeld,1,
13-20-j26-2,T0#11,8.T0.13-20-j26-2.5.H,Erlangen Arcaden,0,
13-20-j26-2,T0#11,80.T0.13-20-j26-2.7.R,Nürnberg Am Wegfeld,1,
13-20-j26-2,T0#11,81.T0.13-20-j26-2.7.R,Nürnberg Am Wegfeld,1,
13-20-j26-2,T0#11,82.T0.13-20-j26-2.7.R,Nürnberg Am Wegfeld,1,
13-20-j26-2,T0#11,83.T0.13-20-j26-2.7.R,Nürnberg Am Wegfeld,1,
13-20-j26-2,T0#11,84.T0.13-20-j26-2.7.R,Nürnberg Am Wegfeld,1,
13-20-j26-2,T0#11,85.T0.13-20-j26-2.8.R,Nürnberg Am Wegfeld,1,
13-20-j26-2,T0#11,86.T0.13-20-j26-2.8.R,Nürnberg Am Wegfeld,1,
13-20-j26-2,T0#11,87.T0.13-20-j26-2.8.R,Nürnberg Am Wegfeld,1,
13-20-j26-2,T0#11,88.T0.13-20-j26-2.8.R,Nürnberg Am Wegfeld,1,
13-20-j26-2,T0#11,89.T0.13-20-j26-2.8.R,Nürnberg Am Wegfeld,1,
13-20-j26-2,T0#11,9.T0.13-20-j26-2.5.H,Erlangen Arcaden,0,
13-21-j26-1,T0#6,1.T0.13-21-j26-1.1.H,Nürnberg Ziegelstein Süd,0,
13-21-j26-1,T0#6,10.T0.13-21-j26-1.1.H,Nürnberg Ziegelstein Süd,0,
13-21-j26-1,T0#6,11.T0.13-21-j26-1.1.H,Nürnberg Ziegelstein Süd,0,
13-21-j26-1,T0#6,12.T0.13-21-j26-1.1.H,Nürnberg Ziegelstein Süd,0,
13-21-j26-1,T0#6,13.T0.13-21-j26-1.1.H,Nürnberg Ziegelstein Süd,0,
13-21-j26-1,T0#6,14.T0.13-21-j26-1.1.H,Nürnberg Ziegelstein Süd,0,
13-21-j26-1,T0#6,15.T0.13-21-j26-1.1.H,Nürnberg Ziegelstein Süd,0,
13-21-j26-1,T0#6,16.T0.13-21-j26-1.1.H,Nürnberg Ziegelstein Süd,0,
13-21-j26-1,T0#6,17.T0.13-21-j26-1.1.H,Nürnberg Ziegelstein Süd,0,
13-21-j26-1,T0#6,18.T0.13-21-j26-1.1.H,Nürnberg Ziegelstein Süd,0,
13-21-j26-1,T0#6,19.T0.13-21-j26-1.1.H,Nürnberg Ziegelstein Süd,0,
13-21-j26-1,T0#6,2.T0.13-21-j26-1.1.H,Nürnberg Ziegelstein Süd,0,
13-21-j26-1,T0#6,20.T0.13-21-j26-1.1.H,Nürnberg Ziegelstein Süd,0,
13-21-j26-1,T0#6,21.T0.13-21-j26-1.1.H,Nürnberg Ziegelstein Süd,0,
13-21-j26-1,T0#6,22.T0.13-21-j26-1.1.H,Nürnberg Ziegelstein Süd,0,
13-21-j26-1,T0#6,23.T0.13-21-j26-1.1.H,Nürnberg Ziegelstein Süd,0,
13-21-j26-1,T0#6,24.T0.13-21-j26-1.1.H,Nürnberg Ziegelstein Süd,0,
13-21-j26-1,T0#6,25.T0.13-21-j26-1.1.H,Nürnberg Ziegelstein Süd,0,
13-21-j26-1,T0#6,26.T0.13-21-j26-1.1.H,Nürnberg Ziegelstein Süd,0,
13-21-j26-1,T0#6,27.T0.13-21-j26-1.1.H,Nürnberg Ziegelstein Süd,0,
13-21-j26-1,T0+01,28.T0.13-21-j26-1.1.H,Nürnberg Ziegelstein Süd,0,
13-21-j26-1,T0#6,29.T0.13-21-j26-1.1.H,Nürnberg Ziegelstein Süd,0,
13-21-j26-1,T0#6,3.T0.13-21-j26-1.1.H,Nürnberg Ziegelstein Süd,0,
13-21-j26-1,T0#6,30.T0.13-21-j26-1.1.H,Nürnberg Ziegelstein Süd,0,
13-21-j26-1,T0#6,31.T0.13-21-j26-1.1.H,Nürnberg Ziegelstein Süd,0,
13-21-j26-1,T0#6,32.T0.13-21-j26-1.1.H,Nürnberg Ziegelstein Süd,0,
13-21-j26-1,T0#6,33.T0.13-21-j26-1.1.H,Nürnberg Ziegelstein Süd,0,
13-21-j26-1,T0#6,34.T0.13-21-j26-1.1.H,Nürnberg Ziegelstein Süd,0,
13-21-j26-1,T0#6,35.T0.13-21-j26-1.1.H,Nürnberg Ziegelstein Süd,0,
13-21-j26-1,T0#6,36.T0.13-21-j26-1.1.H,Nürnberg Ziegelstein Süd,0,
13-21-j26-1,T0#6,37.T0.13-21-j26-1.1.H,Nürnberg Ziegelstein Süd,0,
13-21-j26-1,T0#6,38.T0.13-21-j26-1.1.H,Nürnberg Ziegelstein Süd,0,
13-21-j26-1,T0#6,39.T0.13-21-j26-1.1.H,Nürnberg Ziegelstein Süd,0,
13-21-j26-1,T0#6,4.T0.13-21-j26-1.1.H,Nürnberg Ziegelstein Süd,0,
13-21-j26-1,T0#6,40.T0.13-21-j26-1.1.H,Nürnberg Ziegelstein Süd,0,
13-21-j26-1,T0#6,41.T0.13-21-j26-1.1.H,Nürnberg Ziegelstein Süd,0,
13-21-j26-1,T0#6,42.T0.13-21-j26-1.1.H,Nürnberg Ziegelstein Süd,0,
13-21-j26-1,T0#6,43.T0.13-21-j26-1.1.H,Nürnberg Ziegelstein Süd,0,
13-21-j26-1,T0#6,44.T0.13-21-j26-1.1.H,Nürnberg Ziegelstein Süd,0,
13-21-j26-1,T0#6,45.T0.13-21-j26-1.1.H,Nürnberg Ziegelstein Süd,0,
13-21-j26-1,T0#6,46.T0.13-21-j26-1.1.H,Nürnberg Ziegelstein Süd,0,
13-21-j26-1,T0#6,47.T0.13-21-j26-1.1.H,Nürnberg Ziegelstein Süd,0,
13-21-j26-1,T0#6,48.T0.13-21-j26-1.1.H,Nürnberg Ziegelstein Süd,0,
13-21-j26-1,T0#6,49.T0.13-21-j26-1.1.H,Nürnberg Ziegelstein Süd,0,
13-21-j26-1,T0#6,5.T0.13-21-j26-1.1.H,Nürnberg Ziegelstein Süd,0,
13-21-j26-1,T0#6,50.T0.13-21-j26-1.1.H,Nürnberg Ziegelstein Süd,0,
13-21-j26-1,T0#6,51.T0.13-21-j26-1.1.H,Nürnberg Ziegelstein Süd,0,
13-21-j26-1,T0#6,52.T0.13-21-j26-1.1.H,Nürnberg Ziegelstein Süd,0,
13-21-j26-1,T0#6,53.T0.13-21-j26-1.1.H,Nürnberg Ziegelstein Süd,0,
13-21-j26-1,T0#6,54.T0.13-21-j26-1.1.H,Nürnberg Ziegelstein Süd,0,
13-21-j26-1,T0#6,55.T0.13-21-j26-1.1.H,Nürnberg Ziegelstein Süd,0,
13-21-j26-1,T0#6,56.T0.13-21-j26-1.1.H,Nürnberg Ziegelstein Süd,0,
13-21-j26-1,T0#6,6.T0.13-21-j26-1.1.H,Nürnberg Ziegelstein Süd,0,
13-21-j26-1,T0+01,7.T0.13-21-j26-1.1.H,Nürnberg Ziegelstein Süd,0,
13-21-j26-1,T0#6,8.T0.13-21-j26-1.1.H,Nürnberg Ziegelstein Süd,0,
13-21-j26-1,T0#6,9.T0.13-21-j26-1.1.H,Nürnberg Ziegelstein Süd,0,
13-30-j26-2,T0#13,1.T0.13-30-j26-2.12.H,Erlangen Arcaden,0,
13-30-j26-2,T0#13,10.T0.13-30-j26-2.13.H,Erlangen Arcaden,0,
13-30-j26-2,T0#13,11.T0.13-30-j26-2.13.H,Erlangen Arcaden,0,
13-30-j26-2,T0#13,12.T0.13-30-j26-2.13.H,Erlangen Arcaden,0,
13-30-j26-2,T0#13,13.T0.13-30-j26-2.13.H,Erlangen Arcaden,0,
13-30-j26-2,T0#13,14.T0.13-30-j26-2.13.H,Erlangen Arcaden,0,
13-30-j26-2,T0#13,15.T0.13-30-j26-2.13.H,Erlangen Arcaden,0,
13-30-j26-2,T0#13,16.T0.13-30-j26-2.13.H,Erlangen Arcaden,0,
13-30-j26-2,T0#13,17.T0.13-30-j26-2.13.H,Erlangen Arcaden,0,
13-30-j26-2,T0#13,18.T0.13-30-j26-2.13.H,Erlangen Arcaden,0,
13-30-j26-2,T0#13,19.T0.13-30-j26-2.13.H,Erlangen Arcaden,0,
13-30-j26-2,T0#13,2.T0.13-30-j26-2.13.H,Erlangen Arcaden,0,
13-30-j26-2,T0#13,20.T0.13-30-j26-2.13.H,Erlangen Arcaden,0,
13-30-j26-2,T0#13,21.T0.13-30-j26-2.12.H,Erlangen Arcaden,0,
13-30-j26-2,T0#13,22.T0.13-30-j26-2.13.H,Erlangen Arcaden,0,
13-30-j26-2,T0#13,23.T0.13-30-j26-2.12.H,Erlangen Arcaden,0,
13-30-j26-2,T0#13,24.T0.13-30-j26-2.13.H,Erlangen Arcaden,0,
13-30-j26-2,T0#13,25.T0.13-30-j26-2.13.H,Erlangen Arcaden,0,
13-30-j26-2,T0#13,26.T0.13-30-j26-2.13.H,Erlangen Arcaden,0,
13-30-j26-2,T0#13,27.T0.13-30-j26-2.13.H,Erlangen Arcaden,0,
13-30-j26-2,T0#13,28.T0.13-30-j26-2.13.H,Erlangen Arcaden,0,
13-30-j26-2,T0#13,29.T0.13-30-j26-2.13.H,Erlangen Arcaden,0,
13-30-j26-2,T0#13,3.T0.13-30-j26-2.14.H,Erlangen Arcaden,0,
13-30-j26-2,T0#13,30.T0.13-30-j26-2.13.H,Erlangen Arcaden,0,
13-30-j26-2,T0#13,31.T0.13-30-j26-2.13.H,Erlangen Arcaden,0,
13-30-j26-2,T0#13,32.T0.13-30-j26-2.13.H,Erlangen Arcaden,0,
13-30-j26-2,T0#13,33.T0.13-30-j26-2.13.H,Erlangen Arcaden,0,
13-30-j26-2,T0#13,34.T0.13-30-j26-2.13.H,Erlangen Arcaden,0,
13-30-j26-2,T0#13,35.T0.13-30-j26-2.13.H,Erlangen Arcaden,0,
13-30-j26-2,T0#13,36.T0.13-30-j26-2.13.H,Erlangen Arcaden,0,
13-30-j26-2,T0#13,37.T0.13-30-j26-2.13.H,Erlangen Arcaden,0,
13-30-j26-2,T0#13,38.T0.13-30-j26-2.13.H,Erlangen Arcaden,0,
13-30-j26-2,T0#13,39.T0.13-30-j26-2.13.H,Erlangen Arcaden,0,
13-30-j26-2,T0#13,4.T0.13-30-j26-2.13.H,Erlangen Arcaden,0,
13-30-j26-2,T0#13,40.T0.13-30-j26-2.15.H,Erlangen Hugenottenpl.,0,
13-30-j26-2,T0#13,41.T0.13-30-j26-2.15.H,Erlangen Hugenottenpl.,0,
13-30-j26-2,T0#13,42.T0.13-30-j26-2.15.H,Erlangen Hugenottenpl.,0,
13-30-j26-2,T0#13,43.T0.13-30-j26-2.15.H,Erlangen Hugenottenpl.,0,
13-30-j26-2,T0#13,44.T0.13-30-j26-2.15.H,Erlangen Hugenottenpl.,0,
13-30-j26-2,T0#13,45.T0.13-30-j26-2.15.H,Erlangen Hugenottenpl.,0,
13-30-j26-2,T0#13,46.T0.13-30-j26-2.15.H,Erlangen Hugenottenpl.,0,
13-30-j26-2,T0#13,47.T0.13-30-j26-2.15.H,Erlangen Hugenottenpl.,0,
13-30-j26-2,T0#13,48.T0.13-30-j26-2.15.H,Erlangen Hugenottenpl.,0,
13-30-j26-2,T0#13,49.T0.13-30-j26-2.16.R,"Nürnberg, Nordostbahnhof",1,
13-30-j26-2,T0#13,5.T0.13-30-j26-2.13.H,Erlangen Arcaden,0,
13-30-j26-2,T0#13,50.T0.13-30-j26-2.17.R,"Nürnberg, Nordostbahnhof",1,
13-30-j26-2,T0#13,51.T0.13-30-j26-2.17.R,"Nürnberg, Nordostbahnhof",1,
13-30-j26-2,T0#13,52.T0.13-30-j26-2.17.R,"Nürnberg, Nordostbahnhof",1,
13-30-j26-2,T0#13,53.T0.13-30-j26-2.17.R,"Nürnberg, Nordostbahnhof",1,
13-30-j26-2,T0#13,54.T0.13-30-j26-2.17.R,"Nürnberg, Nordostbahnhof",1,
13-30-j26-2,T0#13,55.T0.13-30-j26-2.17.R,"Nürnberg, Nordostbahnhof",1,
13-30-j26-2,T0#13,56.T0.13-30-j26-2.17.R,"Nürnberg, Nordostbahnhof",1,
13-30-j26-2,T0#13,57.T0.13-30-j26-2.17.R,"Nürnberg, Nordostbahnhof",1,
13-30-j26-2,T0#13,58.T0.13-30-j26-2.17.R,"Nürnberg, Nordostbahnhof",1,
13-30-j26-2,T0#13,59.T0.13-30-j26-2.17.R,"Nürnberg, Nordostbahnhof",1,
13-30-j26-2,T0#13,6.T0.13-30-j26-2.13.H,Erlangen Arcaden,0,
13-30-j26-2,T0#13,60.T0.13-30-j26-2.17.R,"Nürnberg, Nordostbahnhof",1,
13-30-j26-2,T0#13,61.T0.13-30-j26-2.17.R,"Nürnberg, Nordostbahnhof",1,
13-30-j26-2,T0#13,62.T0.13-30-j26-2.18.R,Nürnberg Am Wegfeld,1,
13-30-j26-2,T0#13,63.T0.13-30-j26-2.17.R,"Nürnberg, Nordostbahnhof",1,
13-30-j26-2,T0#13,64.T0.13-30-j26-2.18.R,Nürnberg Am Wegfeld,1,
13-30-j26-2,T0#13,65.T0.13-30-j26-2.17.R,"Nürnberg, Nordostbahnhof",1,
13-30-j26-2,T0#13,66.T0.13-30-j26-2.18.R,Nürnberg Am Wegfeld,1,
13-30-j26-2,T0#13,67.T0.13-30-j26-2.17.R,"Nürnberg, Nordostbahnhof",1,
13-30-j26-2,T0#13,68.T0.13-30-j26-2.17.R,"Nürnberg, Nordostbahnhof",1,
13-30-j26-2,T0#13,69.T0.13-30-j26-2.17.R,"Nürnberg, Nordostbahnhof",1,
13-30-j26-2,T0#13,7.T0.13-30-j26-2.13.H,Erlangen Arcaden,0,
13-30-j26-2,T0#13,70.T0.13-30-j26-2.17.R,"Nürnberg, Nordostbahnhof",1,
13-30-j26-2,T0#13,71.T0.13-30-j26-2.17.R,"Nürnberg, Nordostbahnhof",1,
13-30-j26-2,T0#13,72.T0.13-30-j26-2.17.R,"Nürnberg, Nordostbahnhof",1,
13-30-j26-2,T0#13,73.T0.13-30-j26-2.17.R,"Nürnberg, Nordostbahnhof",1,
13-30-j26-2,T0#13,74.T0.13-30-j26-2.17.R,"Nürnberg, Nordostbahnhof",1,
13-30-j26-2,T0#13,75.T0.13-30-j26-2.17.R,"Nürnberg, Nordostbahnhof",1,
13-30-j26-2,T0#13,76.T0.13-30-j26-2.17.R,"Nürnberg, Nordostbahnhof",1,
13-30-j26-2,T0#13,77.T0.13-30-j26-2.17.R,"Nürnberg, Nordostbahnhof",1,
13-30-j26-2,T0#13,78.T0.13-30-j26-2.17.R,"Nürnberg, Nordostbahnhof",1,
13-30-j26-2,T0#13,79.T0.13-30-j26-2.17.R,"Nürnberg, Nordostbahnhof",1,
13-30-j26-2,T0#13,8.T0.13-30-j26-2.13.H,Erlangen Arcaden,0,
13-30-j26-2,T0#13,80.T0.13-30-j26-2.17.R,"Nürnberg, Nordostbahnhof",1,
13-30-j26-2,T0#13,81.T0.13-30-j26-2.17.R,"Nürnberg, Nordostbahnhof",1,
13-30-j26-2,T0#13,82.T0.13-30-j26-2.17.R,"Nürnberg, Nordostbahnhof",1,
13-30-j26-2,T0#13,83.T0.13-30-j26-2.17.R,"Nürnberg, Nordostbahnhof",1,
13-30-j26-2,T0#13,84.T0.13-30-j26-2.17.R,"Nürnberg, Nordostbahnhof",1,
13-30-j26-2,T0#13,85.T0.13-30-j26-2.17.R,"Nürnberg, Nordostbahnhof",1,
13-30-j26-2,T0#13,86.T0.13-30-j26-2.17.R,"Nürnberg, Nordostbahnhof",1,
13-30-j26-2,T0#13,87.T0.13-30-j26-2.17.R,"Nürnberg, Nordostbahnhof",1,
13-30-j26-2,T0#13,88.T0.13-30-j26-2.17.R,"Nürnberg, Nordostbahnhof",1,
13-30-j26-2,T0#13,89.T0.13-30-j26-2.17.R,"Nürnberg, Nordostbahnhof",1,
13-30-j26-2,T0#13,9.T0.13-30-j26-2.13.H,Erlangen Arcaden,0,
13-30-j26-2,T0#13,90.T0.13-30-j26-2.17.R,"Nürnberg, Nordostbahnhof",1,
13-30-j26-2,T0#13,91.T0.13-30-j26-2.17.R,"Nürnberg, Nordostbahnhof",1,
13-30-j26-2,T0#13,92.T0.13-30-j26-2.19.R,"Nürnberg, Nordostbahnhof",1,
13-30-j26-2,T0#13,93.T0.13-30-j26-2.19.R,"Nürnberg, Nordostbahnhof",1,
13-30-j26-2,T0#13,94.T0.13-30-j26-2.19.R,"Nürnberg, Nordostbahnhof",1,
13-30-j26-2,T0#13,95.T0.13-30-j26-2.19.R,"Nürnberg, Nordostbahnhof",1,
13-30-j26-2,T0#13,96.T0.13-30-j26-2.19.R,"Nürnberg, Nordostbahnhof",1,
13-30-j26-2,T0#13,97.T0.13-30-j26-2.19.R,"Nürnberg, Nordostbahnhof",1,
13-30-j26-2,T0#13,98.T0.13-30-j26-2.19.R,"Nürnberg, Nordostbahnhof",1,
13-30-j26-2,T0#13,99.T0.13-30-j26-2.20.R,Nürnberg Am Wegfeld,1,
13-31-j26-1,T0#6,1.T0.13-31-j26-1.1.H,Nürnberg Kriegerdenkmal,0,
13-31-j26-1,T0+01,10.T0.13-31-j26-1.8.H,Nürnberg Neumeyerstr.,0,
13-31-j26-1,T0#6,100.T0.13-31-j26-1.17.R,Nürnberg Herrnhütte,1,
13-31-j26-1,T0#6,101.T0.13-31-j26-1.4.R,Nürnberg Am Wegfeld,1,
13-31-j26-1,T0#6,102.T0.13-31-j26-1.4.R,Nürnberg Am Wegfeld,1,
13-31-j26-1,T0#6,103.T0.13-31-j26-1.4.R,Nürnberg Am Wegfeld,1,
13-31-j26-1,T0#6,104.T0.13-31-j26-1.4.R,Nürnberg Am Wegfeld,1,
13-31-j26-1,T0#6,105.T0.13-31-j26-1.4.R,Nürnberg Am Wegfeld,1,
13-31-j26-1,T0#6,106.T0.13-31-j26-1.4.R,Nürnberg Am Wegfeld,1,
13-31-j26-1,T0#6,107.T0.13-31-j26-1.4.R,Nürnberg Am Wegfeld,1,
13-31-j26-1,T0#6,108.T0.13-31-j26-1.4.R,Nürnberg Am Wegfeld,1,
13-31-j26-1,T0#6,11.T0.13-31-j26-1.7.H,Nürnberg Hansengarten,0,
13-31-j26-1,T0+01,12.T0.13-31-j26-1.8.H,Nürnberg Neumeyerstr.,0,
13-31-j26-1,T0+01,13.T0.13-31-j26-1.8.H,Nürnberg Neumeyerstr.,0,
13-31-j26-1,T0#6,14.T0.13-31-j26-1.7.H,Nürnberg Hansengarten,0,
13-31-j26-1,T0+01,15.T0.13-31-j26-1.8.H,Nürnberg Neumeyerstr.,0,
13-31-j26-1,T0+01,16.T0.13-31-j26-1.8.H,Nürnberg Neumeyerstr.,0,
13-31-j26-1,T0#6,17.T0.13-31-j26-1.9.H,Nürnberg Am Wegfeld,0,
13-31-j26-1,T0+01,18.T0.13-31-j26-1.8.H,Nürnberg Neumeyerstr.,0,
13-31-j26-1,T0+01,19.T0.13-31-j26-1.8.H,Nürnberg Neumeyerstr.,0,
13-31-j26-1,T0#6,2.T0.13-31-j26-1.6.H,Nürnberg Hansengarten,0,
13-31-j26-1,T0#6,20.T0.13-31-j26-1.10.H,Nürnberg Boxdorf,0,
13-31-j26-1,T0+01,21.T0.13-31-j26-1.8.H,Nürnberg Neumeyerstr.,0,
13-31-j26-1,T0+01,22.T0.13-31-j26-1.8.H,Nürnberg Neumeyerstr.,0,
13-31-j26-1,T0#6,23.T0.13-31-j26-1.9.H,Nürnberg Am Wegfeld,0,
13-31-j26-1,T0+01,24.T0.13-31-j26-1.8.H,Nürnberg Neumeyerstr.,0,
13-31-j26-1,T0+01,25.T0.13-31-j26-1.8.H,Nürnberg Neumeyerstr.,0,
13-31-j26-1,T0#6,26.T0.13-31-j26-1.3.H,Nürnberg Kriegerdenkmal,0,
13-31-j26-1,T0#6,27.T0.13-31-j26-1.3.H,Nürnberg Kriegerdenkmal,0,
13-31-j26-1,T0#6,28.T0.13-31-j26-1.3.H,Nürnberg Kriegerdenkmal,0,
13-31-j26-1,T0#6,29.T0.13-31-j26-1.3.H,Nürnberg Kriegerdenkmal,0,
13-31-j26-1,T0#6,3.T0.13-31-j26-1.7.H,Nürnberg Hansengarten,0,
13-31-j26-1,T0#6,30.T0.13-31-j26-1.7.H,Nürnberg Hansengarten,0,
13-31-j26-1,T0#6,31.T0.13-31-j26-1.7.H,Nürnberg Hansengarten,0,
13-31-j26-1,T0#6,32.T0.13-31-j26-1.7.H,Nürnberg Hansengarten,0,
13-31-j26-1,T0+01,33.T0.13-31-j26-1.6.H,Nürnberg Hansengarten,0,
13-31-j26-1,T0#6,34.T0.13-31-j26-1.7.H,Nürnberg Hansengarten,0,
13-31-j26-1,T0+01,35.T0.13-31-j26-1.6.H,Nürnberg Hansengarten,0,
13-31-j26-1,T0#6,36.T0.13-31-j26-1.7.H,Nürnberg Hansengarten,0,
13-31-j26-1,T0#6,37.T0.13-31-j26-1.7.H,Nürnberg Hansengarten,0,
13-31-j26-1,T0#6,38.T0.13-31-j26-1.7.H,Nürnberg Hansengarten,0,
13-31-j26-1,T0#6,39.T0.13-31-j26-1.7.H,Nürnberg Hansengarten,0,
13-31-j26-1,T0#6,4.T0.13-31-j26-1.1.H,Nürnberg Kriegerdenkmal,0,
13-31-j26-1,T0#6,40.T0.13-31-j26-1.7.H,Nürnberg Hansengarten,0,
13-31-j26-1,T0#6,41.T0.13-31-j26-1.7.H,Nürnberg Hansengarten,0,
13-31-j26-1,T0#6,42.T0.13-31-j26-1.7.H,Nürnberg Hansengarten,0,
13-31-j26-1,T0#6,43.T0.13-31-j26-1.7.H,Nürnberg Hansengarten,0,
13-31-j26-1,T0#6,44.T0.13-31-j26-1.7.H,Nürnberg Hansengarten,0,
13-31-j26-1,T0#6,45.T0.13-31-j26-1.7.H,Nürnberg Hansengarten,0,
13-31-j26-1,T0#6,46.T0.13-31-j26-1.7.H,Nürnberg Hansengarten,0,
13-31-j26-1,T0#6,47.T0.13-31-j26-1.7.H,Nürnberg Hansengarten,0,
13-31-j26-1,T0#6,48.T0.13-31-j26-1.7.H,Nürnberg Hansengarten,0,
13-31-j26-1,T0#6,49.T0.13-31-j26-1.7.H,Nürnberg Hansengarten,0,
13-31-j26-1,T0#6,5.T0.13-31-j26-1.7.H,Nürnberg Hansengarten,0,
13-31-j26-1,T0#6,50.T0.13-31-j26-1.7.H,Nürnberg Hansengarten,0,
13-31-j26-1,T0#6,51.T0.13-31-j26-1.3.H,Nürnberg Kriegerdenkmal,0,
13-31-j26-1,T0#6,52.T0.13-31-j26-1.3.H,Nürnberg Kriegerdenkmal,0,
13-31-j26-1,T0#6,53.T0.13-31-j26-1.3.H,Nürnberg Kriegerdenkmal,0,
13-31-j26-1,T0#6,54.T0.13-31-j26-1.9.H,Nürnberg Am Wegfeld,0,
13-31-j26-1,T0#6,55.T0.13-31-j26-1.2.H,Nürnberg Kriegerdenkmal,0,
13-31-j26-1,T0#6,56.T0.13-31-j26-1.2.H,Nürnberg Kriegerdenkmal,0,
13-31-j26-1,T0#6,57.T0.13-31-j26-1.2.H,Nürnberg Kriegerdenkmal,0,
13-31-j26-1,T0#6,58.T0.13-31-j26-1.2.H,Nürnberg Kriegerdenkmal,0,
13-31-j26-1,T0#6,59.T0.13-31-j26-1.2.H,Nürnberg Kriegerdenkmal,0,
13-31-j26-1,T0#6,6.T0.13-31-j26-1.7.H,Nürnberg Hansengarten,0,
13-31-j26-1,T0#6,60.T0.13-31-j26-1.2.H,Nürnberg Kriegerdenkmal,0,
13-31-j26-1,T0#6,61.T0.13-31-j26-1.5.R,Nürnberg Herrnhütte,1,
13-31-j26-1,T0#6,62.T0.13-31-j26-1.5.R,Nürnberg Herrnhütte,1,
13-31-j26-1,T0#6,63.T0.13-31-j26-1.17.R,Nürnberg Herrnhütte,1,
13-31-j26-1,T0#6,64.T0.13-31-j26-1.22.R,Nürnberg Herrnhütte,1,
13-31-j26-1,T0#6,65.T0.13-31-j26-1.17.R,Nürnberg Herrnhütte,1,
13-31-j26-1,T0#6,66.T0.13-31-j26-1.17.R,Nürnberg Herrnhütte,1,
13-31-j26-1,T0#6,67.T0.13-31-j26-1.17.R,Nürnberg Herrnhütte,1,
13-31-j26-1,T0+01,68.T0.13-31-j26-1.25.R,Nürnberg Am Wegfeld,1,
13-31-j26-1,T0#6,69.T0.13-31-j26-1.17.R,Nürnberg Herrnhütte,1,
13-31-j26-1,T0#6,7.T0.13-31-j26-1.7.H,Nürnberg Hansengarten,0,
13-31-j26-1,T0#6,70.T0.13-31-j26-1.17.R,Nürnberg Herrnhütte,1,
13-31-j26-1,T0#6,71.T0.13-31-j26-1.17.R,Nürnberg Herrnhütte,1,
13-31-j26-1,T0#6,72.T0.13-31-j26-1.17.R,Nürnberg Herrnhütte,1,
13-31-j26-1,T0#6,73.T0.13-31-j26-1.17.R,Nürnberg Herrnhütte,1,
13-31-j26-1,T0#6,74.T0.13-31-j26-1.5.R,Nürnberg Herrnhütte,1,
13-31-j26-1,T0#6,75.T0.13-31-j26-1.5.R,Nürnberg Herrnhütte,1,
13-31-j26-1,T0#6,76.T0.13-31-j26-1.5.R,Nürnberg Herrnhütte,1,
13-31-j26-1,T0#6,77.T0.13-31-j26-1.5.R,Nürnberg Herrnhütte,1,
13-31-j26-1,T0#6,78.T0.13-31-j26-1.17.R,Nürnberg Herrnhütte,1,
13-31-j26-1,T0#6,79.T0.13-31-j26-1.17.R,Nürnberg Herrnhütte,1,
13-31-j26-1,T0#6,8.T0.13-31-j26-1.7.H,Nürnberg Hansengarten,0,
13-31-j26-1,T0#6,80.T0.13-31-j26-1.17.R,Nürnberg Herrnhütte,1,
13-31-j26-1,T0+01,81.T0.13-31-j26-1.26.R,Nürnberg Großgründlach Nord,1,
13-31-j26-1,T0#6,82.T0.13-31-j26-1.17.R,Nürnberg Herrnhütte,1,
13-31-j26-1,T0+01,83.T0.13-31-j26-1.26.R,Nürnberg Großgründlach Nord,1,
13-31-j26-1,T0#6,84.T0.13-31-j26-1.27.R,Nürnberg Herrnhütte,1,
13-31-j26-1,T0#6,85.T0.13-31-j26-1.17.R,Nürnberg Herrnhütte,1,
13-31-j26-1,T0#6,86.T0.13-31-j26-1.17.R,Nürnberg Herrnhütte,1,
13-31-j26-1,T0#6,87.T0.13-31-j26-1.17.R,Nürnberg Herrnhütte,1,
13-31-j26-1,T0#6,88.T0.13-31-j26-1.17.R,Nürnberg Herrnhütte,1,
13-31-j26-1,T0#6,89.T0.13-31-j26-1.17.R,Nürnberg Herrnhütte,1,
13-31-j26-1,T0#6,9.T0.13-31-j26-1.7.H,Nürnberg Hansengarten,0,
13-31-j26-1,T0#6,90.T0.13-31-j26-1.17.R,Nürnberg Herrnhütte,1,
13-31-j26-1,T0#6,91.T0.13-31-j26-1.17.R,Nürnberg Herrnhütte,1,
13-31-j26-1,T0#6,92.T0.13-31-j26-1.17.R,Nürnberg Herrnhütte,1,
13-31-j26-1,T0#6,93.T0.13-31-j26-1.17.R,Nürnberg Herrnhütte,1,
13-31-j26-1,T0#6,94.T0.13-31-j26-1.17.R,Nürnberg Herrnhütte,1,
13-31-j26-1,T0#6,95.T0.13-31-j26-1.17.R,Nürnberg Herrnhütte,1,
13-31-j26-1,T0#6,96.T0.13-31-j26-1.17.R,Nürnberg Herrnhütte,1,
13-31-j26-1,T0#6,97.T0.13-31-j26-1.17.R,Nürnberg Herrnhütte,1,
13-31-j26-1,T0#6,98.T0.13-31-j26-1.17.R,Nürnberg Herrnhütte,1,
13-31-j26-1,T0#6,99.T0.13-31-j26-1.17.R,Nürnberg Herrnhütte,1,
13-32-j26-2,T0#14,1.T0.13-32-j26-2.1.H,Nürnberg Sieboldstr. Schleife,0,
13-32-j26-2,T0#14,10.T0.13-32-j26-2.1.H,Nürnberg Sieboldstr. Schleife,0,
13-32-j26-2,T0+01#2,11.T0.13-32-j26-2.2.H,Nürnberg Paul-Moor-Schule,0,
13-32-j26-2,T0+01#2,12.T0.13-32-j26-2.2.H,Nürnberg Paul-Moor-Schule,0,
13-32-j26-2,T0#14,13.T0.13-32-j26-2.1.H,Nürnberg Sieboldstr. Schleife,0,
13-32-j26-2,T0#14,14.T0.13-32-j26-2.1.H,Nürnberg Sieboldstr. Schleife,0,
13-32-j26-2,T0#14,15.T0.13-32-j26-2.1.H,Nürnberg Sieboldstr. Schleife,0,
13-32-j26-2,T0+01#2,16.T0.13-32-j26-2.1.H,Nürnberg Sieboldstr. Schleife,0,
13-32-j26-2,T0#14,17.T0.13-32-j26-2.1.H,Nürnberg Sieboldstr. Schleife,0,
13-32-j26-2,T0#14,18.T0.13-32-j26-2.1.H,Nürnberg Sieboldstr. Schleife,0,
13-32-j26-2,T0#14,19.T0.13-32-j26-2.1.H,Nürnberg Sieboldstr. Schleife,0,
13-32-j26-2,T0#14,2.T0.13-32-j26-2.1.H,Nürnberg Sieboldstr. Schleife,0,
13-32-j26-2,T0#14,20.T0.13-32-j26-2.1.H,Nürnberg Sieboldstr. Schleife,0,
13-32-j26-2,T0#14,21.T0.13-32-j26-2.1.H,Nürnberg Sieboldstr. Schleife,0,
13-32-j26-2,T0#14,22.T0.13-32-j26-2.1.H,Nürnberg Sieboldstr. Schleife,0,
13-32-j26-2,T0#14,23.T0.13-32-j26-2.1.H,Nürnberg Sieboldstr. Schleife,0,
13-32-j26-2,T0#14,24.T0.13-32-j26-2.1.H,Nürnberg Sieboldstr. Schleife,0,
13-32-j26-2,T0#14,25.T0.13-32-j26-2.1.H,Nürnberg Sieboldstr. Schleife,0,
13-32-j26-2,T0#14,26.T0.13-32-j26-2.1.H,Nürnberg Sieboldstr. Schleife,0,
13-32-j26-2,T0#14,27.T0.13-32-j26-2.1.H,Nürnberg Sieboldstr. Schleife,0,
13-32-j26-2,T0#14,28.T0.13-32-j26-2.1.H,Nürnberg Sieboldstr. Schleife,0,
13-32-j26-2,T0#14,29.T0.13-32-j26-2.1.H,Nürnberg Sieboldstr. Schleife,0,
13-32-j26-2,T0#14,3.T0.13-32-j26-2.1.H,Nürnberg Sieboldstr. Schleife,0,
13-32-j26-2,T0#14,30.T0.13-32-j26-2.1.H,Nürnberg Sieboldstr. Schleife,0,
13-32-j26-2,T0#14,31.T0.13-32-j26-2.1.H,Nürnberg Sieboldstr. Schleife,0,
13-32-j26-2,T0#14,32.T0.13-32-j26-2.1.H,Nürnberg Sieboldstr. Schleife,0,
13-32-j26-2,T0#14,33.T0.13-32-j26-2.1.H,Nürnberg Sieboldstr. Schleife,0,
13-32-j26-2,T0#14,34.T0.13-32-j26-2.1.H,Nürnberg Sieboldstr. Schleife,0,
13-32-j26-2,T0#14,35.T0.13-32-j26-2.1.H,Nürnberg Sieboldstr. Schleife,0,
13-32-j26-2,T0#14,36.T0.13-32-j26-2.1.H,Nürnberg Sieboldstr. Schleife,0,
13-32-j26-2,T0#14,37.T0.13-32-j26-2.1.H,Nürnberg Sieboldstr. Schleife,0,
13-32-j26-2,T0#14,38.T0.13-32-j26-2.1.H,Nürnberg Sieboldstr. Schleife,0,
13-32-j26-2,T0#14,39.T0.13-32-j26-2.1.H,Nürnberg Sieboldstr. Schleife,0,
13-32-j26-2,T0#14,4.T0.13-32-j26-2.1.H,Nürnberg Sieboldstr. Schleife,0,
13-32-j26-2,T0#14,40.T0.13-32-j26-2.3.R,Nürnberg Herrnhütte,1,
13-32-j26-2,T0#14,41.T0.13-32-j26-2.3.R,Nürnberg Herrnhütte,1,
13-32-j26-2,T0#14,42.T0.13-32-j26-2.3.R,Nürnberg Herrnhütte,1,
13-32-j26-2,T0#14,43.T0.13-32-j26-2.3.R,Nürnberg Herrnhütte,1,
13-32-j26-2,T0#14,44.T0.13-32-j26-2.3.R,Nürnberg Herrnhütte,1,
13-32-j26-2,T0#14,45.T0.13-32-j26-2.3.R,Nürnberg Herrnhütte,1,
13-32-j26-2,T0#14,46.T0.13-32-j26-2.3.R,Nürnberg Herrnhütte,1,
13-32-j26-2,T0#14,47.T0.13-32-j26-2.3.R,Nürnberg Herrnhütte,1,
13-32-j26-2,T0#14,48.T0.13-32-j26-2.3.R,Nürnberg Herrnhütte,1,
13-32-j26-2,T0#14,49.T0.13-32-j26-2.3.R,Nürnberg Herrnhütte,1,
13-32-j26-2,T0#14,5.T0.13-32-j26-2.1.H,Nürnberg Sieboldstr. Schleife,0,
13-32-j26-2,T0#14,50.T0.13-32-j26-2.3.R,Nürnberg Herrnhütte,1,
13-32-j26-2,T0#14,51.T0.13-32-j26-2.3.R,Nürnberg Herrnhütte,1,
13-32-j26-2,T0+01#2,52.T0.13-32-j26-2.4.R,Nürnberg Herrnhütte,1,
13-32-j26-2,T0+01#2,53.T0.13-32-j26-2.3.R,Nürnberg Herrnhütte,1,
13-32-j26-2,T0#14,54.T0.13-32-j26-2.3.R,Nürnberg Herrnhütte,1,
13-32-j26-2,T0#14,55.T0.13-32-j26-2.3.R,Nürnberg Herrnhütte,1,
13-32-j26-2,T0#14,56.T0.13-32-j26-2.3.R,Nürnberg Herrnhütte,1,
13-32-j26-2,T0+01#2,57.T0.13-32-j26-2.4.R,Nürnberg Herrnhütte,1,
13-32-j26-2,T0#14,58.T0.13-32-j26-2.3.R,Nürnberg Herrnhütte,1,
13-32-j26-2,T0#14,59.T0.13-32-j26-2.3.R,Nürnberg Herrnhütte,1,
13-32-j26-2,T0#14,6.T0.13-32-j26-2.1.H,Nürnberg Sieboldstr. Schleife,0,
13-32-j26-2,T0#14,60.T0.13-32-j26-2.3.R,Nürnberg Herrnhütte,1,
13-32-j26-2,T0#14,61.T0.13-32-j26-2.3.R,Nürnberg Herrnhütte,1,
13-32-j26-2,T0#14,62.T0.13-32-j26-2.3.R,Nürnberg Herrnhütte,1,
13-32-j26-2,T0#14,63.T0.13-32-j26-2.3.R,Nürnberg Herrnhütte,1,
13-32-j26-2,T0#14,64.T0.13-32-j26-2.3.R,Nürnberg Herrnhütte,1,
13-32-j26-2,T0#14,65.T0.13-32-j26-2.3.R,Nürnberg Herrnhütte,1,
13-32-j26-2,T0#14,66.T0.13-32-j26-2.3.R,Nürnberg Herrnhütte,1,
13-32-j26-2,T0#14,67.T0.13-32-j26-2.3.R,Nürnberg Herrnhütte,1,
13-32-j26-2,T0#14,68.T0.13-32-j26-2.3.R,Nürnberg Herrnhütte,1,
13-32-j26-2,T0#14,69.T0.13-32-j26-2.3.R,Nürnberg Herrnhütte,1,
13-32-j26-2,T0#14,7.T0.13-32-j26-2.1.H,Nürnberg Sieboldstr. Schleife,0,
13-32-j26-2,T0#14,70.T0.13-32-j26-2.3.R,Nürnberg Herrnhütte,1,
13-32-j26-2,T0#14,71.T0.13-32-j26-2.3.R,Nürnberg Herrnhütte,1,
13-32-j26-2,T0#14,72.T0.13-32-j26-2.3.R,Nürnberg Herrnhütte,1,
13-32-j26-2,T0#14,73.T0.13-32-j26-2.3.R,Nürnberg Herrnhütte,1,
13-32-j26-2,T0#14,74.T0.13-32-j26-2.3.R,Nürnberg Herrnhütte,1,
13-32-j26-2,T0#14,75.T0.13-32-j26-2.3.R,Nürnberg Herrnhütte,1,
13-32-j26-2,T0#14,76.T0.13-32-j26-2.3.R,Nürnberg Herrnhütte,1,
13-32-j26-2,T0#14,77.T0.13-32-j26-2.3.R,Nürnberg Herrnhütte,1,
13-32-j26-2,T0#14,8.T0.13-32-j26-2.1.H,Nürnberg Sieboldstr. Schleife,0,
13-32-j26-2,T0+01#2,9.T0.13-32-j26-2.2.H,Nürnberg Paul-Moor-Schule,0,
13-34-j26-1,T0#6,1.T0.13-34-j26-1.1.H,Nürnberg Friedrich-Ebert-Platz,0,
13-34-j26-1,T0#6,10.T0.13-34-j26-1.1.H,Nürnberg Friedrich-Ebert-Platz,0,
13-34-j26-1,T0#6,100.T0.13-34-j26-1.5.R,Nürnberg Plärrer,1,
13-34-j26-1,T0#6,101.T0.13-34-j26-1.5.R,Nürnberg Plärrer,1,
13-34-j26-1,T0#6,102.T0.13-34-j26-1.5.R,Nürnberg Plärrer,1,
13-34-j26-1,T0#6,103.T0.13-34-j26-1.5.R,Nürnberg Plärrer,1,
13-34-j26-1,T0#6,104.T0.13-34-j26-1.5.R,Nürnberg Plärrer,1,
13-34-j26-1,T0#6,105.T0.13-34-j26-1.5.R,Nürnberg Plärrer,1,
13-34-j26-1,T0#6,106.T0.13-34-j26-1.5.R,Nürnberg Plärrer,1,
13-34-j26-1,T0#6,107.T0.13-34-j26-1.5.R,Nürnberg Plärrer,1,
13-34-j26-1,T0#6,108.T0.13-34-j26-1.5.R,Nürnberg Plärrer,1,
13-34-j26-1,T0#6,109.T0.13-34-j26-1.5.R,Nürnberg Plärrer,1,
13-34-j26-1,T0#6,11.T0.13-34-j26-1.1.H,Nürnberg Friedrich-Ebert-Platz,0,
13-34-j26-1,T0#6,110.T0.13-34-j26-1.5.R,Nürnberg Plärrer,1,
13-34-j26-1,T0#6,111.T0.13-34-j26-1.5.R,Nürnberg Plärrer,1,
13-34-j26-1,T0#6,112.T0.13-34-j26-1.5.R,Nürnberg Plärrer,1,
13-34-j26-1,T0#6,113.T0.13-34-j26-1.5.R,Nürnberg Plärrer,1,
13-34-j26-1,T0#6,114.T0.13-34-j26-1.5.R,Nürnberg Plärrer,1,
13-34-j26-1,T0#6,115.T0.13-34-j26-1.5.R,Nürnberg Plärrer,1,
13-34-j26-1,T0#6,116.T0.13-34-j26-1.5.R,Nürnberg Plärrer,1,
13-34-j26-1,T0#6,117.T0.13-34-j26-1.5.R,Nürnberg Plärrer,1,
13-34-j26-1,T0#6,118.T0.13-34-j26-1.5.R,Nürnberg Plärrer,1,
13-34-j26-1,T0#6,119.T0.13-34-j26-1.5.R,Nürnberg Plärrer,1,
13-34-j26-1,T0#6,12.T0.13-34-j26-1.1.H,Nürnberg Friedrich-Ebert-Platz,0,
13-34-j26-1,T0#6,120.T0.13-34-j26-1.5.R,Nürnberg Plärrer,1,
13-34-j26-1,T0#6,121.T0.13-34-j26-1.5.R,Nürnberg Plärrer,1,
13-34-j26-1,T0#6,122.T0.13-34-j26-1.5.R,Nürnberg Plärrer,1,
13-34-j26-1,T0#6,123.T0.13-34-j26-1.5.R,Nürnberg Plärrer,1,
13-34-j26-1,T0#6,124.T0.13-34-j26-1.5.R,Nürnberg Plärrer,1,
13-34-j26-1,T0#6,125.T0.13-34-j26-1.5.R,Nürnberg Plärrer,1,
13-34-j26-1,T0#6,126.T0.13-34-j26-1.5.R,Nürnberg Plärrer,1,
13-34-j26-1,T0#6,127.T0.13-34-j26-1.5.R,Nürnberg Plärrer,1,
13-34-j26-1,T0#6,128.T0.13-34-j26-1.5.R,Nürnberg Plärrer,1,
13-34-j26-1,T0#6,129.T0.13-34-j26-1.5.R,Nürnberg Plärrer,1,
13-34-j26-1,T0#6,13.T0.13-34-j26-1.1.H,Nürnberg Friedrich-Ebert-Platz,0,
13-34-j26-1,T0#6,130.T0.13-34-j26-1.5.R,Nürnberg Plärrer,1,
13-34-j26-1,T0#6,131.T0.13-34-j26-1.5.R,Nürnberg Plärrer,1,
13-34-j26-1,T0#6,132.T0.13-34-j26-1.5.R,Nürnberg Plärrer,1,
13-34-j26-1,T0#6,133.T0.13-34-j26-1.5.R,Nürnberg Plärrer,1,
13-34-j26-1,T0#6,134.T0.13-34-j26-1.5.R,Nürnberg Plärrer,1,
13-34-j26-1,T0#6,135.T0.13-34-j26-1.5.R,Nürnberg Plärrer,1,
13-34-j26-1,T0#6,136.T0.13-34-j26-1.5.R,Nürnberg Plärrer,1,
13-34-j26-1,T0#6,137.T0.13-34-j26-1.5.R,Nürnberg Plärrer,1,
13-34-j26-1,T0#6,138.T0.13-34-j26-1.5.R,Nürnberg Plärrer,1,
13-34-j26-1,T0#6,139.T0.13-34-j26-1.5.R,Nürnberg Plärrer,1,
13-34-j26-1,T0#6,14.T0.13-34-j26-1.1.H,Nürnberg Friedrich-Ebert-Platz,0,
13-34-j26-1,T0#6,140.T0.13-34-j26-1.5.R,Nürnberg Plärrer,1,
13-34-j26-1,T0#6,141.T0.13-34-j26-1.5.R,Nürnberg Plärrer,1,
13-34-j26-1,T0#6,142.T0.13-34-j26-1.5.R,Nürnberg Plärrer,1,
13-34-j26-1,T0#6,143.T0.13-34-j26-1.5.R,Nürnberg Plärrer,1,
13-34-j26-1,T0#6,144.T0.13-34-j26-1.5.R,Nürnberg Plärrer,1,
13-34-j26-1,T0#6,145.T0.13-34-j26-1.5.R,Nürnberg Plärrer,1,
13-34-j26-1,T0#6,146.T0.13-34-j26-1.5.R,Nürnberg Plärrer,1,
13-34-j26-1,T0#6,147.T0.13-34-j26-1.5.R,Nürnberg Plärrer,1,
13-34-j26-1,T0#6,148.T0.13-34-j26-1.5.R,Nürnberg Plärrer,1,
13-34-j26-1,T0#6,149.T0.13-34-j26-1.5.R,Nürnberg Plärrer,1,
13-34-j26-1,T0#6,15.T0.13-34-j26-1.1.H,Nürnberg Friedrich-Ebert-Platz,0,
13-34-j26-1,T0#6,150.T0.13-34-j26-1.5.R,Nürnberg Plärrer,1,
13-34-j26-1,T0#6,151.T0.13-34-j26-1.5.R,Nürnberg Plärrer,1,
13-34-j26-1,T0#6,152.T0.13-34-j26-1.5.R,Nürnberg Plärrer,1,
13-34-j26-1,T0#6,153.T0.13-34-j26-1.5.R,Nürnberg Plärrer,1,
13-34-j26-1,T0#6,154.T0.13-34-j26-1.5.R,Nürnberg Plärrer,1,
13-34-j26-1,T0#6,16.T0.13-34-j26-1.1.H,Nürnberg Friedrich-Ebert-Platz,0,
13-34-j26-1,T0#6,17.T0.13-34-j26-1.1.H,Nürnberg Friedrich-Ebert-Platz,0,
13-34-j26-1,T0#6,18.T0.13-34-j26-1.1.H,Nürnberg Friedrich-Ebert-Platz,0,
13-34-j26-1,T0#6,19.T0.13-34-j26-1.1.H,Nürnberg Friedrich-Ebert-Platz,0,
13-34-j26-1,T0#6,2.T0.13-34-j26-1.1.H,Nürnberg Friedrich-Ebert-Platz,0,
13-34-j26-1,T0#6,20.T0.13-34-j26-1.1.H,Nürnberg Friedrich-Ebert-Platz,0,
13-34-j26-1,T0#6,21.T0.13-34-j26-1.1.H,Nürnberg Friedrich-Ebert-Platz,0,
13-34-j26-1,T0#6,22.T0.13-34-j26-1.1.H,Nürnberg Friedrich-Ebert-Platz,0,
13-34-j26-1,T0#6,23.T0.13-34-j26-1.1.H,Nürnberg Friedrich-Ebert-Platz,0,
13-34-j26-1,T0#6,24.T0.13-34-j26-1.1.H,Nürnberg Friedrich-Ebert-Platz,0,
13-34-j26-1,T0#6,25.T0.13-34-j26-1.1.H,Nürnberg Friedrich-Ebert-Platz,0,
13-34-j26-1,T0#6,26.T0.13-34-j26-1.1.H,Nürnberg Friedrich-Ebert-Platz,0,
13-34-j26-1,T0#6,27.T0.13-34-j26-1.1.H,Nürnberg Friedrich-Ebert-Platz,0,
13-34-j26-1,T0#6,28.T0.13-34-j26-1.1.H,Nürnberg Friedrich-Ebert-Platz,0,
13-34-j26-1,T0#6,29.T0.13-34-j26-1.1.H,Nürnberg Friedrich-Ebert-Platz,0,
13-34-j26-1,T0#6,3.T0.13-34-j26-1.1.H,Nürnberg Friedrich-Ebert-Platz,0,
13-34-j26-1,T0#6,30.T0.13-34-j26-1.1.H,Nürnberg Friedrich-Ebert-Platz,0,
13-34-j26-1,T0#6,31.T0.13-34-j26-1.1.H,Nürnberg Friedrich-Ebert-Platz,0,
13-34-j26-1,T0#6,32.T0.13-34-j26-1.1.H,Nürnberg Friedrich-Ebert-Platz,0,
13-34-j26-1,T0#6,33.T0.13-34-j26-1.1.H,Nürnberg Friedrich-Ebert-Platz,0,
13-34-j26-1,T0#6,34.T0.13-34-j26-1.1.H,Nürnberg Friedrich-Ebert-Platz,0,
13-34-j26-1,T0#6,35.T0.13-34-j26-1.1.H,Nürnberg Friedrich-Ebert-Platz,0,
13-34-j26-1,T0#6,36.T0.13-34-j26-1.1.H,Nürnberg Friedrich-Ebert-Platz,0,
13-34-j26-1,T0#6,37.T0.13-34-j26-1.1.H,Nürnberg Friedrich-Ebert-Platz,0,
13-34-j26-1,T0#6,38.T0.13-34-j26-1.1.H,Nürnberg Friedrich-Ebert-Platz,0,
13-34-j26-1,T0#6,39.T0.13-34-j26-1.1.H,Nürnberg Friedrich-Ebert-Platz,0,
13-34-j26-1,T0#6,4.T0.13-34-j26-1.1.H,Nürnberg Friedrich-Ebert-Platz,0,
13-34-j26-1,T0#6,40.T0.13-34-j26-1.1.H,Nürnberg Friedrich-Ebert-Platz,0,
13-34-j26-1,T0#6,41.T0.13-34-j26-1.1.H,Nürnberg Friedrich-Ebert-Platz,0,
13-34-j26-1,T0#6,42.T0.13-34-j26-1.1.H,Nürnberg Friedrich-Ebert-Platz,0,
13-34-j26-1,T0#6,43.T0.13-34-j26-1.1.H,Nürnberg Friedrich-Ebert-Platz,0,
13-34-j26-1,T0#6,44.T0.13-34-j26-1.1.H,Nürnberg Friedrich-Ebert-Platz,0,
13-34-j26-1,T0#6,45.T0.13-34-j26-1.1.H,Nürnberg Friedrich-Ebert-Platz,0,
13-34-j26-1,T0#6,46.T0.13-34-j26-1.1.H,Nürnberg Friedrich-Ebert-Platz,0,
13-34-j26-1,T0#6,47.T0.13-34-j26-1.1.H,Nürnberg Friedrich-Ebert-Platz,0,
13-34-j26-1,T0#6,48.T0.13-34-j26-1.1.H,Nürnberg Friedrich-Ebert-Platz,0,
13-34-j26-1,T0#6,49.T0.13-34-j26-1.1.H,Nürnberg Friedrich-Ebert-Platz,0,
13-34-j26-1,T0#6,5.T0.13-34-j26-1.1.H,Nürnberg Friedrich-Ebert-Platz,0,
13-34-j26-1,T0#6,50.T0.13-34-j26-1.1.H,Nürnberg Friedrich-Ebert-Platz,0,
13-34-j26-1,T0#6,51.T0.13-34-j26-1.1.H,Nürnberg Friedrich-Ebert-Platz,0,
13-34-j26-1,T0#6,52.T0.13-34-j26-1.1.H,Nürnberg Friedrich-Ebert-Platz,0,
13-34-j26-1,T0#6,53.T0.13-34-j26-1.1.H,Nürnberg Friedrich-Ebert-Platz,0,
13-34-j26-1,T0#6,54.T0.13-34-j26-1.1.H,Nürnberg Friedrich-Ebert-Platz,0,
13-34-j26-1,T0#6,55.T0.13-34-j26-1.1.H,Nürnberg Friedrich-Ebert-Platz,0,
13-34-j26-1,T0#6,56.T0.13-34-j26-1.1.H,Nürnberg Friedrich-Ebert-Platz,0,
13-34-j26-1,T0#6,57.T0.13-34-j26-1.1.H,Nürnberg Friedrich-Ebert-Platz,0,
13-34-j26-1,T0#6,58.T0.13-34-j26-1.1.H,Nürnberg Friedrich-Ebert-Platz,0,
13-34-j26-1,T0#6,59.T0.13-34-j26-1.1.H,Nürnberg Friedrich-Ebert-Platz,0,
13-34-j26-1,T0#6,6.T0.13-34-j26-1.1.H,Nürnberg Friedrich-Ebert-Platz,0,
13-34-j26-1,T0#6,60.T0.13-34-j26-1.1.H,Nürnberg Friedrich-Ebert-Platz,0,
13-34-j26-1,T0#6,61.T0.13-34-j26-1.1.H,Nürnberg Friedrich-Ebert-Platz,0,
13-34-j26-1,T0#6,62.T0.13-34-j26-1.1.H,Nürnberg Friedrich-Ebert-Platz,0,
13-34-j26-1,T0#6,63.T0.13-34-j26-1.1.H,Nürnberg Friedrich-Ebert-Platz,0,
13-34-j26-1,T0#6,64.T0.13-34-j26-1.1.H,Nürnberg Friedrich-Ebert-Platz,0,
13-34-j26-1,T0#6,65.T0.13-34-j26-1.1.H,Nürnberg Friedrich-Ebert-Platz,0,
13-34-j26-1,T0#6,66.T0.13-34-j26-1.1.H,Nürnberg Friedrich-Ebert-Platz,0,
13-34-j26-1,T0#6,67.T0.13-34-j26-1.1.H,Nürnberg Friedrich-Ebert-Platz,0,
13-34-j26-1,T0#6,68.T0.13-34-j26-1.1.H,Nürnberg Friedrich-Ebert-Platz,0,
13-34-j26-1,T0#6,69.T0.13-34-j26-1.1.H,Nürnberg Friedrich-Ebert-Platz,0,
13-34-j26-1,T0#6,7.T0.13-34-j26-1.1.H,Nürnberg Friedrich-Ebert-Platz,0,
13-34-j26-1,T0#6,70.T0.13-34-j26-1.1.H,Nürnberg Friedrich-Ebert-Platz,0,
13-34-j26-1,T0#6,71.T0.13-34-j26-1.1.H,Nürnberg Friedrich-Ebert-Platz,0,
13-34-j26-1,T0#6,72.T0.13-34-j26-1.1.H,Nürnberg Friedrich-Ebert-Platz,0,
13-34-j26-1,T0#6,73.T0.13-34-j26-1.1.H,Nürnberg Friedrich-Ebert-Platz,0,
13-34-j26-1,T0#6,74.T0.13-34-j26-1.1.H,Nürnberg Friedrich-Ebert-Platz,0,
13-34-j26-1,T0#6,75.T0.13-34-j26-1.1.H,Nürnberg Friedrich-Ebert-Platz,0,
13-34-j26-1,T0#6,76.T0.13-34-j26-1.1.H,Nürnberg Friedrich-Ebert-Platz,0,
13-34-j26-1,T0#6,77.T0.13-34-j26-1.1.H,Nürnberg Friedrich-Ebert-Platz,0,
13-34-j26-1,T0#6,78.T0.13-34-j26-1.5.R,Nürnberg Plärrer,1,
13-34-j26-1,T0#6,79.T0.13-34-j26-1.5.R,Nürnberg Plärrer,1,
13-34-j26-1,T0#6,8.T0.13-34-j26-1.1.H,Nürnberg Friedrich-Ebert-Platz,0,
13-34-j26-1,T0#6,80.T0.13-34-j26-1.5.R,Nürnberg Plärrer,1,
13-34-j26-1,T0#6,81.T0.13-34-j26-1.5.R,Nürnberg Plärrer,1,
13-34-j26-1,T0#6,82.T0.13-34-j26-1.5.R,Nürnberg Plärrer,1,
13-34-j26-1,T0#6,83.T0.13-34-j26-1.5.R,Nürnberg Plärrer,1,
13-34-j26-1,T0#6,84.T0.13-34-j26-1.5.R,Nürnberg Plärrer,1,
13-34-j26-1,T0#6,85.T0.13-34-j26-1.5.R,Nürnberg Plärrer,1,
13-34-j26-1,T0#6,86.T0.13-34-j26-1.5.R,Nürnberg Plärrer,1,
13-34-j26-1,T0#6,87.T0.13-34-j26-1.5.R,Nürnberg Plärrer,1,
13-34-j26-1,T0#6,88.T0.13-34-j26-1.5.R,Nürnberg Plärrer,1,
13-34-j26-1,T0#6,89.T0.13-34-j26-1.5.R,Nürnberg Plärrer,1,
13-34-j26-1,T0#6,9.T0.13-34-j26-1.1.H,Nürnberg Friedrich-Ebert-Platz,0,
13-34-j26-1,T0#6,90.T0.13-34-j26-1.5.R,Nürnberg Plärrer,1,
13-34-j26-1,T0#6,91.T0.13-34-j26-1.5.R,Nürnberg Plärrer,1,
13-34-j26-1,T0#6,92.T0.13-34-j26-1.5.R,Nürnberg Plärrer,1,
13-34-j26-1,T0#6,93.T0.13-34-j26-1.5.R,Nürnberg Plärrer,1,
13-34-j26-1,T0#6,94.T0.13-34-j26-1.5.R,Nürnberg Plärrer,1,
13-34-j26-1,T0#6,95.T0.13-34-j26-1.5.R,Nürnberg Plärrer,1,
13-34-j26-1,T0#6,96.T0.13-34-j26-1.5.R,Nürnberg Plärrer,1,
13-34-j26-1,T0#6,97.T0.13-34-j26-1.5.R,Nürnberg Plärrer,1,
13-34-j26-1,T0#6,98.T0.13-34-j26-1.5.R,Nürnberg Plärrer,1,
13-34-j26-1,T0#6,99.T0.13-34-j26-1.5.R,Nürnberg Plärrer,1,
13-35-j26-1,T0#6,1.T0.13-35-j26-1.1.H,Nürnberg Rollnerstr./Nordring,0,
13-35-j26-1,T0#6,10.T0.13-35-j26-1.3.H,"Nürnberg, Nordostbahnhof",0,
13-35-j26-1,T0#6,100.T0.13-35-j26-1.4.R,Nürnberg Röthenbach,1,
13-35-j26-1,T0#6,101.T0.13-35-j26-1.4.R,Nürnberg Röthenbach,1,
13-35-j26-1,T0#6,102.T0.13-35-j26-1.4.R,Nürnberg Röthenbach,1,
13-35-j26-1,T0#6,103.T0.13-35-j26-1.4.R,Nürnberg Röthenbach,1,
13-35-j26-1,T0#6,104.T0.13-35-j26-1.4.R,Nürnberg Röthenbach,1,
13-35-j26-1,T0#6,105.T0.13-35-j26-1.4.R,Nürnberg Röthenbach,1,
13-35-j26-1,T0#6,106.T0.13-35-j26-1.4.R,Nürnberg Röthenbach,1,
13-35-j26-1,T0#6,107.T0.13-35-j26-1.4.R,Nürnberg Röthenbach,1,
13-35-j26-1,T0#6,108.T0.13-35-j26-1.4.R,Nürnberg Röthenbach,1,
13-35-j26-1,T0#6,109.T0.13-35-j26-1.4.R,Nürnberg Röthenbach,1,
13-35-j26-1,T0#6,11.T0.13-35-j26-1.3.H,"Nürnberg, Nordostbahnhof",0,
13-35-j26-1,T0#6,110.T0.13-35-j26-1.4.R,Nürnberg Röthenbach,1,
13-35-j26-1,T0#6,111.T0.13-35-j26-1.4.R,Nürnberg Röthenbach,1,
13-35-j26-1,T0#6,112.T0.13-35-j26-1.4.R,Nürnberg Röthenbach,1,
13-35-j26-1,T0#6,113.T0.13-35-j26-1.4.R,Nürnberg Röthenbach,1,
13-35-j26-1,T0#6,114.T0.13-35-j26-1.4.R,Nürnberg Röthenbach,1,
13-35-j26-1,T0#6,115.T0.13-35-j26-1.4.R,Nürnberg Röthenbach,1,
13-35-j26-1,T0#6,116.T0.13-35-j26-1.4.R,Nürnberg Röthenbach,1,
13-35-j26-1,T0#6,117.T0.13-35-j26-1.4.R,Nürnberg Röthenbach,1,
13-35-j26-1,T0#6,118.T0.13-35-j26-1.4.R,Nürnberg Röthenbach,1,
13-35-j26-1,T0#6,119.T0.13-35-j26-1.4.R,Nürnberg Röthenbach,1,
13-35-j26-1,T0#6,12.T0.13-35-j26-1.3.H,"Nürnberg, Nordostbahnhof",0,
13-35-j26-1,T0#6,120.T0.13-35-j26-1.4.R,Nürnberg Röthenbach,1,
13-35-j26-1,T0#6,121.T0.13-35-j26-1.4.R,Nürnberg Röthenbach,1,
13-35-j26-1,T0#6,122.T0.13-35-j26-1.4.R,Nürnberg Röthenbach,1,
13-35-j26-1,T0#6,123.T0.13-35-j26-1.4.R,Nürnberg Röthenbach,1,
13-35-j26-1,T0#6,124.T0.13-35-j26-1.4.R,Nürnberg Röthenbach,1,
13-35-j26-1,T0#6,125.T0.13-35-j26-1.4.R,Nürnberg Röthenbach,1,
13-35-j26-1,T0#6,126.T0.13-35-j26-1.4.R,Nürnberg Röthenbach,1,
13-35-j26-1,T0#6,127.T0.13-35-j26-1.4.R,Nürnberg Röthenbach,1,
13-35-j26-1,T0#6,128.T0.13-35-j26-1.4.R,Nürnberg Röthenbach,1,
13-35-j26-1,T0#6,129.T0.13-35-j26-1.4.R,Nürnberg Röthenbach,1,
13-35-j26-1,T0#6,13.T0.13-35-j26-1.3.H,"Nürnberg, Nordostbahnhof",0,
13-35-j26-1,T0#6,130.T0.13-35-j26-1.4.R,Nürnberg Röthenbach,1,
13-35-j26-1,T0#6,131.T0.13-35-j26-1.4.R,Nürnberg Röthenbach,1,
13-35-j26-1,T0#6,132.T0.13-35-j26-1.4.R,Nürnberg Röthenbach,1,
13-35-j26-1,T0#6,133.T0.13-35-j26-1.4.R,Nürnberg Röthenbach,1,
13-35-j26-1,T0#6,134.T0.13-35-j26-1.4.R,Nürnberg Röthenbach,1,
13-35-j26-1,T0#6,135.T0.13-35-j26-1.4.R,Nürnberg Röthenbach,1,
13-35-j26-1,T0#6,136.T0.13-35-j26-1.4.R,Nürnberg Röthenbach,1,
13-35-j26-1,T0#6,137.T0.13-35-j26-1.4.R,Nürnberg Röthenbach,1,
13-35-j26-1,T0#6,138.T0.13-35-j26-1.4.R,Nürnberg Röthenbach,1,
13-35-j26-1,T0#6,139.T0.13-35-j26-1.4.R,Nürnberg Röthenbach,1,
13-35-j26-1,T0#6,14.T0.13-35-j26-1.3.H,"Nürnberg, Nordostbahnhof",0,
13-35-j26-1,T0#6,140.T0.13-35-j26-1.4.R,Nürnberg Röthenbach,1,
13-35-j26-1,T0#6,141.T0.13-35-j26-1.4.R,Nürnberg Röthenbach,1,
13-35-j26-1,T0#6,142.T0.13-35-j26-1.4.R,Nürnberg Röthenbach,1,
13-35-j26-1,T0#6,143.T0.13-35-j26-1.4.R,Nürnberg Röthenbach,1,
13-35-j26-1,T0#6,144.T0.13-35-j26-1.4.R,Nürnberg Röthenbach,1,
13-35-j26-1,T0#6,145.T0.13-35-j26-1.4.R,Nürnberg Röthenbach,1,
13-35-j26-1,T0#6,146.T0.13-35-j26-1.4.R,Nürnberg Röthenbach,1,
13-35-j26-1,T0#6,147.T0.13-35-j26-1.4.R,Nürnberg Röthenbach,1,
13-35-j26-1,T0#6,148.T0.13-35-j26-1.4.R,Nürnberg Röthenbach,1,
13-35-j26-1,T0#6,149.T0.13-35-j26-1.4.R,Nürnberg Röthenbach,1,
13-35-j26-1,T0#6,15.T0.13-35-j26-1.3.H,"Nürnberg, Nordostbahnhof",0,
13-35-j26-1,T0#6,150.T0.13-35-j26-1.4.R,Nürnberg Röthenbach,1,
13-35-j26-1,T0#6,151.T0.13-35-j26-1.4.R,Nürnberg Röthenbach,1,
13-35-j26-1,T0#6,152.T0.13-35-j26-1.4.R,Nürnberg Röthenbach,1,
13-35-j26-1,T0#6,153.T0.13-35-j26-1.4.R,Nürnberg Röthenbach,1,
13-35-j26-1,T0#6,154.T0.13-35-j26-1.4.R,Nürnberg Röthenbach,1,
13-35-j26-1,T0#6,155.T0.13-35-j26-1.4.R,Nürnberg Röthenbach,1,
13-35-j26-1,T0#6,156.T0.13-35-j26-1.4.R,Nürnberg Röthenbach,1,
13-35-j26-1,T0#6,157.T0.13-35-j26-1.4.R,Nürnberg Röthenbach,1,
13-35-j26-1,T0#6,158.T0.13-35-j26-1.4.R,Nürnberg Röthenbach,1,
13-35-j26-1,T0#6,159.T0.13-35-j26-1.4.R,Nürnberg Röthenbach,1,
13-35-j26-1,T0#6,16.T0.13-35-j26-1.3.H,"Nürnberg, Nordostbahnhof",0,
13-35-j26-1,T0#6,160.T0.13-35-j26-1.4.R,Nürnberg Röthenbach,1,
13-35-j26-1,T0#6,161.T0.13-35-j26-1.4.R,Nürnberg Röthenbach,1,
13-35-j26-1,T0#6,162.T0.13-35-j26-1.4.R,Nürnberg Röthenbach,1,
13-35-j26-1,T0#6,163.T0.13-35-j26-1.4.R,Nürnberg Röthenbach,1,
13-35-j26-1,T0#6,164.T0.13-35-j26-1.4.R,Nürnberg Röthenbach,1,
13-35-j26-1,T0#6,165.T0.13-35-j26-1.4.R,Nürnberg Röthenbach,1,
13-35-j26-1,T0#6,166.T0.13-35-j26-1.4.R,Nürnberg Röthenbach,1,
13-35-j26-1,T0#6,167.T0.13-35-j26-1.4.R,Nürnberg Röthenbach,1,
13-35-j26-1,T0#6,168.T0.13-35-j26-1.4.R,Nürnberg Röthenbach,1,
13-35-j26-1,T0#6,169.T0.13-35-j26-1.4.R,Nürnberg Röthenbach,1,
13-35-j26-1,T0#6,17.T0.13-35-j26-1.3.H,"Nürnberg, Nordostbahnhof",0,
13-35-j26-1,T0#6,170.T0.13-35-j26-1.4.R,Nürnberg Röthenbach,1,
13-35-j26-1,T0#6,171.T0.13-35-j26-1.4.R,Nürnberg Röthenbach,1,
13-35-j26-1,T0#6,172.T0.13-35-j26-1.4.R,Nürnberg Röthenbach,1,
13-35-j26-1,T0#6,173.T0.13-35-j26-1.4.R,Nürnberg Röthenbach,1,
13-35-j26-1,T0#6,174.T0.13-35-j26-1.4.R,Nürnberg Röthenbach,1,
13-35-j26-1,T0#6,175.T0.13-35-j26-1.4.R,Nürnberg Röthenbach,1,
13-35-j26-1,T0#6,176.T0.13-35-j26-1.4.R,Nürnberg Röthenbach,1,
13-35-j26-1,T0#6,177.T0.13-35-j26-1.4.R,Nürnberg Röthenbach,1,
13-35-j26-1,T0#6,178.T0.13-35-j26-1.4.R,Nürnberg Röthenbach,1,
13-35-j26-1,T0#6,179.T0.13-35-j26-1.4.R,Nürnberg Röthenbach,1,
13-35-j26-1,T0#6,18.T0.13-35-j26-1.3.H,"Nürnberg, Nordostbahnhof",0,
13-35-j26-1,T0#6,180.T0.13-35-j26-1.4.R,Nürnberg Röthenbach,1,
13-35-j26-1,T0#6,181.T0.13-35-j26-1.4.R,Nürnberg Röthenbach,1,
13-35-j26-1,T0#6,182.T0.13-35-j26-1.4.R,Nürnberg Röthenbach,1,
13-35-j26-1,T0#6,183.T0.13-35-j26-1.4.R,Nürnberg Röthenbach,1,
13-35-j26-1,T0#6,184.T0.13-35-j26-1.4.R,Nürnberg Röthenbach,1,
13-35-j26-1,T0#6,185.T0.13-35-j26-1.4.R,Nürnberg Röthenbach,1,
13-35-j26-1,T0#6,186.T0.13-35-j26-1.4.R,Nürnberg Röthenbach,1,
13-35-j26-1,T0#6,187.T0.13-35-j26-1.4.R,Nürnberg Röthenbach,1,
13-35-j26-1,T0#6,188.T0.13-35-j26-1.4.R,Nürnberg Röthenbach,1,
13-35-j26-1,T0#6,189.T0.13-35-j26-1.4.R,Nürnberg Röthenbach,1,
13-35-j26-1,T0#6,19.T0.13-35-j26-1.3.H,"Nürnberg, Nordostbahnhof",0,
13-35-j26-1,T0#6,190.T0.13-35-j26-1.4.R,Nürnberg Röthenbach,1,
13-35-j26-1,T0#6,191.T0.13-35-j26-1.4.R,Nürnberg Röthenbach,1,
13-35-j26-1,T0#6,192.T0.13-35-j26-1.4.R,Nürnberg Röthenbach,1,
13-35-j26-1,T0#6,193.T0.13-35-j26-1.4.R,Nürnberg Röthenbach,1,
13-35-j26-1,T0#6,194.T0.13-35-j26-1.4.R,Nürnberg Röthenbach,1,
13-35-j26-1,T0#6,195.T0.13-35-j26-1.4.R,Nürnberg Röthenbach,1,
13-35-j26-1,T0#6,196.T0.13-35-j26-1.4.R,Nürnberg Röthenbach,1,
13-35-j26-1,T0#6,197.T0.13-35-j26-1.4.R,Nürnberg Röthenbach,1,
13-35-j26-1,T0#6,198.T0.13-35-j26-1.4.R,Nürnberg Röthenbach,1,
13-35-j26-1,T0#6,2.T0.13-35-j26-1.2.H,"Nürnberg, Nordostbahnhof",0,
13-35-j26-1,T0#6,20.T0.13-35-j26-1.3.H,"Nürnberg, Nordostbahnhof",0,
13-35-j26-1,T0#6,21.T0.13-35-j26-1.3.H,"Nürnberg, Nordostbahnhof",0,
13-35-j26-1,T0#6,22.T0.13-35-j26-1.3.H,"Nürnberg, Nordostbahnhof",0,
13-35-j26-1,T0#6,23.T0.13-35-j26-1.3.H,"Nürnberg, Nordostbahnhof",0,
13-35-j26-1,T0#6,24.T0.13-35-j26-1.3.H,"Nürnberg, Nordostbahnhof",0,
13-35-j26-1,T0#6,25.T0.13-35-j26-1.3.H,"Nürnberg, Nordostbahnhof",0,
13-35-j26-1,T0#6,26.T0.13-35-j26-1.3.H,"Nürnberg, Nordostbahnhof",0,
13-35-j26-1,T0#6,27.T0.13-35-j26-1.3.H,"Nürnberg, Nordostbahnhof",0,
13-35-j26-1,T0#6,28.T0.13-35-j26-1.3.H,"Nürnberg, Nordostbahnhof",0,
13-35-j26-1,T0#6,29.T0.13-35-j26-1.3.H,"Nürnberg, Nordostbahnhof",0,
13-35-j26-1,T0#6,3.T0.13-35-j26-1.3.H,"Nürnberg, Nordostbahnhof",0,
13-35-j26-1,T0#6,30.T0.13-35-j26-1.3.H,"Nürnberg, Nordostbahnhof",0,
13-35-j26-1,T0#6,31.T0.13-35-j26-1.3.H,"Nürnberg, Nordostbahnhof",0,
13-35-j26-1,T0#6,32.T0.13-35-j26-1.3.H,"Nürnberg, Nordostbahnhof",0,
13-35-j26-1,T0#6,33.T0.13-35-j26-1.3.H,"Nürnberg, Nordostbahnhof",0,
13-35-j26-1,T0#6,34.T0.13-35-j26-1.3.H,"Nürnberg, Nordostbahnhof",0,
13-35-j26-1,T0#6,35.T0.13-35-j26-1.3.H,"Nürnberg, Nordostbahnhof",0,
13-35-j26-1,T0#6,36.T0.13-35-j26-1.3.H,"Nürnberg, Nordostbahnhof",0,
13-35-j26-1,T0#6,37.T0.13-35-j26-1.3.H,"Nürnberg, Nordostbahnhof",0,
13-35-j26-1,T0#6,38.T0.13-35-j26-1.3.H,"Nürnberg, Nordostbahnhof",0,
13-35-j26-1,T0#6,39.T0.13-35-j26-1.3.H,"Nürnberg, Nordostbahnhof",0,
13-35-j26-1,T0#6,4.T0.13-35-j26-1.3.H,"Nürnberg, Nordostbahnhof",0,
13-35-j26-1,T0#6,40.T0.13-35-j26-1.3.H,"Nürnberg, Nordostbahnhof",0,
13-35-j26-1,T0#6,41.T0.13-35-j26-1.3.H,"Nürnberg, Nordostbahnhof",0,
13-35-j26-1,T0#6,42.T0.13-35-j26-1.3.H,"Nürnberg, Nordostbahnhof",0,
13-35-j26-1,T0#6,43.T0.13-35-j26-1.3.H,"Nürnberg, Nordostbahnhof",0,
13-35-j26-1,T0#6,44.T0.13-35-j26-1.3.H,"Nürnberg, Nordostbahnhof",0,
13-35-j26-1,T0#6,45.T0.13-35-j26-1.3.H,"Nürnberg, Nordostbahnhof",0,
13-35-j26-1,T0#6,46.T0.13-35-j26-1.3.H,"Nürnberg, Nordostbahnhof",0,
13-35-j26-1,T0#6,47.T0.13-35-j26-1.3.H,"Nürnberg, Nordostbahnhof",0,
13-35-j26-1,T0#6,48.T0.13-35-j26-1.3.H,"Nürnberg, Nordostbahnhof",0,
13-35-j26-1,T0#6,49.T0.13-35-j26-1.3.H,"Nürnberg, Nordostbahnhof",0,
13-35-j26-1,T0#6,5.T0.13-35-j26-1.3.H,"Nürnberg, Nordostbahnhof",0,
13-35-j26-1,T0#6,50.T0.13-35-j26-1.3.H,"Nürnberg, Nordostbahnhof",0,
13-35-j26-1,T0#6,51.T0.13-35-j26-1.3.H,"Nürnberg, Nordostbahnhof",0,
13-35-j26-1,T0#6,52.T0.13-35-j26-1.3.H,"Nürnberg, Nordostbahnhof",0,
13-35-j26-1,T0#6,53.T0.13-35-j26-1.3.H,"Nürnberg, Nordostbahnhof",0,
13-35-j26-1,T0#6,54.T0.13-35-j26-1.3.H,"Nürnberg, Nordostbahnhof",0,
13-35-j26-1,T0#6,55.T0.13-35-j26-1.3.H,"Nürnberg, Nordostbahnhof",0,
13-35-j26-1,T0#6,56.T0.13-35-j26-1.3.H,"Nürnberg, Nordostbahnhof",0,
13-35-j26-1,T0#6,57.T0.13-35-j26-1.3.H,"Nürnberg, Nordostbahnhof",0,
13-35-j26-1,T0#6,58.T0.13-35-j26-1.3.H,"Nürnberg, Nordostbahnhof",0,
13-35-j26-1,T0#6,59.T0.13-35-j26-1.3.H,"Nürnberg, Nordostbahnhof",0,
13-35-j26-1,T0#6,6.T0.13-35-j26-1.3.H,"Nürnberg, Nordostbahnhof",0,
13-35-j26-1,T0#6,60.T0.13-35-j26-1.3.H,"Nürnberg, Nordostbahnhof",0,
13-35-j26-1,T0#6,61.T0.13-35-j26-1.3.H,"Nürnberg, Nordostbahnhof",0,
13-35-j26-1,T0#6,62.T0.13-35-j26-1.3.H,"Nürnberg, Nordostbahnhof",0,
13-35-j26-1,T0#6,63.T0.13-35-j26-1.3.H,"Nürnberg, Nordostbahnhof",0,
13-35-j26-1,T0#6,64.T0.13-35-j26-1.3.H,"Nürnberg, Nordostbahnhof",0,
13-35-j26-1,T0#6,65.T0.13-35-j26-1.3.H,"Nürnberg, Nordostbahnhof",0,
13-35-j26-1,T0#6,66.T0.13-35-j26-1.3.H,"Nürnberg, Nordostbahnhof",0,
13-35-j26-1,T0#6,67.T0.13-35-j26-1.3.H,"Nürnberg, Nordostbahnhof",0,
13-35-j26-1,T0#6,68.T0.13-35-j26-1.3.H,"Nürnberg, Nordostbahnhof",0,
13-35-j26-1,T0#6,69.T0.13-35-j26-1.3.H,"Nürnberg, Nordostbahnhof",0,
13-35-j26-1,T0#6,7.T0.13-35-j26-1.3.H,"Nürnberg, Nordostbahnhof",0,
13-35-j26-1,T0#6,70.T0.13-35-j26-1.3.H,"Nürnberg, Nordostbahnhof",0,
13-35-j26-1,T0#6,71.T0.13-35-j26-1.3.H,"Nürnberg, Nordostbahnhof",0,
13-35-j26-1,T0#6,72.T0.13-35-j26-1.3.H,"Nürnberg, Nordostbahnhof",0,
13-35-j26-1,T0#6,73.T0.13-35-j26-1.3.H,"Nürnberg, Nordostbahnhof",0,
13-35-j26-1,T0#6,74.T0.13-35-j26-1.3.H,"Nürnberg, Nordostbahnhof",0,
13-35-j26-1,T0#6,75.T0.13-35-j26-1.3.H,"Nürnberg, Nordostbahnhof",0,
13-35-j26-1,T0#6,76.T0.13-35-j26-1.3.H,"Nürnberg, Nordostbahnhof",0,
13-35-j26-1,T0#6,77.T0.13-35-j26-1.3.H,"Nürnberg, Nordostbahnhof",0,
13-35-j26-1,T0#6,78.T0.13-35-j26-1.3.H,"Nürnberg, Nordostbahnhof",0,
13-35-j26-1,T0#6,79.T0.13-35-j26-1.3.H,"Nürnberg, Nordostbahnhof",0,
13-35-j26-1,T0#6,8.T0.13-35-j26-1.3.H,"Nürnberg, Nordostbahnhof",0,
13-35-j26-1,T0#6,80.T0.13-35-j26-1.3.H,"Nürnberg, Nordostbahnhof",0,
13-35-j26-1,T0#6,81.T0.13-35-j26-1.3.H,"Nürnberg, Nordostbahnhof",0,
13-35-j26-1,T0#6,82.T0.13-35-j26-1.3.H,"Nürnberg, Nordostbahnhof",0,
13-35-j26-1,T0#6,83.T0.13-35-j26-1.3.H,"Nürnberg, Nordostbahnhof",0,
13-35-j26-1,T0#6,84.T0.13-35-j26-1.3.H,"Nürnberg, Nordostbahnhof",0,
13-35-j26-1,T0#6,85.T0.13-35-j26-1.3.H,"Nürnberg, Nordostbahnhof",0,
13-35-j26-1,T0#6,86.T0.13-35-j26-1.3.H,"Nürnberg, Nordostbahnhof",0,
13-35-j26-1,T0#6,87.T0.13-35-j26-1.3.H,"Nürnberg, Nordostbahnhof",0,
13-35-j26-1,T0#6,88.T0.13-35-j26-1.3.H,"Nürnberg, Nordostbahnhof",0,
13-35-j26-1,T0#6,89.T0.13-35-j26-1.3.H,"Nürnberg, Nordostbahnhof",0,
13-35-j26-1,T0#6,9.T0.13-35-j26-1.3.H,"Nürnberg, Nordostbahnhof",0,
13-35-j26-1,T0#6,90.T0.13-35-j26-1.3.H,"Nürnberg, Nordostbahnhof",0,
13-35-j26-1,T0#6,91.T0.13-35-j26-1.3.H,"Nürnberg, Nordostbahnhof",0,
13-35-j26-1,T0#6,92.T0.13-35-j26-1.3.H,"Nürnberg, Nordostbahnhof",0,
13-35-j26-1,T0#6,93.T0.13-35-j26-1.3.H,"Nürnberg, Nordostbahnhof",0,
13-35-j26-1,T0#6,94.T0.13-35-j26-1.3.H,"Nürnberg, Nordostbahnhof",0,
13-35-j26-1,T0#6,95.T0.13-35-j26-1.3.H,"Nürnberg, Nordostbahnhof",0,
13-35-j26-1,T0#6,96.T0.13-35-j26-1.3.H,"Nürnberg, Nordostbahnhof",0,
13-35-j26-1,T0#6,97.T0.13-35-j26-1.3.H,"Nürnberg, Nordostbahnhof",0,
13-35-j26-1,T0#6,98.T0.13-35-j26-1.3.H,"Nürnberg, Nordostbahnhof",0,
13-35-j26-1,T0#6,99.T0.13-35-j26-1.3.H,"Nürnberg, Nordostbahnhof",0,
13-36-j26-5,T0#15,1.T0.13-36-j26-5.1.H,Nürnberg Doku-Zentrum,0,
13-36-j26-5,T0#15,10.T0.13-36-j26-5.1.H,Nürnberg Doku-Zentrum,0,
13-36-j26-5,T0#15,100.T0.13-36-j26-5.1.H,Nürnberg Doku-Zentrum,0,
13-36-j26-5,T0#15,101.T0.13-36-j26-5.1.H,Nürnberg Doku-Zentrum,0,
13-36-j26-5,T0#15,102.T0.13-36-j26-5.1.H,Nürnberg Doku-Zentrum,0,
13-36-j26-5,T0#15,103.T0.13-36-j26-5.1.H,Nürnberg Doku-Zentrum,0,
13-36-j26-5,T0#15,104.T0.13-36-j26-5.3.R,Nürnberg Plärrer,1,
13-36-j26-5,T0#15,105.T0.13-36-j26-5.3.R,Nürnberg Plärrer,1,
13-36-j26-5,T0#15,106.T0.13-36-j26-5.3.R,Nürnberg Plärrer,1,
13-36-j26-5,T0#15,107.T0.13-36-j26-5.3.R,Nürnberg Plärrer,1,
13-36-j26-5,T0#15,108.T0.13-36-j26-5.3.R,Nürnberg Plärrer,1,
13-36-j26-5,T0#15,109.T0.13-36-j26-5.3.R,Nürnberg Plärrer,1,
13-36-j26-5,T0#15,11.T0.13-36-j26-5.1.H,Nürnberg Doku-Zentrum,0,
13-36-j26-5,T0#15,110.T0.13-36-j26-5.3.R,Nürnberg Plärrer,1,
13-36-j26-5,T0#15,111.T0.13-36-j26-5.3.R,Nürnberg Plärrer,1,
13-36-j26-5,T0#15,112.T0.13-36-j26-5.3.R,Nürnberg Plärrer,1,
13-36-j26-5,T0#15,113.T0.13-36-j26-5.3.R,Nürnberg Plärrer,1,
13-36-j26-5,T0#15,114.T0.13-36-j26-5.3.R,Nürnberg Plärrer,1,
13-36-j26-5,T0+01#3,115.T0.13-36-j26-5.4.R,Nürnberg Rathenauplatz,1,
13-36-j26-5,T0#15,116.T0.13-36-j26-5.3.R,Nürnberg Plärrer,1,
13-36-j26-5,T0+01#3,117.T0.13-36-j26-5.15.R,Nürnberg Plärrer,1,
13-36-j26-5,T0#15,118.T0.13-36-j26-5.3.R,Nürnberg Plärrer,1,
13-36-j26-5,T0#15,119.T0.13-36-j26-5.3.R,Nürnberg Plärrer,1,
13-36-j26-5,T0#15,12.T0.13-36-j26-5.1.H,Nürnberg Doku-Zentrum,0,
13-36-j26-5,T0#15,120.T0.13-36-j26-5.16.R,Nürnberg Plärrer,1,
13-36-j26-5,T0#15,121.T0.13-36-j26-5.3.R,Nürnberg Plärrer,1,
13-36-j26-5,T0#15,122.T0.13-36-j26-5.5.R,Nürnberg Plärrer,1,
13-36-j26-5,T0#15,123.T0.13-36-j26-5.3.R,Nürnberg Plärrer,1,
13-36-j26-5,T0#15,124.T0.13-36-j26-5.5.R,Nürnberg Plärrer,1,
13-36-j26-5,T0#15,125.T0.13-36-j26-5.3.R,Nürnberg Plärrer,1,
13-36-j26-5,T0#15,126.T0.13-36-j26-5.5.R,Nürnberg Plärrer,1,
13-36-j26-5,T0#15,127.T0.13-36-j26-5.5.R,Nürnberg Plärrer,1,
13-36-j26-5,T0#15,128.T0.13-36-j26-5.5.R,Nürnberg Plärrer,1,
13-36-j26-5,T0#15,129.T0.13-36-j26-5.5.R,Nürnberg Plärrer,1,
13-36-j26-5,T0+01#3,13.T0.13-36-j26-5.2.H,Nürnberg Doku-Zentrum,0,
13-36-j26-5,T0#15,130.T0.13-36-j26-5.5.R,Nürnberg Plärrer,1,
13-36-j26-5,T0#15,131.T0.13-36-j26-5.5.R,Nürnberg Plärrer,1,
13-36-j26-5,T0#15,132.T0.13-36-j26-5.5.R,Nürnberg Plärrer,1,
13-36-j26-5,T0#15,133.T0.13-36-j26-5.5.R,Nürnberg Plärrer,1,
13-36-j26-5,T0#15,134.T0.13-36-j26-5.5.R,Nürnberg Plärrer,1,
13-36-j26-5,T0#15,135.T0.13-36-j26-5.5.R,Nürnberg Plärrer,1,
13-36-j26-5,T0#15,136.T0.13-36-j26-5.5.R,Nürnberg Plärrer,1,
13-36-j26-5,T0#15,137.T0.13-36-j26-5.5.R,Nürnberg Plärrer,1,
13-36-j26-5,T0#15,138.T0.13-36-j26-5.5.R,Nürnberg Plärrer,1,
13-36-j26-5,T0#15,139.T0.13-36-j26-5.5.R,Nürnberg Plärrer,1,
13-36-j26-5,T0#15,14.T0.13-36-j26-5.1.H,Nürnberg Doku-Zentrum,0,
13-36-j26-5,T0#15,140.T0.13-36-j26-5.5.R,Nürnberg Plärrer,1,
13-36-j26-5,T0#15,141.T0.13-36-j26-5.5.R,Nürnberg Plärrer,1,
13-36-j26-5,T0#15,142.T0.13-36-j26-5.5.R,Nürnberg Plärrer,1,
13-36-j26-5,T0#15,143.T0.13-36-j26-5.5.R,Nürnberg Plärrer,1,
13-36-j26-5,T0#15,144.T0.13-36-j26-5.5.R,Nürnberg Plärrer,1,
13-36-j26-5,T0#15,145.T0.13-36-j26-5.5.R,Nürnberg Plärrer,1,
13-36-j26-5,T0#15,146.T0.13-36-j26-5.5.R,Nürnberg Plärrer,1,
13-36-j26-5,T0#15,147.T0.13-36-j26-5.5.R,Nürnberg Plärrer,1,
13-36-j26-5,T0#15,148.T0.13-36-j26-5.5.R,Nürnberg Plärrer,1,
13-36-j26-5,T0#15,149.T0.13-36-j26-5.5.R,Nürnberg Plärrer,1,
13-36-j26-5,T0#15,15.T0.13-36-j26-5.1.H,Nürnberg Doku-Zentrum,0,
13-36-j26-5,T0#15,150.T0.13-36-j26-5.5.R,Nürnberg Plärrer,1,
13-36-j26-5,T0#15,151.T0.13-36-j26-5.5.R,Nürnberg Plärrer,1,
13-36-j26-5,T0#15,152.T0.13-36-j26-5.3.R,Nürnberg Plärrer,1,
13-36-j26-5,T0#15,153.T0.13-36-j26-5.5.R,Nürnberg Plärrer,1,
13-36-j26-5,T0#15,154.T0.13-36-j26-5.5.R,Nürnberg Plärrer,1,
13-36-j26-5,T0#15,155.T0.13-36-j26-5.5.R,Nürnberg Plärrer,1,
13-36-j26-5,T0#15,156.T0.13-36-j26-5.5.R,Nürnberg Plärrer,1,
13-36-j26-5,T0#15,157.T0.13-36-j26-5.5.R,Nürnberg Plärrer,1,
13-36-j26-5,T0#15,158.T0.13-36-j26-5.5.R,Nürnberg Plärrer,1,
13-36-j26-5,T0#15,159.T0.13-36-j26-5.5.R,Nürnberg Plärrer,1,
13-36-j26-5,T0#15,16.T0.13-36-j26-5.1.H,Nürnberg Doku-Zentrum,0,
13-36-j26-5,T0#15,160.T0.13-36-j26-5.5.R,Nürnberg Plärrer,1,
13-36-j26-5,T0#15,161.T0.13-36-j26-5.5.R,Nürnberg Plärrer,1,
13-36-j26-5,T0#15,162.T0.13-36-j26-5.5.R,Nürnberg Plärrer,1,
13-36-j26-5,T0#15,163.T0.13-36-j26-5.3.R,Nürnberg Plärrer,1,
13-36-j26-5,T0#15,164.T0.13-36-j26-5.3.R,Nürnberg Plärrer,1,
13-36-j26-5,T0#15,165.T0.13-36-j26-5.3.R,Nürnberg Plärrer,1,
13-36-j26-5,T0#15,166.T0.13-36-j26-5.3.R,Nürnberg Plärrer,1,
13-36-j26-5,T0#15,167.T0.13-36-j26-5.3.R,Nürnberg Plärrer,1,
13-36-j26-5,T0#15,168.T0.13-36-j26-5.3.R,Nürnberg Plärrer,1,
13-36-j26-5,T0#15,169.T0.13-36-j26-5.3.R,Nürnberg Plärrer,1,
13-36-j26-5,T0#15,17.T0.13-36-j26-5.1.H,Nürnberg Doku-Zentrum,0,
13-36-j26-5,T0#15,170.T0.13-36-j26-5.3.R,Nürnberg Plärrer,1,
13-36-j26-5,T0#15,171.T0.13-36-j26-5.3.R,Nürnberg Plärrer,1,
13-36-j26-5,T0#15,172.T0.13-36-j26-5.3.R,Nürnberg Plärrer,1,
13-36-j26-5,T0#15,173.T0.13-36-j26-5.3.R,Nürnberg Plärrer,1,
13-36-j26-5,T0#15,174.T0.13-36-j26-5.3.R,Nürnberg Plärrer,1,
13-36-j26-5,T0#15,175.T0.13-36-j26-5.3.R,Nürnberg Plärrer,1,
13-36-j26-5,T0#15,176.T0.13-36-j26-5.3.R,Nürnberg Plärrer,1,
13-36-j26-5,T0#15,177.T0.13-36-j26-5.3.R,Nürnberg Plärrer,1,
13-36-j26-5,T0#15,178.T0.13-36-j26-5.3.R,Nürnberg Plärrer,1,
13-36-j26-5,T0#15,179.T0.13-36-j26-5.3.R,Nürnberg Plärrer,1,
13-36-j26-5,T0#15,18.T0.13-36-j26-5.1.H,Nürnberg Doku-Zentrum,0,
13-36-j26-5,T0#15,180.T0.13-36-j26-5.3.R,Nürnberg Plärrer,1,
13-36-j26-5,T0#15,181.T0.13-36-j26-5.3.R,Nürnberg Plärrer,1,
13-36-j26-5,T0#15,182.T0.13-36-j26-5.3.R,Nürnberg Plärrer,1,
13-36-j26-5,T0#15,183.T0.13-36-j26-5.5.R,Nürnberg Plärrer,1,
13-36-j26-5,T0#15,184.T0.13-36-j26-5.3.R,Nürnberg Plärrer,1,
13-36-j26-5,T0#15,185.T0.13-36-j26-5.5.R,Nürnberg Plärrer,1,
13-36-j26-5,T0#15,186.T0.13-36-j26-5.5.R,Nürnberg Plärrer,1,
13-36-j26-5,T0#15,187.T0.13-36-j26-5.5.R,Nürnberg Plärrer,1,
13-36-j26-5,T0#15,188.T0.13-36-j26-5.5.R,Nürnberg Plärrer,1,
13-36-j26-5,T0#15,189.T0.13-36-j26-5.5.R,Nürnberg Plärrer,1,
13-36-j26-5,T0#15,19.T0.13-36-j26-5.1.H,Nürnberg Doku-Zentrum,0,
13-36-j26-5,T0#15,190.T0.13-36-j26-5.5.R,Nürnberg Plärrer,1,
13-36-j26-5,T0#15,191.T0.13-36-j26-5.3.R,Nürnberg Plärrer,1,
13-36-j26-5,T0#15,192.T0.13-36-j26-5.5.R,Nürnberg Plärrer,1,
13-36-j26-5,T0#15,193.T0.13-36-j26-5.3.R,Nürnberg Plärrer,1,
13-36-j26-5,T0#15,194.T0.13-36-j26-5.3.R,Nürnberg Plärrer,1,
13-36-j26-5,T0#15,195.T0.13-36-j26-5.3.R,Nürnberg Plärrer,1,
13-36-j26-5,T0#15,196.T0.13-36-j26-5.3.R,Nürnberg Plärrer,1,
13-36-j26-5,T0#15,197.T0.13-36-j26-5.3.R,Nürnberg Plärrer,1,
13-36-j26-5,T0#15,198.T0.13-36-j26-5.3.R,Nürnberg Plärrer,1,
13-36-j26-5,T0#15,199.T0.13-36-j26-5.3.R,Nürnberg Plärrer,1,
13-36-j26-5,T0#15,2.T0.13-36-j26-5.1.H,Nürnberg Doku-Zentrum,0,
13-36-j26-5,T0#15,20.T0.13-36-j26-5.1.H,Nürnberg Doku-Zentrum,0,
13-36-j26-5,T0#15,200.T0.13-36-j26-5.3.R,Nürnberg Plärrer,1,
13-36-j26-5,T0#15,201.T0.13-36-j26-5.3.R,Nürnberg Plärrer,1,
13-36-j26-5,T0#15,202.T0.13-36-j26-5.3.R,Nürnberg Plärrer,1,
13-36-j26-5,T0#15,203.T0.13-36-j26-5.3.R,Nürnberg Plärrer,1,
13-36-j26-5,T0#15,204.T0.13-36-j26-5.17.R,Nürnberg Plärrer,1,
13-36-j26-5,T0#15,205.T0.13-36-j26-5.17.R,Nürnberg Plärrer,1,
13-36-j26-5,T0#15,206.T0.13-36-j26-5.17.R,Nürnberg Plärrer,1,
13-36-j26-5,T0#15,21.T0.13-36-j26-5.1.H,Nürnberg Doku-Zentrum,0,
13-36-j26-5,T0#15,22.T0.13-36-j26-5.1.H,Nürnberg Doku-Zentrum,0,
13-36-j26-5,T0#15,23.T0.13-36-j26-5.1.H,Nürnberg Doku-Zentrum,0,
13-36-j26-5,T0#15,24.T0.13-36-j26-5.1.H,Nürnberg Doku-Zentrum,0,
13-36-j26-5,T0#15,25.T0.13-36-j26-5.1.H,Nürnberg Doku-Zentrum,0,
13-36-j26-5,T0#15,26.T0.13-36-j26-5.1.H,Nürnberg Doku-Zentrum,0,
13-36-j26-5,T0#15,27.T0.13-36-j26-5.1.H,Nürnberg Doku-Zentrum,0,
13-36-j26-5,T0#15,28.T0.13-36-j26-5.1.H,Nürnberg Doku-Zentrum,0,
13-36-j26-5,T0#15,29.T0.13-36-j26-5.1.H,Nürnberg Doku-Zentrum,0,
13-36-j26-5,T0#15,3.T0.13-36-j26-5.1.H,Nürnberg Doku-Zentrum,0,
13-36-j26-5,T0#15,30.T0.13-36-j26-5.1.H,Nürnberg Doku-Zentrum,0,
13-36-j26-5,T0#15,31.T0.13-36-j26-5.1.H,Nürnberg Doku-Zentrum,0,
13-36-j26-5,T0#15,32.T0.13-36-j26-5.1.H,Nürnberg Doku-Zentrum,0,
13-36-j26-5,T0#15,33.T0.13-36-j26-5.1.H,Nürnberg Doku-Zentrum,0,
13-36-j26-5,T0#15,34.T0.13-36-j26-5.1.H,Nürnberg Doku-Zentrum,0,
13-36-j26-5,T0#15,35.T0.13-36-j26-5.1.H,Nürnberg Doku-Zentrum,0,
13-36-j26-5,T0#15,36.T0.13-36-j26-5.1.H,Nürnberg Doku-Zentrum,0,
13-36-j26-5,T0#15,37.T0.13-36-j26-5.1.H,Nürnberg Doku-Zentrum,0,
13-36-j26-5,T0#15,38.T0.13-36-j26-5.1.H,Nürnberg Doku-Zentrum,0,
13-36-j26-5,T0#15,39.T0.13-36-j26-5.1.H,Nürnberg Doku-Zentrum,0,
13-36-j26-5,T0#15,4.T0.13-36-j26-5.1.H,Nürnberg Doku-Zentrum,0,
13-36-j26-5,T0#15,40.T0.13-36-j26-5.1.H,Nürnberg Doku-Zentrum,0,
13-36-j26-5,T0#15,41.T0.13-36-j26-5.1.H,Nürnberg Doku-Zentrum,0,
13-36-j26-5,T0#15,42.T0.13-36-j26-5.1.H,Nürnberg Doku-Zentrum,0,
13-36-j26-5,T0#15,43.T0.13-36-j26-5.1.H,Nürnberg Doku-Zentrum,0,
13-36-j26-5,T0#15,44.T0.13-36-j26-5.1.H,Nürnberg Doku-Zentrum,0,
13-36-j26-5,T0#15,45.T0.13-36-j26-5.1.H,Nürnberg Doku-Zentrum,0,
13-36-j26-5,T0#15,46.T0.13-36-j26-5.1.H,Nürnberg Doku-Zentrum,0,
13-36-j26-5,T0+01#3,47.T0.13-36-j26-5.1.H,Nürnberg Doku-Zentrum,0,
13-36-j26-5,T0#15,48.T0.13-36-j26-5.1.H,Nürnberg Doku-Zentrum,0,
13-36-j26-5,T0#15,49.T0.13-36-j26-5.1.H,Nürnberg Doku-Zentrum,0,
13-36-j26-5,T0#15,5.T0.13-36-j26-5.1.H,Nürnberg Doku-Zentrum,0,
13-36-j26-5,T0#15,50.T0.13-36-j26-5.1.H,Nürnberg Doku-Zentrum,0,
13-36-j26-5,T0#15,51.T0.13-36-j26-5.1.H,Nürnberg Doku-Zentrum,0,
13-36-j26-5,T0#15,52.T0.13-36-j26-5.1.H,Nürnberg Doku-Zentrum,0,
13-36-j26-5,T0#15,53.T0.13-36-j26-5.1.H,Nürnberg Doku-Zentrum,0,
13-36-j26-5,T0#15,54.T0.13-36-j26-5.1.H,Nürnberg Doku-Zentrum,0,
13-36-j26-5,T0#15,55.T0.13-36-j26-5.1.H,Nürnberg Doku-Zentrum,0,
13-36-j26-5,T0#15,56.T0.13-36-j26-5.1.H,Nürnberg Doku-Zentrum,0,
13-36-j26-5,T0#15,57.T0.13-36-j26-5.1.H,Nürnberg Doku-Zentrum,0,
13-36-j26-5,T0#15,58.T0.13-36-j26-5.1.H,Nürnberg Doku-Zentrum,0,
13-36-j26-5,T0#15,59.T0.13-36-j26-5.1.H,Nürnberg Doku-Zentrum,0,
13-36-j26-5,T0#15,6.T0.13-36-j26-5.1.H,Nürnberg Doku-Zentrum,0,
13-36-j26-5,T0#15,60.T0.13-36-j26-5.1.H,Nürnberg Doku-Zentrum,0,
13-36-j26-5,T0#15,61.T0.13-36-j26-5.1.H,Nürnberg Doku-Zentrum,0,
13-36-j26-5,T0#15,62.T0.13-36-j26-5.1.H,Nürnberg Doku-Zentrum,0,
13-36-j26-5,T0#15,63.T0.13-36-j26-5.1.H,Nürnberg Doku-Zentrum,0,
13-36-j26-5,T0#15,64.T0.13-36-j26-5.1.H,Nürnberg Doku-Zentrum,0,
13-36-j26-5,T0#15,65.T0.13-36-j26-5.1.H,Nürnberg Doku-Zentrum,0,
13-36-j26-5,T0#15,66.T0.13-36-j26-5.1.H,Nürnberg Doku-Zentrum,0,
13-36-j26-5,T0#15,67.T0.13-36-j26-5.1.H,Nürnberg Doku-Zentrum,0,
13-36-j26-5,T0#15,68.T0.13-36-j26-5.1.H,Nürnberg Doku-Zentrum,0,
13-36-j26-5,T0#15,69.T0.13-36-j26-5.1.H,Nürnberg Doku-Zentrum,0,
13-36-j26-5,T0#15,7.T0.13-36-j26-5.1.H,Nürnberg Doku-Zentrum,0,
13-36-j26-5,T0#15,70.T0.13-36-j26-5.1.H,Nürnberg Doku-Zentrum,0,
13-36-j26-5,T0#15,71.T0.13-36-j26-5.1.H,Nürnberg Doku-Zentrum,0,
13-36-j26-5,T0#15,72.T0.13-36-j26-5.1.H,Nürnberg Doku-Zentrum,0,
13-36-j26-5,T0#15,73.T0.13-36-j26-5.1.H,Nürnberg Doku-Zentrum,0,
13-36-j26-5,T0#15,74.T0.13-36-j26-5.1.H,Nürnberg Doku-Zentrum,0,
13-36-j26-5,T0#15,75.T0.13-36-j26-5.1.H,Nürnberg Doku-Zentrum,0,
13-36-j26-5,T0#15,76.T0.13-36-j26-5.1.H,Nürnberg Doku-Zentrum,0,
13-36-j26-5,T0#15,77.T0.13-36-j26-5.1.H,Nürnberg Doku-Zentrum,0,
13-36-j26-5,T0#15,78.T0.13-36-j26-5.1.H,Nürnberg Doku-Zentrum,0,
13-36-j26-5,T0#15,79.T0.13-36-j26-5.1.H,Nürnberg Doku-Zentrum,0,
13-36-j26-5,T0#15,8.T0.13-36-j26-5.1.H,Nürnberg Doku-Zentrum,0,
13-36-j26-5,T0#15,80.T0.13-36-j26-5.1.H,Nürnberg Doku-Zentrum,0,
13-36-j26-5,T0#15,81.T0.13-36-j26-5.1.H,Nürnberg Doku-Zentrum,0,
13-36-j26-5,T0#15,82.T0.13-36-j26-5.1.H,Nürnberg Doku-Zentrum,0,
13-36-j26-5,T0#15,83.T0.13-36-j26-5.1.H,Nürnberg Doku-Zentrum,0,
13-36-j26-5,T0#15,84.T0.13-36-j26-5.1.H,Nürnberg Doku-Zentrum,0,
13-36-j26-5,T0#15,85.T0.13-36-j26-5.1.H,Nürnberg Doku-Zentrum,0,
13-36-j26-5,T0#15,86.T0.13-36-j26-5.1.H,Nürnberg Doku-Zentrum,0,
13-36-j26-5,T0#15,87.T0.13-36-j26-5.1.H,Nürnberg Doku-Zentrum,0,
13-36-j26-5,T0#15,88.T0.13-36-j26-5.1.H,Nürnberg Doku-Zentrum,0,
13-36-j26-5,T0#15,89.T0.13-36-j26-5.1.H,Nürnberg Doku-Zentrum,0,
13-36-j26-5,T0#15,9.T0.13-36-j26-5.1.H,Nürnberg Doku-Zentrum,0,
13-36-j26-5,T0#15,90.T0.13-36-j26-5.1.H,Nürnberg Doku-Zentrum,0,
13-36-j26-5,T0#15,91.T0.13-36-j26-5.1.H,Nürnberg Doku-Zentrum,0,
13-36-j26-5,T0#15,92.T0.13-36-j26-5.1.H,Nürnberg Doku-Zentrum,0,
13-36-j26-5,T0#15,93.T0.13-36-j26-5.1.H,Nürnberg Doku-Zentrum,0,
13-36-j26-5,T0#15,94.T0.13-36-j26-5.1.H,Nürnberg Doku-Zentrum,0,
13-36-j26-5,T0#15,95.T0.13-36-j26-5.1.H,Nürnberg Doku-Zentrum,0,
13-36-j26-5,T0#15,96.T0.13-36-j26-5.1.H,Nürnberg Doku-Zentrum,0,
13-36-j26-5,T0#15,97.T0.13-36-j26-5.1.H,Nürnberg Doku-Zentrum,0,
13-36-j26-5,T0#15,98.T0.13-36-j26-5.1.H,Nürnberg Doku-Zentrum,0,
13-36-j26-5,T0#15,99.T0.13-36-j26-5.1.H,Nürnberg Doku-Zentrum,0,
13-37-j26-1,T0#6,1.T0.13-37-j26-1.5.H,Fürth Hauptbahnhof,0,
13-37-j26-1,T0#6,10.T0.13-37-j26-1.1.H,Fürth Hauptbahnhof,0,
13-37-j26-1,T0#6,11.T0.13-37-j26-1.1.H,Fürth Hauptbahnhof,0,
13-37-j26-1,T0#6,12.T0.13-37-j26-1.1.H,Fürth Hauptbahnhof,0,
13-37-j26-1,T0#6,13.T0.13-37-j26-1.1.H,Fürth Hauptbahnhof,0,
13-37-j26-1,T0#6,14.T0.13-37-j26-1.1.H,Fürth Hauptbahnhof,0,
13-37-j26-1,T0#6,15.T0.13-37-j26-1.1.H,Fürth Hauptbahnhof,0,
13-37-j26-1,T0#6,16.T0.13-37-j26-1.1.H,Fürth Hauptbahnhof,0,
13-37-j26-1,T0#6,17.T0.13-37-j26-1.1.H,Fürth Hauptbahnhof,0,
13-37-j26-1,T0#6,18.T0.13-37-j26-1.1.H,Fürth Hauptbahnhof,0,
13-37-j26-1,T0#6,19.T0.13-37-j26-1.1.H,Fürth Hauptbahnhof,0,
13-37-j26-1,T0#6,2.T0.13-37-j26-1.5.H,Fürth Hauptbahnhof,0,
13-37-j26-1,T0#6,20.T0.13-37-j26-1.1.H,Fürth Hauptbahnhof,0,
13-37-j26-1,T0#6,21.T0.13-37-j26-1.1.H,Fürth Hauptbahnhof,0,
13-37-j26-1,T0#6,22.T0.13-37-j26-1.1.H,Fürth Hauptbahnhof,0,
13-37-j26-1,T0#6,23.T0.13-37-j26-1.1.H,Fürth Hauptbahnhof,0,
13-37-j26-1,T0#6,24.T0.13-37-j26-1.1.H,Fürth Hauptbahnhof,0,
13-37-j26-1,T0#6,25.T0.13-37-j26-1.1.H,Fürth Hauptbahnhof,0,
13-37-j26-1,T0#6,26.T0.13-37-j26-1.1.H,Fürth Hauptbahnhof,0,
13-37-j26-1,T0#6,27.T0.13-37-j26-1.1.H,Fürth Hauptbahnhof,0,
13-37-j26-1,T0#6,28.T0.13-37-j26-1.1.H,Fürth Hauptbahnhof,0,
13-37-j26-1,T0#6,29.T0.13-37-j26-1.1.H,Fürth Hauptbahnhof,0,
13-37-j26-1,T0#6,3.T0.13-37-j26-1.1.H,Fürth Hauptbahnhof,0,
13-37-j26-1,T0#6,30.T0.13-37-j26-1.1.H,Fürth Hauptbahnhof,0,
13-37-j26-1,T0#6,31.T0.13-37-j26-1.1.H,Fürth Hauptbahnhof,0,
13-37-j26-1,T0#6,32.T0.13-37-j26-1.1.H,Fürth Hauptbahnhof,0,
13-37-j26-1,T0#6,33.T0.13-37-j26-1.1.H,Fürth Hauptbahnhof,0,
13-37-j26-1,T0#6,34.T0.13-37-j26-1.1.H,Fürth Hauptbahnhof,0,
13-37-j26-1,T0#6,35.T0.13-37-j26-1.1.H,Fürth Hauptbahnhof,0,
13-37-j26-1,T0#6,36.T0.13-37-j26-1.1.H,Fürth Hauptbahnhof,0,
13-37-j26-1,T0#6,37.T0.13-37-j26-1.1.H,Fürth Hauptbahnhof,0,
13-37-j26-1,T0#6,38.T0.13-37-j26-1.1.H,Fürth Hauptbahnhof,0,
13-37-j26-1,T0#6,39.T0.13-37-j26-1.1.H,Fürth Hauptbahnhof,0,
13-37-j26-1,T0#6,4.T0.13-37-j26-1.5.H,Fürth Hauptbahnhof,0,
13-37-j26-1,T0#6,40.T0.13-37-j26-1.1.H,Fürth Hauptbahnhof,0,
13-37-j26-1,T0#6,41.T0.13-37-j26-1.1.H,Fürth Hauptbahnhof,0,
13-37-j26-1,T0#6,42.T0.13-37-j26-1.1.H,Fürth Hauptbahnhof,0,
13-37-j26-1,T0#6,43.T0.13-37-j26-1.1.H,Fürth Hauptbahnhof,0,
13-37-j26-1,T0#6,44.T0.13-37-j26-1.1.H,Fürth Hauptbahnhof,0,
13-37-j26-1,T0#6,45.T0.13-37-j26-1.1.H,Fürth Hauptbahnhof,0,
13-37-j26-1,T0#6,46.T0.13-37-j26-1.1.H,Fürth Hauptbahnhof,0,
13-37-j26-1,T0#6,47.T0.13-37-j26-1.2.R,Nürnberg Rathaus,1,
13-37-j26-1,T0#6,48.T0.13-37-j26-1.3.R,Nürnberg Rathaus,1,
13-37-j26-1,T0#6,49.T0.13-37-j26-1.3.R,Nürnberg Rathaus,1,
13-37-j26-1,T0#6,5.T0.13-37-j26-1.1.H,Fürth Hauptbahnhof,0,
13-37-j26-1,T0#6,50.T0.13-37-j26-1.3.R,Nürnberg Rathaus,1,
13-37-j26-1,T0#6,51.T0.13-37-j26-1.3.R,Nürnberg Rathaus,1,
13-37-j26-1,T0#6,52.T0.13-37-j26-1.3.R,Nürnberg Rathaus,1,
13-37-j26-1,T0#6,53.T0.13-37-j26-1.3.R,Nürnberg Rathaus,1,
13-37-j26-1,T0#6,54.T0.13-37-j26-1.3.R,Nürnberg Rathaus,1,
13-37-j26-1,T0+01,55.T0.13-37-j26-1.6.R,Nürnberg Maxtor,1,
13-37-j26-1,T0#6,56.T0.13-37-j26-1.3.R,Nürnberg Rathaus,1,
13-37-j26-1,T0#6,57.T0.13-37-j26-1.3.R,Nürnberg Rathaus,1,
13-37-j26-1,T0#6,58.T0.13-37-j26-1.3.R,Nürnberg Rathaus,1,
13-37-j26-1,T0#6,59.T0.13-37-j26-1.3.R,Nürnberg Rathaus,1,
13-37-j26-1,T0#6,6.T0.13-37-j26-1.1.H,Fürth Hauptbahnhof,0,
13-37-j26-1,T0#6,60.T0.13-37-j26-1.3.R,Nürnberg Rathaus,1,
13-37-j26-1,T0#6,61.T0.13-37-j26-1.3.R,Nürnberg Rathaus,1,
13-37-j26-1,T0#6,62.T0.13-37-j26-1.3.R,Nürnberg Rathaus,1,
13-37-j26-1,T0#6,63.T0.13-37-j26-1.3.R,Nürnberg Rathaus,1,
13-37-j26-1,T0#6,64.T0.13-37-j26-1.3.R,Nürnberg Rathaus,1,
13-37-j26-1,T0#6,65.T0.13-37-j26-1.3.R,Nürnberg Rathaus,1,
13-37-j26-1,T0#6,66.T0.13-37-j26-1.3.R,Nürnberg Rathaus,1,
13-37-j26-1,T0#6,67.T0.13-37-j26-1.3.R,Nürnberg Rathaus,1,
13-37-j26-1,T0#6,68.T0.13-37-j26-1.3.R,Nürnberg Rathaus,1,
13-37-j26-1,T0#6,69.T0.13-37-j26-1.3.R,Nürnberg Rathaus,1,
13-37-j26-1,T0#6,7.T0.13-37-j26-1.1.H,Fürth Hauptbahnhof,0,
13-37-j26-1,T0#6,70.T0.13-37-j26-1.3.R,Nürnberg Rathaus,1,
13-37-j26-1,T0#6,71.T0.13-37-j26-1.3.R,Nürnberg Rathaus,1,
13-37-j26-1,T0#6,72.T0.13-37-j26-1.3.R,Nürnberg Rathaus,1,
13-37-j26-1,T0#6,73.T0.13-37-j26-1.3.R,Nürnberg Rathaus,1,
13-37-j26-1,T0#6,74.T0.13-37-j26-1.3.R,Nürnberg Rathaus,1,
13-37-j26-1,T0+01,75.T0.13-37-j26-1.7.R,"Nürnberg, Maxfeld",1,
13-37-j26-1,T0#6,76.T0.13-37-j26-1.3.R,Nürnberg Rathaus,1,
13-37-j26-1,T0#6,77.T0.13-37-j26-1.3.R,Nürnberg Rathaus,1,
13-37-j26-1,T0#6,78.T0.13-37-j26-1.3.R,Nürnberg Rathaus,1,
13-37-j26-1,T0#6,79.T0.13-37-j26-1.3.R,Nürnberg Rathaus,1,
13-37-j26-1,T0#6,8.T0.13-37-j26-1.1.H,Fürth Hauptbahnhof,0,
13-37-j26-1,T0#6,80.T0.13-37-j26-1.3.R,Nürnberg Rathaus,1,
13-37-j26-1,T0#6,81.T0.13-37-j26-1.3.R,Nürnberg Rathaus,1,
13-37-j26-1,T0#6,82.T0.13-37-j26-1.3.R,Nürnberg Rathaus,1,
13-37-j26-1,T0#6,83.T0.13-37-j26-1.3.R,Nürnberg Rathaus,1,
13-37-j26-1,T0#6,84.T0.13-37-j26-1.3.R,Nürnberg Rathaus,1,
13-37-j26-1,T0#6,85.T0.13-37-j26-1.3.R,Nürnberg Rathaus,1,
13-37-j26-1,T0#6,86.T0.13-37-j26-1.3.R,Nürnberg Rathaus,1,
13-37-j26-1,T0#6,87.T0.13-37-j26-1.3.R,Nürnberg Rathaus,1,
13-37-j26-1,T0#6,88.T0.13-37-j26-1.3.R,Nürnberg Rathaus,1,
13-37-j26-1,T0#6,89.T0.13-37-j26-1.3.R,Nürnberg Rathaus,1,
13-37-j26-1,T0#6,9.T0.13-37-j26-1.1.H,Fürth Hauptbahnhof,0,
13-37-j26-1,T0#6,90.T0.13-37-j26-1.3.R,Nürnberg Rathaus,1,
13-37-j26-1,T0#6,91.T0.13-37-j26-1.3.R,Nürnberg Rathaus,1,
13-37-j26-1,T0#6,92.T0.13-37-j26-1.4.R,Nürnberg Kriegsopfersiedlung,1,
13-38-j26-1,T0#6,1.T0.13-38-j26-1.1.H,Fürth Stadtgrenze,0,
13-38-j26-1,T0#6,10.T0.13-38-j26-1.1.H,Fürth Stadtgrenze,0,
13-38-j26-1,T0#6,100.T0.13-38-j26-1.7.R,Nürnberg Virnsberg.Str. Wende,1,
13-38-j26-1,T0#6,101.T0.13-38-j26-1.5.R,Nürnberg Virnsberg.Str. Wende,1,
13-38-j26-1,T0#6,102.T0.13-38-j26-1.7.R,Nürnberg Virnsberg.Str. Wende,1,
13-38-j26-1,T0#6,103.T0.13-38-j26-1.5.R,Nürnberg Virnsberg.Str. Wende,1,
13-38-j26-1,T0#6,104.T0.13-38-j26-1.7.R,Nürnberg Virnsberg.Str. Wende,1,
13-38-j26-1,T0#6,105.T0.13-38-j26-1.5.R,Nürnberg Virnsberg.Str. Wende,1,
13-38-j26-1,T0#6,106.T0.13-38-j26-1.7.R,Nürnberg Virnsberg.Str. Wende,1,
13-38-j26-1,T0#6,107.T0.13-38-j26-1.5.R,Nürnberg Virnsberg.Str. Wende,1,
13-38-j26-1,T0#6,108.T0.13-38-j26-1.7.R,Nürnberg Virnsberg.Str. Wende,1,
13-38-j26-1,T0#6,109.T0.13-38-j26-1.5.R,Nürnberg Virnsberg.Str. Wende,1,
13-38-j26-1,T0#6,11.T0.13-38-j26-1.2.H,Nürnberg Maximilianstr.,0,
13-38-j26-1,T0#6,110.T0.13-38-j26-1.7.R,Nürnberg Virnsberg.Str. Wende,1,
13-38-j26-1,T0#6,111.T0.13-38-j26-1.5.R,Nürnberg Virnsberg.Str. Wende,1,
13-38-j26-1,T0#6,112.T0.13-38-j26-1.7.R,Nürnberg Virnsberg.Str. Wende,1,
13-38-j26-1,T0#6,113.T0.13-38-j26-1.7.R,Nürnberg Virnsberg.Str. Wende,1,
13-38-j26-1,T0#6,114.T0.13-38-j26-1.7.R,Nürnberg Virnsberg.Str. Wende,1,
13-38-j26-1,T0#6,115.T0.13-38-j26-1.7.R,Nürnberg Virnsberg.Str. Wende,1,
13-38-j26-1,T0#6,116.T0.13-38-j26-1.7.R,Nürnberg Virnsberg.Str. Wende,1,
13-38-j26-1,T0#6,117.T0.13-38-j26-1.7.R,Nürnberg Virnsberg.Str. Wende,1,
13-38-j26-1,T0#6,118.T0.13-38-j26-1.7.R,Nürnberg Virnsberg.Str. Wende,1,
13-38-j26-1,T0#6,119.T0.13-38-j26-1.7.R,Nürnberg Virnsberg.Str. Wende,1,
13-38-j26-1,T0#6,12.T0.13-38-j26-1.1.H,Fürth Stadtgrenze,0,
13-38-j26-1,T0#6,120.T0.13-38-j26-1.5.R,Nürnberg Virnsberg.Str. Wende,1,
13-38-j26-1,T0#6,121.T0.13-38-j26-1.7.R,Nürnberg Virnsberg.Str. Wende,1,
13-38-j26-1,T0#6,122.T0.13-38-j26-1.5.R,Nürnberg Virnsberg.Str. Wende,1,
13-38-j26-1,T0#6,123.T0.13-38-j26-1.7.R,Nürnberg Virnsberg.Str. Wende,1,
13-38-j26-1,T0#6,124.T0.13-38-j26-1.5.R,Nürnberg Virnsberg.Str. Wende,1,
13-38-j26-1,T0#6,125.T0.13-38-j26-1.7.R,Nürnberg Virnsberg.Str. Wende,1,
13-38-j26-1,T0#6,126.T0.13-38-j26-1.5.R,Nürnberg Virnsberg.Str. Wende,1,
13-38-j26-1,T0#6,127.T0.13-38-j26-1.7.R,Nürnberg Virnsberg.Str. Wende,1,
13-38-j26-1,T0#6,128.T0.13-38-j26-1.5.R,Nürnberg Virnsberg.Str. Wende,1,
13-38-j26-1,T0#6,129.T0.13-38-j26-1.7.R,Nürnberg Virnsberg.Str. Wende,1,
13-38-j26-1,T0#6,13.T0.13-38-j26-1.2.H,Nürnberg Maximilianstr.,0,
13-38-j26-1,T0#6,130.T0.13-38-j26-1.5.R,Nürnberg Virnsberg.Str. Wende,1,
13-38-j26-1,T0#6,131.T0.13-38-j26-1.7.R,Nürnberg Virnsberg.Str. Wende,1,
13-38-j26-1,T0#6,132.T0.13-38-j26-1.5.R,Nürnberg Virnsberg.Str. Wende,1,
13-38-j26-1,T0#6,133.T0.13-38-j26-1.7.R,Nürnberg Virnsberg.Str. Wende,1,
13-38-j26-1,T0#6,134.T0.13-38-j26-1.5.R,Nürnberg Virnsberg.Str. Wende,1,
13-38-j26-1,T0#6,135.T0.13-38-j26-1.7.R,Nürnberg Virnsberg.Str. Wende,1,
13-38-j26-1,T0#6,136.T0.13-38-j26-1.5.R,Nürnberg Virnsberg.Str. Wende,1,
13-38-j26-1,T0#6,137.T0.13-38-j26-1.7.R,Nürnberg Virnsberg.Str. Wende,1,
13-38-j26-1,T0#6,138.T0.13-38-j26-1.5.R,Nürnberg Virnsberg.Str. Wende,1,
13-38-j26-1,T0#6,139.T0.13-38-j26-1.7.R,Nürnberg Virnsberg.Str. Wende,1,
13-38-j26-1,T0#6,14.T0.13-38-j26-1.1.H,Fürth Stadtgrenze,0,
13-38-j26-1,T0#6,140.T0.13-38-j26-1.5.R,Nürnberg Virnsberg.Str. Wende,1,
13-38-j26-1,T0#6,141.T0.13-38-j26-1.7.R,Nürnberg Virnsberg.Str. Wende,1,
13-38-j26-1,T0#6,142.T0.13-38-j26-1.5.R,Nürnberg Virnsberg.Str. Wende,1,
13-38-j26-1,T0#6,143.T0.13-38-j26-1.7.R,Nürnberg Virnsberg.Str. Wende,1,
13-38-j26-1,T0#6,144.T0.13-38-j26-1.5.R,Nürnberg Virnsberg.Str. Wende,1,
13-38-j26-1,T0#6,145.T0.13-38-j26-1.7.R,Nürnberg Virnsberg.Str. Wende,1,
13-38-j26-1,T0#6,146.T0.13-38-j26-1.5.R,Nürnberg Virnsberg.Str. Wende,1,
13-38-j26-1,T0#6,147.T0.13-38-j26-1.7.R,Nürnberg Virnsberg.Str. Wende,1,
13-38-j26-1,T0#6,148.T0.13-38-j26-1.5.R,Nürnberg Virnsberg.Str. Wende,1,
13-38-j26-1,T0#6,149.T0.13-38-j26-1.7.R,Nürnberg Virnsberg.Str. Wende,1,
13-38-j26-1,T0#6,15.T0.13-38-j26-1.2.H,Nürnberg Maximilianstr.,0,
13-38-j26-1,T0#6,150.T0.13-38-j26-1.5.R,Nürnberg Virnsberg.Str. Wende,1,
13-38-j26-1,T0#6,151.T0.13-38-j26-1.7.R,Nürnberg Virnsberg.Str. Wende,1,
13-38-j26-1,T0#6,152.T0.13-38-j26-1.5.R,Nürnberg Virnsberg.Str. Wende,1,
13-38-j26-1,T0#6,153.T0.13-38-j26-1.7.R,Nürnberg Virnsberg.Str. Wende,1,
13-38-j26-1,T0#6,154.T0.13-38-j26-1.5.R,Nürnberg Virnsberg.Str. Wende,1,
13-38-j26-1,T0#6,155.T0.13-38-j26-1.7.R,Nürnberg Virnsberg.Str. Wende,1,
13-38-j26-1,T0#6,156.T0.13-38-j26-1.5.R,Nürnberg Virnsberg.Str. Wende,1,
13-38-j26-1,T0#6,157.T0.13-38-j26-1.7.R,Nürnberg Virnsberg.Str. Wende,1,
13-38-j26-1,T0#6,158.T0.13-38-j26-1.5.R,Nürnberg Virnsberg.Str. Wende,1,
13-38-j26-1,T0#6,159.T0.13-38-j26-1.7.R,Nürnberg Virnsberg.Str. Wende,1,
13-38-j26-1,T0#6,16.T0.13-38-j26-1.1.H,Fürth Stadtgrenze,0,
13-38-j26-1,T0#6,160.T0.13-38-j26-1.5.R,Nürnberg Virnsberg.Str. Wende,1,
13-38-j26-1,T0#6,161.T0.13-38-j26-1.7.R,Nürnberg Virnsberg.Str. Wende,1,
13-38-j26-1,T0#6,162.T0.13-38-j26-1.7.R,Nürnberg Virnsberg.Str. Wende,1,
13-38-j26-1,T0#6,163.T0.13-38-j26-1.7.R,Nürnberg Virnsberg.Str. Wende,1,
13-38-j26-1,T0#6,164.T0.13-38-j26-1.7.R,Nürnberg Virnsberg.Str. Wende,1,
13-38-j26-1,T0#6,165.T0.13-38-j26-1.7.R,Nürnberg Virnsberg.Str. Wende,1,
13-38-j26-1,T0#6,166.T0.13-38-j26-1.7.R,Nürnberg Virnsberg.Str. Wende,1,
13-38-j26-1,T0#6,167.T0.13-38-j26-1.7.R,Nürnberg Virnsberg.Str. Wende,1,
13-38-j26-1,T0#6,168.T0.13-38-j26-1.7.R,Nürnberg Virnsberg.Str. Wende,1,
13-38-j26-1,T0#6,169.T0.13-38-j26-1.5.R,Nürnberg Virnsberg.Str. Wende,1,
13-38-j26-1,T0#6,17.T0.13-38-j26-1.2.H,Nürnberg Maximilianstr.,0,
13-38-j26-1,T0#6,170.T0.13-38-j26-1.7.R,Nürnberg Virnsberg.Str. Wende,1,
13-38-j26-1,T0#6,171.T0.13-38-j26-1.5.R,Nürnberg Virnsberg.Str. Wende,1,
13-38-j26-1,T0#6,172.T0.13-38-j26-1.7.R,Nürnberg Virnsberg.Str. Wende,1,
13-38-j26-1,T0#6,173.T0.13-38-j26-1.5.R,Nürnberg Virnsberg.Str. Wende,1,
13-38-j26-1,T0#6,174.T0.13-38-j26-1.7.R,Nürnberg Virnsberg.Str. Wende,1,
13-38-j26-1,T0#6,175.T0.13-38-j26-1.5.R,Nürnberg Virnsberg.Str. Wende,1,
13-38-j26-1,T0#6,176.T0.13-38-j26-1.7.R,Nürnberg Virnsberg.Str. Wende,1,
13-38-j26-1,T0#6,177.T0.13-38-j26-1.7.R,Nürnberg Virnsberg.Str. Wende,1,
13-38-j26-1,T0#6,18.T0.13-38-j26-1.3.H,Fürth Stadtgrenze,0,
13-38-j26-1,T0#6,19.T0.13-38-j26-1.2.H,Nürnberg Maximilianstr.,0,
13-38-j26-1,T0#6,2.T0.13-38-j26-1.1.H,Fürth Stadtgrenze,0,
13-38-j26-1,T0#6,20.T0.13-38-j26-1.1.H,Fürth Stadtgrenze,0,
13-38-j26-1,T0#6,21.T0.13-38-j26-1.2.H,Nürnberg Maximilianstr.,0,
13-38-j26-1,T0#6,22.T0.13-38-j26-1.3.H,Fürth Stadtgrenze,0,
13-38-j26-1,T0#6,23.T0.13-38-j26-1.1.H,Fürth Stadtgrenze,0,
13-38-j26-1,T0#6,24.T0.13-38-j26-1.3.H,Fürth Stadtgrenze,0,
13-38-j26-1,T0#6,25.T0.13-38-j26-1.1.H,Fürth Stadtgrenze,0,
13-38-j26-1,T0#6,26.T0.13-38-j26-1.3.H,Fürth Stadtgrenze,0,
13-38-j26-1,T0#6,27.T0.13-38-j26-1.1.H,Fürth Stadtgrenze,0,
13-38-j26-1,T0#6,28.T0.13-38-j26-1.3.H,Fürth Stadtgrenze,0,
13-38-j26-1,T0#6,29.T0.13-38-j26-1.1.H,Fürth Stadtgrenze,0,
13-38-j26-1,T0#6,3.T0.13-38-j26-1.2.H,Nürnberg Maximilianstr.,0,
13-38-j26-1,T0#6,30.T0.13-38-j26-1.3.H,Fürth Stadtgrenze,0,
13-38-j26-1,T0#6,31.T0.13-38-j26-1.2.H,Nürnberg Maximilianstr.,0,
13-38-j26-1,T0#6,32.T0.13-38-j26-1.1.H,Fürth Stadtgrenze,0,
13-38-j26-1,T0#6,33.T0.13-38-j26-1.2.H,Nürnberg Maximilianstr.,0,
13-38-j26-1,T0#6,34.T0.13-38-j26-1.3.H,Fürth Stadtgrenze,0,
13-38-j26-1,T0#6,35.T0.13-38-j26-1.2.H,Nürnberg Maximilianstr.,0,
13-38-j26-1,T0#6,36.T0.13-38-j26-1.1.H,Fürth Stadtgrenze,0,
13-38-j26-1,T0#6,37.T0.13-38-j26-1.2.H,Nürnberg Maximilianstr.,0,
13-38-j26-1,T0#6,38.T0.13-38-j26-1.3.H,Fürth Stadtgrenze,0,
13-38-j26-1,T0#6,39.T0.13-38-j26-1.2.H,Nürnberg Maximilianstr.,0,
13-38-j26-1,T0#6,4.T0.13-38-j26-1.1.H,Fürth Stadtgrenze,0,
13-38-j26-1,T0#6,40.T0.13-38-j26-1.1.H,Fürth Stadtgrenze,0,
13-38-j26-1,T0#6,41.T0.13-38-j26-1.2.H,Nürnberg Maximilianstr.,0,
13-38-j26-1,T0#6,42.T0.13-38-j26-1.3.H,Fürth Stadtgrenze,0,
13-38-j26-1,T0#6,43.T0.13-38-j26-1.2.H,Nürnberg Maximilianstr.,0,
13-38-j26-1,T0#6,44.T0.13-38-j26-1.1.H,Fürth Stadtgrenze,0,
13-38-j26-1,T0#6,45.T0.13-38-j26-1.2.H,Nürnberg Maximilianstr.,0,
13-38-j26-1,T0#6,46.T0.13-38-j26-1.3.H,Fürth Stadtgrenze,0,
13-38-j26-1,T0#6,47.T0.13-38-j26-1.2.H,Nürnberg Maximilianstr.,0,
13-38-j26-1,T0#6,48.T0.13-38-j26-1.1.H,Fürth Stadtgrenze,0,
13-38-j26-1,T0#6,49.T0.13-38-j26-1.2.H,Nürnberg Maximilianstr.,0,
13-38-j26-1,T0#6,5.T0.13-38-j26-1.2.H,Nürnberg Maximilianstr.,0,
13-38-j26-1,T0#6,50.T0.13-38-j26-1.1.H,Fürth Stadtgrenze,0,
13-38-j26-1,T0#6,51.T0.13-38-j26-1.2.H,Nürnberg Maximilianstr.,0,
13-38-j26-1,T0#6,52.T0.13-38-j26-1.1.H,Fürth Stadtgrenze,0,
13-38-j26-1,T0#6,53.T0.13-38-j26-1.2.H,Nürnberg Maximilianstr.,0,
13-38-j26-1,T0#6,54.T0.13-38-j26-1.1.H,Fürth Stadtgrenze,0,
13-38-j26-1,T0#6,55.T0.13-38-j26-1.2.H,Nürnberg Maximilianstr.,0,
13-38-j26-1,T0#6,56.T0.13-38-j26-1.1.H,Fürth Stadtgrenze,0,
13-38-j26-1,T0#6,57.T0.13-38-j26-1.2.H,Nürnberg Maximilianstr.,0,
13-38-j26-1,T0#6,58.T0.13-38-j26-1.1.H,Fürth Stadtgrenze,0,
13-38-j26-1,T0#6,59.T0.13-38-j26-1.2.H,Nürnberg Maximilianstr.,0,
13-38-j26-1,T0#6,6.T0.13-38-j26-1.1.H,Fürth Stadtgrenze,0,
13-38-j26-1,T0#6,60.T0.13-38-j26-1.1.H,Fürth Stadtgrenze,0,
13-38-j26-1,T0#6,61.T0.13-38-j26-1.2.H,Nürnberg Maximilianstr.,0,
13-38-j26-1,T0#6,62.T0.13-38-j26-1.1.H,Fürth Stadtgrenze,0,
13-38-j26-1,T0#6,63.T0.13-38-j26-1.2.H,Nürnberg Maximilianstr.,0,
13-38-j26-1,T0#6,64.T0.13-38-j26-1.1.H,Fürth Stadtgrenze,0,
13-38-j26-1,T0#6,65.T0.13-38-j26-1.2.H,Nürnberg Maximilianstr.,0,
13-38-j26-1,T0#6,66.T0.13-38-j26-1.1.H,Fürth Stadtgrenze,0,
13-38-j26-1,T0#6,67.T0.13-38-j26-1.2.H,Nürnberg Maximilianstr.,0,
13-38-j26-1,T0#6,68.T0.13-38-j26-1.1.H,Fürth Stadtgrenze,0,
13-38-j26-1,T0#6,69.T0.13-38-j26-1.2.H,Nürnberg Maximilianstr.,0,
13-38-j26-1,T0#6,7.T0.13-38-j26-1.2.H,Nürnberg Maximilianstr.,0,
13-38-j26-1,T0#6,70.T0.13-38-j26-1.3.H,Fürth Stadtgrenze,0,
13-38-j26-1,T0#6,71.T0.13-38-j26-1.1.H,Fürth Stadtgrenze,0,
13-38-j26-1,T0#6,72.T0.13-38-j26-1.3.H,Fürth Stadtgrenze,0,
13-38-j26-1,T0#6,73.T0.13-38-j26-1.1.H,Fürth Stadtgrenze,0,
13-38-j26-1,T0#6,74.T0.13-38-j26-1.3.H,Fürth Stadtgrenze,0,
13-38-j26-1,T0#6,75.T0.13-38-j26-1.1.H,Fürth Stadtgrenze,0,
13-38-j26-1,T0#6,76.T0.13-38-j26-1.3.H,Fürth Stadtgrenze,0,
13-38-j26-1,T0#6,77.T0.13-38-j26-1.1.H,Fürth Stadtgrenze,0,
13-38-j26-1,T0#6,78.T0.13-38-j26-1.4.H,Nürnberg Maximilianstr.,0,
13-38-j26-1,T0#6,79.T0.13-38-j26-1.1.H,Fürth Stadtgrenze,0,
13-38-j26-1,T0#6,8.T0.13-38-j26-1.1.H,Fürth Stadtgrenze,0,
13-38-j26-1,T0#6,80.T0.13-38-j26-1.4.H,Nürnberg Maximilianstr.,0,
13-38-j26-1,T0#6,81.T0.13-38-j26-1.1.H,Fürth Stadtgrenze,0,
13-38-j26-1,T0#6,82.T0.13-38-j26-1.4.H,Nürnberg Maximilianstr.,0,
13-38-j26-1,T0#6,83.T0.13-38-j26-1.1.H,Fürth Stadtgrenze,0,
13-38-j26-1,T0#6,84.T0.13-38-j26-1.4.H,Nürnberg Maximilianstr.,0,
13-38-j26-1,T0#6,85.T0.13-38-j26-1.1.H,Fürth Stadtgrenze,0,
13-38-j26-1,T0#6,86.T0.13-38-j26-1.4.H,Nürnberg Maximilianstr.,0,
13-38-j26-1,T0#6,87.T0.13-38-j26-1.1.H,Fürth Stadtgrenze,0,
13-38-j26-1,T0#6,88.T0.13-38-j26-1.1.H,Fürth Stadtgrenze,0,
13-38-j26-1,T0#6,89.T0.13-38-j26-1.7.R,Nürnberg Virnsberg.Str. Wende,1,
13-38-j26-1,T0#6,9.T0.13-38-j26-1.2.H,Nürnberg Maximilianstr.,0,
13-38-j26-1,T0#6,90.T0.13-38-j26-1.7.R,Nürnberg Virnsberg.Str. Wende,1,
13-38-j26-1,T0#6,91.T0.13-38-j26-1.5.R,Nürnberg Virnsberg.Str. Wende,1,
13-38-j26-1,T0#6,92.T0.13-38-j26-1.7.R,Nürnberg Virnsberg.Str. Wende,1,
13-38-j26-1,T0#6,93.T0.13-38-j26-1.5.R,Nürnberg Virnsberg.Str. Wende,1,
13-38-j26-1,T0#6,94.T0.13-38-j26-1.7.R,Nürnberg Virnsberg.Str. Wende,1,
13-38-j26-1,T0#6,95.T0.13-38-j26-1.5.R,Nürnberg Virnsberg.Str. Wende,1,
13-38-j26-1,T0#6,96.T0.13-38-j26-1.7.R,Nürnberg Virnsberg.Str. Wende,1,
13-38-j26-1,T0#6,97.T0.13-38-j26-1.5.R,Nürnberg Virnsberg.Str. Wende,1,
13-38-j26-1,T0#6,98.T0.13-38-j26-1.7.R,Nürnberg Virnsberg.Str. Wende,1,
13-38-j26-1,T0#6,99.T0.13-38-j26-1.5.R,Nürnberg Virnsberg.Str. Wende,1,
13-39-j26-1,T0#6,1.T0.13-39-j26-1.9.H,Nürnberg Maximilianstr.,0,
13-39-j26-1,T0#6,10.T0.13-39-j26-1.8.H,Nürnberg Maximilianstr.,0,
13-39-j26-1,T0#6,100.T0.13-39-j26-1.6.R,Fürth Hauptbahnhof,1,
13-39-j26-1,T0#6,101.T0.13-39-j26-1.6.R,Fürth Hauptbahnhof,1,
13-39-j26-1,T0#6,102.T0.13-39-j26-1.6.R,Fürth Hauptbahnhof,1,
13-39-j26-1,T0#6,103.T0.13-39-j26-1.6.R,Fürth Hauptbahnhof,1,
13-39-j26-1,T0#6,104.T0.13-39-j26-1.6.R,Fürth Hauptbahnhof,1,
13-39-j26-1,T0#6,105.T0.13-39-j26-1.6.R,Fürth Hauptbahnhof,1,
13-39-j26-1,T0#6,106.T0.13-39-j26-1.6.R,Fürth Hauptbahnhof,1,
13-39-j26-1,T0#6,107.T0.13-39-j26-1.6.R,Fürth Hauptbahnhof,1,
13-39-j26-1,T0#6,108.T0.13-39-j26-1.6.R,Fürth Hauptbahnhof,1,
13-39-j26-1,T0#6,11.T0.13-39-j26-1.8.H,Nürnberg Maximilianstr.,0,
13-39-j26-1,T0#6,12.T0.13-39-j26-1.8.H,Nürnberg Maximilianstr.,0,
13-39-j26-1,T0#6,13.T0.13-39-j26-1.8.H,Nürnberg Maximilianstr.,0,
13-39-j26-1,T0#6,14.T0.13-39-j26-1.8.H,Nürnberg Maximilianstr.,0,
13-39-j26-1,T0#6,15.T0.13-39-j26-1.8.H,Nürnberg Maximilianstr.,0,
13-39-j26-1,T0#6,16.T0.13-39-j26-1.8.H,Nürnberg Maximilianstr.,0,
13-39-j26-1,T0#6,17.T0.13-39-j26-1.8.H,Nürnberg Maximilianstr.,0,
13-39-j26-1,T0#6,18.T0.13-39-j26-1.8.H,Nürnberg Maximilianstr.,0,
13-39-j26-1,T0#6,19.T0.13-39-j26-1.8.H,Nürnberg Maximilianstr.,0,
13-39-j26-1,T0#6,2.T0.13-39-j26-1.8.H,Nürnberg Maximilianstr.,0,
13-39-j26-1,T0#6,20.T0.13-39-j26-1.8.H,Nürnberg Maximilianstr.,0,
13-39-j26-1,T0#6,21.T0.13-39-j26-1.8.H,Nürnberg Maximilianstr.,0,
13-39-j26-1,T0#6,22.T0.13-39-j26-1.8.H,Nürnberg Maximilianstr.,0,
13-39-j26-1,T0#6,23.T0.13-39-j26-1.8.H,Nürnberg Maximilianstr.,0,
13-39-j26-1,T0#6,24.T0.13-39-j26-1.8.H,Nürnberg Maximilianstr.,0,
13-39-j26-1,T0#6,25.T0.13-39-j26-1.8.H,Nürnberg Maximilianstr.,0,
13-39-j26-1,T0#6,26.T0.13-39-j26-1.8.H,Nürnberg Maximilianstr.,0,
13-39-j26-1,T0#6,27.T0.13-39-j26-1.8.H,Nürnberg Maximilianstr.,0,
13-39-j26-1,T0#6,28.T0.13-39-j26-1.8.H,Nürnberg Maximilianstr.,0,
13-39-j26-1,T0#6,29.T0.13-39-j26-1.8.H,Nürnberg Maximilianstr.,0,
13-39-j26-1,T0#6,3.T0.13-39-j26-1.8.H,Nürnberg Maximilianstr.,0,
13-39-j26-1,T0#6,30.T0.13-39-j26-1.8.H,Nürnberg Maximilianstr.,0,
13-39-j26-1,T0#6,31.T0.13-39-j26-1.8.H,Nürnberg Maximilianstr.,0,
13-39-j26-1,T0#6,32.T0.13-39-j26-1.8.H,Nürnberg Maximilianstr.,0,
13-39-j26-1,T0#6,33.T0.13-39-j26-1.8.H,Nürnberg Maximilianstr.,0,
13-39-j26-1,T0#6,34.T0.13-39-j26-1.8.H,Nürnberg Maximilianstr.,0,
13-39-j26-1,T0#6,35.T0.13-39-j26-1.8.H,Nürnberg Maximilianstr.,0,
13-39-j26-1,T0#6,36.T0.13-39-j26-1.8.H,Nürnberg Maximilianstr.,0,
13-39-j26-1,T0#6,37.T0.13-39-j26-1.8.H,Nürnberg Maximilianstr.,0,
13-39-j26-1,T0#6,38.T0.13-39-j26-1.8.H,Nürnberg Maximilianstr.,0,
13-39-j26-1,T0#6,39.T0.13-39-j26-1.8.H,Nürnberg Maximilianstr.,0,
13-39-j26-1,T0#6,4.T0.13-39-j26-1.8.H,Nürnberg Maximilianstr.,0,
13-39-j26-1,T0#6,40.T0.13-39-j26-1.8.H,Nürnberg Maximilianstr.,0,
13-39-j26-1,T0#6,41.T0.13-39-j26-1.8.H,Nürnberg Maximilianstr.,0,
13-39-j26-1,T0#6,42.T0.13-39-j26-1.8.H,Nürnberg Maximilianstr.,0,
13-39-j26-1,T0#6,43.T0.13-39-j26-1.8.H,Nürnberg Maximilianstr.,0,
13-39-j26-1,T0#6,44.T0.13-39-j26-1.8.H,Nürnberg Maximilianstr.,0,
13-39-j26-1,T0#6,45.T0.13-39-j26-1.8.H,Nürnberg Maximilianstr.,0,
13-39-j26-1,T0#6,46.T0.13-39-j26-1.8.H,Nürnberg Maximilianstr.,0,
13-39-j26-1,T0#6,47.T0.13-39-j26-1.8.H,Nürnberg Maximilianstr.,0,
13-39-j26-1,T0#6,48.T0.13-39-j26-1.8.H,Nürnberg Maximilianstr.,0,
13-39-j26-1,T0#6,49.T0.13-39-j26-1.8.H,Nürnberg Maximilianstr.,0,
13-39-j26-1,T0#6,5.T0.13-39-j26-1.8.H,Nürnberg Maximilianstr.,0,
13-39-j26-1,T0#6,50.T0.13-39-j26-1.5.H,Nürnberg Maximilianstr.,0,
13-39-j26-1,T0#6,51.T0.13-39-j26-1.5.H,Nürnberg Maximilianstr.,0,
13-39-j26-1,T0#6,52.T0.13-39-j26-1.5.H,Nürnberg Maximilianstr.,0,
13-39-j26-1,T0#6,53.T0.13-39-j26-1.5.H,Nürnberg Maximilianstr.,0,
13-39-j26-1,T0#6,54.T0.13-39-j26-1.8.H,Nürnberg Maximilianstr.,0,
13-39-j26-1,T0#6,55.T0.13-39-j26-1.8.H,Nürnberg Maximilianstr.,0,
13-39-j26-1,T0#6,56.T0.13-39-j26-1.6.R,Fürth Hauptbahnhof,1,
13-39-j26-1,T0#6,57.T0.13-39-j26-1.6.R,Fürth Hauptbahnhof,1,
13-39-j26-1,T0#6,58.T0.13-39-j26-1.6.R,Fürth Hauptbahnhof,1,
13-39-j26-1,T0#6,59.T0.13-39-j26-1.6.R,Fürth Hauptbahnhof,1,
13-39-j26-1,T0#6,6.T0.13-39-j26-1.8.H,Nürnberg Maximilianstr.,0,
13-39-j26-1,T0#6,60.T0.13-39-j26-1.6.R,Fürth Hauptbahnhof,1,
13-39-j26-1,T0#6,61.T0.13-39-j26-1.6.R,Fürth Hauptbahnhof,1,
13-39-j26-1,T0#6,62.T0.13-39-j26-1.6.R,Fürth Hauptbahnhof,1,
13-39-j26-1,T0#6,63.T0.13-39-j26-1.6.R,Fürth Hauptbahnhof,1,
13-39-j26-1,T0#6,64.T0.13-39-j26-1.6.R,Fürth Hauptbahnhof,1,
13-39-j26-1,T0#6,65.T0.13-39-j26-1.6.R,Fürth Hauptbahnhof,1,
13-39-j26-1,T0#6,66.T0.13-39-j26-1.6.R,Fürth Hauptbahnhof,1,
13-39-j26-1,T0#6,67.T0.13-39-j26-1.6.R,Fürth Hauptbahnhof,1,
13-39-j26-1,T0#6,68.T0.13-39-j26-1.6.R,Fürth Hauptbahnhof,1,
13-39-j26-1,T0#6,69.T0.13-39-j26-1.6.R,Fürth Hauptbahnhof,1,
13-39-j26-1,T0#6,7.T0.13-39-j26-1.8.H,Nürnberg Maximilianstr.,0,
13-39-j26-1,T0#6,70.T0.13-39-j26-1.6.R,Fürth Hauptbahnhof,1,
13-39-j26-1,T0#6,71.T0.13-39-j26-1.6.R,Fürth Hauptbahnhof,1,
13-39-j26-1,T0#6,72.T0.13-39-j26-1.6.R,Fürth Hauptbahnhof,1,
13-39-j26-1,T0#6,73.T0.13-39-j26-1.6.R,Fürth Hauptbahnhof,1,
13-39-j26-1,T0#6,74.T0.13-39-j26-1.6.R,Fürth Hauptbahnhof,1,
13-39-j26-1,T0#6,75.T0.13-39-j26-1.6.R,Fürth Hauptbahnhof,1,
13-39-j26-1,T0#6,76.T0.13-39-j26-1.6.R,Fürth Hauptbahnhof,1,
13-39-j26-1,T0#6,77.T0.13-39-j26-1.6.R,Fürth Hauptbahnhof,1,
13-39-j26-1,T0#6,78.T0.13-39-j26-1.6.R,Fürth Hauptbahnhof,1,
13-39-j26-1,T0#6,79.T0.13-39-j26-1.6.R,Fürth Hauptbahnhof,1,
13-39-j26-1,T0#6,8.T0.13-39-j26-1.8.H,Nürnberg Maximilianstr.,0,
13-39-j26-1,T0#6,80.T0.13-39-j26-1.6.R,Fürth Hauptbahnhof,1,
13-39-j26-1,T0#6,81.T0.13-39-j26-1.6.R,Fürth Hauptbahnhof,1,
13-39-j26-1,T0#6,82.T0.13-39-j26-1.6.R,Fürth Hauptbahnhof,1,
13-39-j26-1,T0#6,83.T0.13-39-j26-1.6.R,Fürth Hauptbahnhof,1,
13-39-j26-1,T0#6,84.T0.13-39-j26-1.6.R,Fürth Hauptbahnhof,1,
13-39-j26-1,T0#6,85.T0.13-39-j26-1.6.R,Fürth Hauptbahnhof,1,
13-39-j26-1,T0#6,86.T0.13-39-j26-1.6.R,Fürth Hauptbahnhof,1,
13-39-j26-1,T0#6,87.T0.13-39-j26-1.6.R,Fürth Hauptbahnhof,1,
13-39-j26-1,T0#6,88.T0.13-39-j26-1.6.R,Fürth Hauptbahnhof,1,
13-39-j26-1,T0#6,89.T0.13-39-j26-1.6.R,Fürth Hauptbahnhof,1,
13-39-j26-1,T0+01,9.T0.13-39-j26-1.1.H,Nürnberg Maximilianstr.,0,
13-39-j26-1,T0#6,90.T0.13-39-j26-1.6.R,Fürth Hauptbahnhof,1,
13-39-j26-1,T0#6,91.T0.13-39-j26-1.6.R,Fürth Hauptbahnhof,1,
13-39-j26-1,T0#6,92.T0.13-39-j26-1.6.R,Fürth Hauptbahnhof,1,
13-39-j26-1,T0#6,93.T0.13-39-j26-1.6.R,Fürth Hauptbahnhof,1,
13-39-j26-1,T0#6,94.T0.13-39-j26-1.6.R,Fürth Hauptbahnhof,1,
13-39-j26-1,T0#6,95.T0.13-39-j26-1.6.R,Fürth Hauptbahnhof,1,
13-39-j26-1,T0#6,96.T0.13-39-j26-1.6.R,Fürth Hauptbahnhof,1,
13-39-j26-1,T0#6,97.T0.13-39-j26-1.6.R,Fürth Hauptbahnhof,1,
13-39-j26-1,T0#6,98.T0.13-39-j26-1.6.R,Fürth Hauptbahnhof,1,
13-39-j26-1,T0#6,99.T0.13-39-j26-1.6.R,Fürth Hauptbahnhof,1,
13-40-j26-2,T0#18,10.T0.13-40-j26-2.15.H,Nürnberg Hammer,0,
13-40-j26-2,T0#18,100.T0.13-40-j26-2.23.R,Nürnberg Heinemannbrü.,1,
13-40-j26-2,T0#18,101.T0.13-40-j26-2.2.R,Nürnberg Heinemannbrü.,1,
13-40-j26-2,T0#18,102.T0.13-40-j26-2.2.R,Nürnberg Heinemannbrü.,1,
13-40-j26-2,T0#18,103.T0.13-40-j26-2.2.R,Nürnberg Heinemannbrü.,1,
13-40-j26-2,T0#18,104.T0.13-40-j26-2.2.R,Nürnberg Heinemannbrü.,1,
13-40-j26-2,T0#18,105.T0.13-40-j26-2.2.R,Nürnberg Heinemannbrü.,1,
13-40-j26-2,T0#18,106.T0.13-40-j26-2.19.R,Nürnberg Heinemannbrü.,1,
13-40-j26-2,T0#18,107.T0.13-40-j26-2.23.R,Nürnberg Heinemannbrü.,1,
13-40-j26-2,T0#18,108.T0.13-40-j26-2.20.R,Nürnberg Heinemannbrü.,1,
13-40-j26-2,T0#18,109.T0.13-40-j26-2.23.R,Nürnberg Heinemannbrü.,1,
13-40-j26-2,T0#18,11.T0.13-40-j26-2.13.H,Schwaig Max-Reger-Str.,0,
13-40-j26-2,T0#18,110.T0.13-40-j26-2.20.R,Nürnberg Heinemannbrü.,1,
13-40-j26-2,T0#18,111.T0.13-40-j26-2.23.R,Nürnberg Heinemannbrü.,1,
13-40-j26-2,T0#18,112.T0.13-40-j26-2.20.R,Nürnberg Heinemannbrü.,1,
13-40-j26-2,T0#18,113.T0.13-40-j26-2.24.R,Schwaig Am Bahnhof,1,
13-40-j26-2,T0#18,114.T0.13-40-j26-2.1.R,Nürnberg Heinemannbrü.,1,
13-40-j26-2,T0#18,115.T0.13-40-j26-2.1.R,Nürnberg Heinemannbrü.,1,
13-40-j26-2,T0#18,116.T0.13-40-j26-2.1.R,Nürnberg Heinemannbrü.,1,
13-40-j26-2,T0#18,117.T0.13-40-j26-2.1.R,Nürnberg Heinemannbrü.,1,
13-40-j26-2,T0#18,118.T0.13-40-j26-2.1.R,Nürnberg Heinemannbrü.,1,
13-40-j26-2,T0#18,119.T0.13-40-j26-2.1.R,Nürnberg Heinemannbrü.,1,
13-40-j26-2,T0#18,12.T0.13-40-j26-2.15.H,Nürnberg Hammer,0,
13-40-j26-2,T0#18,120.T0.13-40-j26-2.1.R,Nürnberg Heinemannbrü.,1,
13-40-j26-2,T0#18,121.T0.13-40-j26-2.18.R,Nürnberg Heinemannbrü.,1,
13-40-j26-2,T0#18,122.T0.13-40-j26-2.18.R,Nürnberg Heinemannbrü.,1,
13-40-j26-2,T0#18,123.T0.13-40-j26-2.18.R,Nürnberg Heinemannbrü.,1,
13-40-j26-2,T0#18,124.T0.13-40-j26-2.18.R,Nürnberg Heinemannbrü.,1,
13-40-j26-2,T0#18,125.T0.13-40-j26-2.18.R,Nürnberg Heinemannbrü.,1,
13-40-j26-2,T0#18,126.T0.13-40-j26-2.18.R,Nürnberg Heinemannbrü.,1,
13-40-j26-2,T0#18,13.T0.13-40-j26-2.14.H,Behringersd. Am Neubruch,0,
13-40-j26-2,T0#18,14.T0.13-40-j26-2.15.H,Nürnberg Hammer,0,
13-40-j26-2,T0#18,15.T0.13-40-j26-2.13.H,Schwaig Max-Reger-Str.,0,
13-40-j26-2,T0#18,16.T0.13-40-j26-2.15.H,Nürnberg Hammer,0,
13-40-j26-2,T0#18,17.T0.13-40-j26-2.14.H,Behringersd. Am Neubruch,0,
13-40-j26-2,T0#18,18.T0.13-40-j26-2.15.H,Nürnberg Hammer,0,
13-40-j26-2,T0#18,19.T0.13-40-j26-2.15.H,Nürnberg Hammer,0,
13-40-j26-2,T0#18,2.T0.13-40-j26-2.13.H,Schwaig Max-Reger-Str.,0,
13-40-j26-2,T0#18,20.T0.13-40-j26-2.15.H,Nürnberg Hammer,0,
13-40-j26-2,T0#18,21.T0.13-40-j26-2.15.H,Nürnberg Hammer,0,
13-40-j26-2,T0#18,22.T0.13-40-j26-2.15.H,Nürnberg Hammer,0,
13-40-j26-2,T0#18,23.T0.13-40-j26-2.15.H,Nürnberg Hammer,0,
13-40-j26-2,T0#18,24.T0.13-40-j26-2.15.H,Nürnberg Hammer,0,
13-40-j26-2,T0#18,25.T0.13-40-j26-2.15.H,Nürnberg Hammer,0,
13-40-j26-2,T0#18,26.T0.13-40-j26-2.15.H,Nürnberg Hammer,0,
13-40-j26-2,T0#18,27.T0.13-40-j26-2.15.H,Nürnberg Hammer,0,
13-40-j26-2,T0#18,28.T0.13-40-j26-2.13.H,Schwaig Max-Reger-Str.,0,
13-40-j26-2,T0#18,29.T0.13-40-j26-2.14.H,Behringersd. Am Neubruch,0,
13-40-j26-2,T0#18,3.T0.13-40-j26-2.14.H,Behringersd. Am Neubruch,0,
13-40-j26-2,T0#18,30.T0.13-40-j26-2.13.H,Schwaig Max-Reger-Str.,0,
13-40-j26-2,T0#18,31.T0.13-40-j26-2.14.H,Behringersd. Am Neubruch,0,
13-40-j26-2,T0#18,32.T0.13-40-j26-2.16.H,Behringersd. Am Neubruch,0,
13-40-j26-2,T0#18,33.T0.13-40-j26-2.14.H,Behringersd. Am Neubruch,0,
13-40-j26-2,T0+01#6,34.T0.13-40-j26-2.17.H,Nürnberg Hammer,0,
13-40-j26-2,T0#18,35.T0.13-40-j26-2.14.H,Behringersd. Am Neubruch,0,
13-40-j26-2,T0#18,36.T0.13-40-j26-2.15.H,Nürnberg Hammer,0,
13-40-j26-2,T0#18,37.T0.13-40-j26-2.15.H,Nürnberg Hammer,0,
13-40-j26-2,T0#18,38.T0.13-40-j26-2.15.H,Nürnberg Hammer,0,
13-40-j26-2,T0#18,39.T0.13-40-j26-2.15.H,Nürnberg Hammer,0,
13-40-j26-2,T0#18,4.T0.13-40-j26-2.15.H,Nürnberg Hammer,0,
13-40-j26-2,T0#18,40.T0.13-40-j26-2.15.H,Nürnberg Hammer,0,
13-40-j26-2,T0#18,41.T0.13-40-j26-2.14.H,Behringersd. Am Neubruch,0,
13-40-j26-2,T0#18,42.T0.13-40-j26-2.13.H,Schwaig Max-Reger-Str.,0,
13-40-j26-2,T0#18,43.T0.13-40-j26-2.14.H,Behringersd. Am Neubruch,0,
13-40-j26-2,T0#18,44.T0.13-40-j26-2.13.H,Schwaig Max-Reger-Str.,0,
13-40-j26-2,T0#18,45.T0.13-40-j26-2.14.H,Behringersd. Am Neubruch,0,
13-40-j26-2,T0#18,46.T0.13-40-j26-2.13.H,Schwaig Max-Reger-Str.,0,
13-40-j26-2,T0#18,47.T0.13-40-j26-2.14.H,Behringersd. Am Neubruch,0,
13-40-j26-2,T0#18,48.T0.13-40-j26-2.15.H,Nürnberg Hammer,0,
13-40-j26-2,T0#18,49.T0.13-40-j26-2.15.H,Nürnberg Hammer,0,
13-40-j26-2,T0#18,50.T0.13-40-j26-2.15.H,Nürnberg Hammer,0,
13-40-j26-2,T0#18,51.T0.13-40-j26-2.15.H,Nürnberg Hammer,0,
13-40-j26-2,T0#18,52.T0.13-40-j26-2.15.H,Nürnberg Hammer,0,
13-40-j26-2,T0#18,53.T0.13-40-j26-2.15.H,Nürnberg Hammer,0,
13-40-j26-2,T0#18,54.T0.13-40-j26-2.15.H,Nürnberg Hammer,0,
13-40-j26-2,T0#18,55.T0.13-40-j26-2.15.H,Nürnberg Hammer,0,
13-40-j26-2,T0#18,56.T0.13-40-j26-2.15.H,Nürnberg Hammer,0,
13-40-j26-2,T0#18,57.T0.13-40-j26-2.15.H,Nürnberg Hammer,0,
13-40-j26-2,T0#18,58.T0.13-40-j26-2.15.H,Nürnberg Hammer,0,
13-40-j26-2,T0#18,59.T0.13-40-j26-2.15.H,Nürnberg Hammer,0,
13-40-j26-2,T0#18,6.T0.13-40-j26-2.14.H,Behringersd. Am Neubruch,0,
13-40-j26-2,T0#18,60.T0.13-40-j26-2.15.H,Nürnberg Hammer,0,
13-40-j26-2,T0#18,61.T0.13-40-j26-2.15.H,Nürnberg Hammer,0,
13-40-j26-2,T0#18,62.T0.13-40-j26-2.15.H,Nürnberg Hammer,0,
13-40-j26-2,T0#18,64.T0.13-40-j26-2.1.R,Nürnberg Heinemannbrü.,1,
13-40-j26-2,T0#18,65.T0.13-40-j26-2.19.R,Nürnberg Heinemannbrü.,1,
13-40-j26-2,T0#18,66.T0.13-40-j26-2.1.R,Nürnberg Heinemannbrü.,1,
13-40-j26-2,T0#18,68.T0.13-40-j26-2.20.R,Nürnberg Heinemannbrü.,1,
13-40-j26-2,T0#18,69.T0.13-40-j26-2.21.R,Nürnberg Heinemannbrü.,1,
13-40-j26-2,T0#18,7.T0.13-40-j26-2.14.H,Behringersd. Am Neubruch,0,
13-40-j26-2,T0#18,70.T0.13-40-j26-2.1.R,Nürnberg Heinemannbrü.,1,
13-40-j26-2,T0#18,71.T0.13-40-j26-2.20.R,Nürnberg Heinemannbrü.,1,
13-40-j26-2,T0+01#6,72.T0.13-40-j26-2.22.R,Nürnberg Mögeldorf,1,
13-40-j26-2,T0#18,74.T0.13-40-j26-2.2.R,Nürnberg Heinemannbrü.,1,
13-40-j26-2,T0#18,75.T0.13-40-j26-2.21.R,Nürnberg Heinemannbrü.,1,
13-40-j26-2,T0#18,76.T0.13-40-j26-2.2.R,Nürnberg Heinemannbrü.,1,
13-40-j26-2,T0#18,77.T0.13-40-j26-2.23.R,Nürnberg Heinemannbrü.,1,
13-40-j26-2,T0#18,78.T0.13-40-j26-2.2.R,Nürnberg Heinemannbrü.,1,
13-40-j26-2,T0#18,79.T0.13-40-j26-2.20.R,Nürnberg Heinemannbrü.,1,
13-40-j26-2,T0#18,8.T0.13-40-j26-2.15.H,Nürnberg Hammer,0,
13-40-j26-2,T0#18,80.T0.13-40-j26-2.2.R,Nürnberg Heinemannbrü.,1,
13-40-j26-2,T0#18,81.T0.13-40-j26-2.2.R,Nürnberg Heinemannbrü.,1,
13-40-j26-2,T0#18,82.T0.13-40-j26-2.23.R,Nürnberg Heinemannbrü.,1,
13-40-j26-2,T0#18,83.T0.13-40-j26-2.20.R,Nürnberg Heinemannbrü.,1,
13-40-j26-2,T0#18,84.T0.13-40-j26-2.23.R,Nürnberg Heinemannbrü.,1,
13-40-j26-2,T0#18,85.T0.13-40-j26-2.1.R,Nürnberg Heinemannbrü.,1,
13-40-j26-2,T0#18,86.T0.13-40-j26-2.1.R,Nürnberg Heinemannbrü.,1,
13-40-j26-2,T0#18,87.T0.13-40-j26-2.1.R,Nürnberg Heinemannbrü.,1,
13-40-j26-2,T0#18,88.T0.13-40-j26-2.1.R,Nürnberg Heinemannbrü.,1,
13-40-j26-2,T0#18,89.T0.13-40-j26-2.1.R,Nürnberg Heinemannbrü.,1,
13-40-j26-2,T0#18,9.T0.13-40-j26-2.14.H,Behringersd. Am Neubruch,0,
13-40-j26-2,T0#18,90.T0.13-40-j26-2.1.R,Nürnberg Heinemannbrü.,1,
13-40-j26-2,T0#18,91.T0.13-40-j26-2.1.R,Nürnberg Heinemannbrü.,1,
13-40-j26-2,T0#18,92.T0.13-40-j26-2.1.R,Nürnberg Heinemannbrü.,1,
13-40-j26-2,T0#18,93.T0.13-40-j26-2.1.R,Nürnberg Heinemannbrü.,1,
13-40-j26-2,T0#18,94.T0.13-40-j26-2.20.R,Nürnberg Heinemannbrü.,1,
13-40-j26-2,T0#18,95.T0.13-40-j26-2.23.R,Nürnberg Heinemannbrü.,1,
13-40-j26-2,T0#18,96.T0.13-40-j26-2.20.R,Nürnberg Heinemannbrü.,1,
13-40-j26-2,T0#18,97.T0.13-40-j26-2.23.R,Nürnberg Heinemannbrü.,1,
13-40-j26-2,T0#18,98.T0.13-40-j26-2.23.R,Nürnberg Heinemannbrü.,1,
13-40-j26-2,T0#18,99.T0.13-40-j26-2.23.R,Nürnberg Heinemannbrü.,1,
13-43-j26-2,T0#19,1.T0.13-43-j26-2.4.H,Nürnberg Passauer Str.,0,
13-43-j26-2,T0#19,10.T0.13-43-j26-2.5.H,Nürnberg Passauer Str.,0,
13-43-j26-2,T0#19,100.T0.13-43-j26-2.6.R,Nürnberg Hbf,1,
13-43-j26-2,T0#19,101.T0.13-43-j26-2.6.R,Nürnberg Hbf,1,
13-43-j26-2,T0#19,102.T0.13-43-j26-2.6.R,Nürnberg Hbf,1,
13-43-j26-2,T0#19,103.T0.13-43-j26-2.6.R,Nürnberg Hbf,1,
13-43-j26-2,T0#19,104.T0.13-43-j26-2.6.R,Nürnberg Hbf,1,
13-43-j26-2,T0#19,105.T0.13-43-j26-2.6.R,Nürnberg Hbf,1,
13-43-j26-2,T0#19,106.T0.13-43-j26-2.6.R,Nürnberg Hbf,1,
13-43-j26-2,T0#19,107.T0.13-43-j26-2.6.R,Nürnberg Hbf,1,
13-43-j26-2,T0#19,108.T0.13-43-j26-2.6.R,Nürnberg Hbf,1,
13-43-j26-2,T0#19,109.T0.13-43-j26-2.6.R,Nürnberg Hbf,1,
13-43-j26-2,T0#19,11.T0.13-43-j26-2.5.H,Nürnberg Passauer Str.,0,
13-43-j26-2,T0#19,110.T0.13-43-j26-2.6.R,Nürnberg Hbf,1,
13-43-j26-2,T0#19,111.T0.13-43-j26-2.6.R,Nürnberg Hbf,1,
13-43-j26-2,T0#19,112.T0.13-43-j26-2.6.R,Nürnberg Hbf,1,
13-43-j26-2,T0#19,113.T0.13-43-j26-2.6.R,Nürnberg Hbf,1,
13-43-j26-2,T0#19,114.T0.13-43-j26-2.6.R,Nürnberg Hbf,1,
13-43-j26-2,T0#19,115.T0.13-43-j26-2.6.R,Nürnberg Hbf,1,
13-43-j26-2,T0#19,116.T0.13-43-j26-2.6.R,Nürnberg Hbf,1,
13-43-j26-2,T0#19,117.T0.13-43-j26-2.6.R,Nürnberg Hbf,1,
13-43-j26-2,T0#19,118.T0.13-43-j26-2.6.R,Nürnberg Hbf,1,
13-43-j26-2,T0#19,119.T0.13-43-j26-2.6.R,Nürnberg Hbf,1,
13-43-j26-2,T0#19,12.T0.13-43-j26-2.5.H,Nürnberg Passauer Str.,0,
13-43-j26-2,T0#19,120.T0.13-43-j26-2.6.R,Nürnberg Hbf,1,
13-43-j26-2,T0#19,121.T0.13-43-j26-2.6.R,Nürnberg Hbf,1,
13-43-j26-2,T0#19,122.T0.13-43-j26-2.6.R,Nürnberg Hbf,1,
13-43-j26-2,T0#19,123.T0.13-43-j26-2.6.R,Nürnberg Hbf,1,
13-43-j26-2,T0#19,124.T0.13-43-j26-2.6.R,Nürnberg Hbf,1,
13-43-j26-2,T0#19,125.T0.13-43-j26-2.6.R,Nürnberg Hbf,1,
13-43-j26-2,T0#19,126.T0.13-43-j26-2.6.R,Nürnberg Hbf,1,
13-43-j26-2,T0#19,127.T0.13-43-j26-2.6.R,Nürnberg Hbf,1,
13-43-j26-2,T0#19,128.T0.13-43-j26-2.6.R,Nürnberg Hbf,1,
13-43-j26-2,T0#19,129.T0.13-43-j26-2.6.R,Nürnberg Hbf,1,
13-43-j26-2,T0#19,13.T0.13-43-j26-2.5.H,Nürnberg Passauer Str.,0,
13-43-j26-2,T0#19,130.T0.13-43-j26-2.6.R,Nürnberg Hbf,1,
13-43-j26-2,T0#19,131.T0.13-43-j26-2.6.R,Nürnberg Hbf,1,
13-43-j26-2,T0#19,132.T0.13-43-j26-2.6.R,Nürnberg Hbf,1,
13-43-j26-2,T0#19,133.T0.13-43-j26-2.6.R,Nürnberg Hbf,1,
13-43-j26-2,T0#19,134.T0.13-43-j26-2.6.R,Nürnberg Hbf,1,
13-43-j26-2,T0#19,135.T0.13-43-j26-2.6.R,Nürnberg Hbf,1,
13-43-j26-2,T0#19,136.T0.13-43-j26-2.6.R,Nürnberg Hbf,1,
13-43-j26-2,T0#19,137.T0.13-43-j26-2.6.R,Nürnberg Hbf,1,
13-43-j26-2,T0#19,138.T0.13-43-j26-2.6.R,Nürnberg Hbf,1,
13-43-j26-2,T0#19,139.T0.13-43-j26-2.6.R,Nürnberg Hbf,1,
13-43-j26-2,T0#19,14.T0.13-43-j26-2.5.H,Nürnberg Passauer Str.,0,
13-43-j26-2,T0#19,140.T0.13-43-j26-2.6.R,Nürnberg Hbf,1,
13-43-j26-2,T0#19,141.T0.13-43-j26-2.6.R,Nürnberg Hbf,1,
13-43-j26-2,T0#19,142.T0.13-43-j26-2.6.R,Nürnberg Hbf,1,
13-43-j26-2,T0#19,143.T0.13-43-j26-2.6.R,Nürnberg Hbf,1,
13-43-j26-2,T0#19,144.T0.13-43-j26-2.6.R,Nürnberg Hbf,1,
13-43-j26-2,T0#19,145.T0.13-43-j26-2.6.R,Nürnberg Hbf,1,
13-43-j26-2,T0#19,146.T0.13-43-j26-2.6.R,Nürnberg Hbf,1,
13-43-j26-2,T0#19,147.T0.13-43-j26-2.6.R,Nürnberg Hbf,1,
13-43-j26-2,T0#19,148.T0.13-43-j26-2.6.R,Nürnberg Hbf,1,
13-43-j26-2,T0#19,149.T0.13-43-j26-2.6.R,Nürnberg Hbf,1,
13-43-j26-2,T0#19,15.T0.13-43-j26-2.5.H,Nürnberg Passauer Str.,0,
13-43-j26-2,T0#19,150.T0.13-43-j26-2.6.R,Nürnberg Hbf,1,
13-43-j26-2,T0#19,151.T0.13-43-j26-2.6.R,Nürnberg Hbf,1,
13-43-j26-2,T0#19,152.T0.13-43-j26-2.6.R,Nürnberg Hbf,1,
13-43-j26-2,T0#19,153.T0.13-43-j26-2.6.R,Nürnberg Hbf,1,
13-43-j26-2,T0#19,154.T0.13-43-j26-2.6.R,Nürnberg Hbf,1,
13-43-j26-2,T0#19,155.T0.13-43-j26-2.6.R,Nürnberg Hbf,1,
13-43-j26-2,T0#19,156.T0.13-43-j26-2.6.R,Nürnberg Hbf,1,
13-43-j26-2,T0#19,157.T0.13-43-j26-2.6.R,Nürnberg Hbf,1,
13-43-j26-2,T0#19,158.T0.13-43-j26-2.6.R,Nürnberg Hbf,1,
13-43-j26-2,T0#19,159.T0.13-43-j26-2.6.R,Nürnberg Hbf,1,
13-43-j26-2,T0#19,16.T0.13-43-j26-2.5.H,Nürnberg Passauer Str.,0,
13-43-j26-2,T0#19,160.T0.13-43-j26-2.6.R,Nürnberg Hbf,1,
13-43-j26-2,T0#19,161.T0.13-43-j26-2.6.R,Nürnberg Hbf,1,
13-43-j26-2,T0#19,162.T0.13-43-j26-2.6.R,Nürnberg Hbf,1,
13-43-j26-2,T0#19,163.T0.13-43-j26-2.6.R,Nürnberg Hbf,1,
13-43-j26-2,T0#19,164.T0.13-43-j26-2.6.R,Nürnberg Hbf,1,
13-43-j26-2,T0#19,165.T0.13-43-j26-2.6.R,Nürnberg Hbf,1,
13-43-j26-2,T0#19,166.T0.13-43-j26-2.6.R,Nürnberg Hbf,1,
13-43-j26-2,T0#19,167.T0.13-43-j26-2.6.R,Nürnberg Hbf,1,
13-43-j26-2,T0#19,168.T0.13-43-j26-2.6.R,Nürnberg Hbf,1,
13-43-j26-2,T0#19,169.T0.13-43-j26-2.6.R,Nürnberg Hbf,1,
13-43-j26-2,T0#19,17.T0.13-43-j26-2.5.H,Nürnberg Passauer Str.,0,
13-43-j26-2,T0#19,170.T0.13-43-j26-2.6.R,Nürnberg Hbf,1,
13-43-j26-2,T0#19,171.T0.13-43-j26-2.6.R,Nürnberg Hbf,1,
13-43-j26-2,T0#19,172.T0.13-43-j26-2.6.R,Nürnberg Hbf,1,
13-43-j26-2,T0#19,173.T0.13-43-j26-2.6.R,Nürnberg Hbf,1,
13-43-j26-2,T0#19,174.T0.13-43-j26-2.6.R,Nürnberg Hbf,1,
13-43-j26-2,T0#19,175.T0.13-43-j26-2.6.R,Nürnberg Hbf,1,
13-43-j26-2,T0#19,176.T0.13-43-j26-2.6.R,Nürnberg Hbf,1,
13-43-j26-2,T0#19,177.T0.13-43-j26-2.6.R,Nürnberg Hbf,1,
13-43-j26-2,T0#19,178.T0.13-43-j26-2.6.R,Nürnberg Hbf,1,
13-43-j26-2,T0#19,179.T0.13-43-j26-2.6.R,Nürnberg Hbf,1,
13-43-j26-2,T0#19,18.T0.13-43-j26-2.5.H,Nürnberg Passauer Str.,0,
13-43-j26-2,T0#19,180.T0.13-43-j26-2.6.R,Nürnberg Hbf,1,
13-43-j26-2,T0#19,181.T0.13-43-j26-2.6.R,Nürnberg Hbf,1,
13-43-j26-2,T0#19,182.T0.13-43-j26-2.6.R,Nürnberg Hbf,1,
13-43-j26-2,T0#19,183.T0.13-43-j26-2.6.R,Nürnberg Hbf,1,
13-43-j26-2,T0#19,184.T0.13-43-j26-2.6.R,Nürnberg Hbf,1,
13-43-j26-2,T0#19,185.T0.13-43-j26-2.6.R,Nürnberg Hbf,1,
13-43-j26-2,T0#19,186.T0.13-43-j26-2.6.R,Nürnberg Hbf,1,
13-43-j26-2,T0#19,187.T0.13-43-j26-2.6.R,Nürnberg Hbf,1,
13-43-j26-2,T0#19,188.T0.13-43-j26-2.6.R,Nürnberg Hbf,1,
13-43-j26-2,T0#19,189.T0.13-43-j26-2.6.R,Nürnberg Hbf,1,
13-43-j26-2,T0#19,19.T0.13-43-j26-2.5.H,Nürnberg Passauer Str.,0,
13-43-j26-2,T0#19,191.T0.13-43-j26-2.6.R,Nürnberg Hbf,1,
13-43-j26-2,T0#19,2.T0.13-43-j26-2.4.H,Nürnberg Passauer Str.,0,
13-43-j26-2,T0#19,20.T0.13-43-j26-2.5.H,Nürnberg Passauer Str.,0,
13-43-j26-2,T0#19,21.T0.13-43-j26-2.5.H,Nürnberg Passauer Str.,0,
13-43-j26-2,T0#19,22.T0.13-43-j26-2.5.H,Nürnberg Passauer Str.,0,
13-43-j26-2,T0#19,23.T0.13-43-j26-2.5.H,Nürnberg Passauer Str.,0,
13-43-j26-2,T0#19,24.T0.13-43-j26-2.5.H,Nürnberg Passauer Str.,0,
13-43-j26-2,T0#19,25.T0.13-43-j26-2.5.H,Nürnberg Passauer Str.,0,
13-43-j26-2,T0#19,26.T0.13-43-j26-2.5.H,Nürnberg Passauer Str.,0,
13-43-j26-2,T0#19,27.T0.13-43-j26-2.4.H,Nürnberg Passauer Str.,0,
13-43-j26-2,T0#19,28.T0.13-43-j26-2.5.H,Nürnberg Passauer Str.,0,
13-43-j26-2,T0#19,29.T0.13-43-j26-2.5.H,Nürnberg Passauer Str.,0,
13-43-j26-2,T0#19,3.T0.13-43-j26-2.5.H,Nürnberg Passauer Str.,0,
13-43-j26-2,T0#19,30.T0.13-43-j26-2.5.H,Nürnberg Passauer Str.,0,
13-43-j26-2,T0#19,31.T0.13-43-j26-2.5.H,Nürnberg Passauer Str.,0,
13-43-j26-2,T0#19,32.T0.13-43-j26-2.5.H,Nürnberg Passauer Str.,0,
13-43-j26-2,T0#19,33.T0.13-43-j26-2.5.H,Nürnberg Passauer Str.,0,
13-43-j26-2,T0#19,34.T0.13-43-j26-2.5.H,Nürnberg Passauer Str.,0,
13-43-j26-2,T0#19,35.T0.13-43-j26-2.5.H,Nürnberg Passauer Str.,0,
13-43-j26-2,T0#19,36.T0.13-43-j26-2.5.H,Nürnberg Passauer Str.,0,
13-43-j26-2,T0#19,37.T0.13-43-j26-2.5.H,Nürnberg Passauer Str.,0,
13-43-j26-2,T0#19,38.T0.13-43-j26-2.5.H,Nürnberg Passauer Str.,0,
13-43-j26-2,T0#19,39.T0.13-43-j26-2.5.H,Nürnberg Passauer Str.,0,
13-43-j26-2,T0#19,4.T0.13-43-j26-2.5.H,Nürnberg Passauer Str.,0,
13-43-j26-2,T0#19,40.T0.13-43-j26-2.5.H,Nürnberg Passauer Str.,0,
13-43-j26-2,T0#19,41.T0.13-43-j26-2.5.H,Nürnberg Passauer Str.,0,
13-43-j26-2,T0#19,42.T0.13-43-j26-2.5.H,Nürnberg Passauer Str.,0,
13-43-j26-2,T0#19,43.T0.13-43-j26-2.5.H,Nürnberg Passauer Str.,0,
13-43-j26-2,T0#19,44.T0.13-43-j26-2.5.H,Nürnberg Passauer Str.,0,
13-43-j26-2,T0#19,45.T0.13-43-j26-2.5.H,Nürnberg Passauer Str.,0,
13-43-j26-2,T0#19,46.T0.13-43-j26-2.5.H,Nürnberg Passauer Str.,0,
13-43-j26-2,T0#19,47.T0.13-43-j26-2.5.H,Nürnberg Passauer Str.,0,
13-43-j26-2,T0#19,48.T0.13-43-j26-2.5.H,Nürnberg Passauer Str.,0,
13-43-j26-2,T0#19,49.T0.13-43-j26-2.5.H,Nürnberg Passauer Str.,0,
13-43-j26-2,T0#19,5.T0.13-43-j26-2.5.H,Nürnberg Passauer Str.,0,
13-43-j26-2,T0#19,50.T0.13-43-j26-2.5.H,Nürnberg Passauer Str.,0,
13-43-j26-2,T0#19,51.T0.13-43-j26-2.5.H,Nürnberg Passauer Str.,0,
13-43-j26-2,T0#19,52.T0.13-43-j26-2.5.H,Nürnberg Passauer Str.,0,
13-43-j26-2,T0#19,53.T0.13-43-j26-2.5.H,Nürnberg Passauer Str.,0,
13-43-j26-2,T0#19,54.T0.13-43-j26-2.5.H,Nürnberg Passauer Str.,0,
13-43-j26-2,T0#19,55.T0.13-43-j26-2.5.H,Nürnberg Passauer Str.,0,
13-43-j26-2,T0#19,56.T0.13-43-j26-2.5.H,Nürnberg Passauer Str.,0,
13-43-j26-2,T0#19,57.T0.13-43-j26-2.5.H,Nürnberg Passauer Str.,0,
13-43-j26-2,T0#19,58.T0.13-43-j26-2.5.H,Nürnberg Passauer Str.,0,
13-43-j26-2,T0#19,59.T0.13-43-j26-2.5.H,Nürnberg Passauer Str.,0,
13-43-j26-2,T0#19,6.T0.13-43-j26-2.5.H,Nürnberg Passauer Str.,0,
13-43-j26-2,T0#19,60.T0.13-43-j26-2.5.H,Nürnberg Passauer Str.,0,
13-43-j26-2,T0#19,61.T0.13-43-j26-2.5.H,Nürnberg Passauer Str.,0,
13-43-j26-2,T0#19,62.T0.13-43-j26-2.5.H,Nürnberg Passauer Str.,0,
13-43-j26-2,T0#19,63.T0.13-43-j26-2.5.H,Nürnberg Passauer Str.,0,
13-43-j26-2,T0#19,64.T0.13-43-j26-2.5.H,Nürnberg Passauer Str.,0,
13-43-j26-2,T0#19,65.T0.13-43-j26-2.5.H,Nürnberg Passauer Str.,0,
13-43-j26-2,T0#19,66.T0.13-43-j26-2.5.H,Nürnberg Passauer Str.,0,
13-43-j26-2,T0#19,67.T0.13-43-j26-2.5.H,Nürnberg Passauer Str.,0,
13-43-j26-2,T0#19,68.T0.13-43-j26-2.5.H,Nürnberg Passauer Str.,0,
13-43-j26-2,T0#19,69.T0.13-43-j26-2.5.H,Nürnberg Passauer Str.,0,
13-43-j26-2,T0#19,7.T0.13-43-j26-2.4.H,Nürnberg Passauer Str.,0,
13-43-j26-2,T0#19,70.T0.13-43-j26-2.5.H,Nürnberg Passauer Str.,0,
13-43-j26-2,T0#19,71.T0.13-43-j26-2.5.H,Nürnberg Passauer Str.,0,
13-43-j26-2,T0#19,72.T0.13-43-j26-2.5.H,Nürnberg Passauer Str.,0,
13-43-j26-2,T0#19,73.T0.13-43-j26-2.5.H,Nürnberg Passauer Str.,0,
13-43-j26-2,T0#19,74.T0.13-43-j26-2.5.H,Nürnberg Passauer Str.,0,
13-43-j26-2,T0#19,75.T0.13-43-j26-2.5.H,Nürnberg Passauer Str.,0,
13-43-j26-2,T0#19,76.T0.13-43-j26-2.5.H,Nürnberg Passauer Str.,0,
13-43-j26-2,T0#19,77.T0.13-43-j26-2.5.H,Nürnberg Passauer Str.,0,
13-43-j26-2,T0#19,78.T0.13-43-j26-2.5.H,Nürnberg Passauer Str.,0,
13-43-j26-2,T0#19,79.T0.13-43-j26-2.5.H,Nürnberg Passauer Str.,0,
13-43-j26-2,T0#19,8.T0.13-43-j26-2.5.H,Nürnberg Passauer Str.,0,
13-43-j26-2,T0#19,80.T0.13-43-j26-2.5.H,Nürnberg Passauer Str.,0,
13-43-j26-2,T0#19,81.T0.13-43-j26-2.5.H,Nürnberg Passauer Str.,0,
13-43-j26-2,T0#19,82.T0.13-43-j26-2.5.H,Nürnberg Passauer Str.,0,
13-43-j26-2,T0#19,83.T0.13-43-j26-2.5.H,Nürnberg Passauer Str.,0,
13-43-j26-2,T0#19,84.T0.13-43-j26-2.5.H,Nürnberg Passauer Str.,0,
13-43-j26-2,T0#19,85.T0.13-43-j26-2.5.H,Nürnberg Passauer Str.,0,
13-43-j26-2,T0#19,86.T0.13-43-j26-2.5.H,Nürnberg Passauer Str.,0,
13-43-j26-2,T0#19,87.T0.13-43-j26-2.5.H,Nürnberg Passauer Str.,0,
13-43-j26-2,T0#19,88.T0.13-43-j26-2.5.H,Nürnberg Passauer Str.,0,
13-43-j26-2,T0#19,89.T0.13-43-j26-2.5.H,Nürnberg Passauer Str.,0,
13-43-j26-2,T0#19,9.T0.13-43-j26-2.5.H,Nürnberg Passauer Str.,0,
13-43-j26-2,T0#19,90.T0.13-43-j26-2.5.H,Nürnberg Passauer Str.,0,
13-43-j26-2,T0#19,91.T0.13-43-j26-2.5.H,Nürnberg Passauer Str.,0,
13-43-j26-2,T0#19,92.T0.13-43-j26-2.5.H,Nürnberg Passauer Str.,0,
13-43-j26-2,T0#19,93.T0.13-43-j26-2.5.H,Nürnberg Passauer Str.,0,
13-43-j26-2,T0#19,94.T0.13-43-j26-2.5.H,Nürnberg Passauer Str.,0,
13-43-j26-2,T0#19,95.T0.13-43-j26-2.5.H,Nürnberg Passauer Str.,0,
13-43-j26-2,T0#19,96.T0.13-43-j26-2.5.H,Nürnberg Passauer Str.,0,
13-43-j26-2,T0#19,97.T0.13-43-j26-2.6.R,Nürnberg Hbf,1,
13-43-j26-2,T0#19,98.T0.13-43-j26-2.6.R,Nürnberg Hbf,1,
13-43-j26-2,T0#19,99.T0.13-43-j26-2.6.R,Nürnberg Hbf,1,
13-44-j26-2,T0#19,1.T0.13-44-j26-2.1.H,Nürnb. Langwasser Mitte,0,
13-44-j26-2,T0#19,10.T0.13-44-j26-2.1.H,Nürnb. Langwasser Mitte,0,
13-44-j26-2,T0#19,100.T0.13-44-j26-2.4.R,Nürnberg Hbf,1,
13-44-j26-2,T0#19,101.T0.13-44-j26-2.3.R,Nürnberg Hbf,1,
13-44-j26-2,T0#19,102.T0.13-44-j26-2.4.R,Nürnberg Hbf,1,
13-44-j26-2,T0#19,103.T0.13-44-j26-2.3.R,Nürnberg Hbf,1,
13-44-j26-2,T0#19,104.T0.13-44-j26-2.4.R,Nürnberg Hbf,1,
13-44-j26-2,T0#19,105.T0.13-44-j26-2.3.R,Nürnberg Hbf,1,
13-44-j26-2,T0#19,106.T0.13-44-j26-2.4.R,Nürnberg Hbf,1,
13-44-j26-2,T0#19,107.T0.13-44-j26-2.3.R,Nürnberg Hbf,1,
13-44-j26-2,T0#19,108.T0.13-44-j26-2.4.R,Nürnberg Hbf,1,
13-44-j26-2,T0#19,109.T0.13-44-j26-2.3.R,Nürnberg Hbf,1,
13-44-j26-2,T0#19,11.T0.13-44-j26-2.2.H,Nürnberg Zerzabelshof Ost,0,
13-44-j26-2,T0#19,110.T0.13-44-j26-2.4.R,Nürnberg Hbf,1,
13-44-j26-2,T0#19,111.T0.13-44-j26-2.3.R,Nürnberg Hbf,1,
13-44-j26-2,T0#19,112.T0.13-44-j26-2.4.R,Nürnberg Hbf,1,
13-44-j26-2,T0#19,113.T0.13-44-j26-2.3.R,Nürnberg Hbf,1,
13-44-j26-2,T0#19,114.T0.13-44-j26-2.3.R,Nürnberg Hbf,1,
13-44-j26-2,T0#19,115.T0.13-44-j26-2.3.R,Nürnberg Hbf,1,
13-44-j26-2,T0#19,116.T0.13-44-j26-2.3.R,Nürnberg Hbf,1,
13-44-j26-2,T0#19,117.T0.13-44-j26-2.3.R,Nürnberg Hbf,1,
13-44-j26-2,T0#19,118.T0.13-44-j26-2.3.R,Nürnberg Hbf,1,
13-44-j26-2,T0#19,119.T0.13-44-j26-2.3.R,Nürnberg Hbf,1,
13-44-j26-2,T0#19,12.T0.13-44-j26-2.1.H,Nürnb. Langwasser Mitte,0,
13-44-j26-2,T0#19,120.T0.13-44-j26-2.4.R,Nürnberg Hbf,1,
13-44-j26-2,T0#19,121.T0.13-44-j26-2.3.R,Nürnberg Hbf,1,
13-44-j26-2,T0#19,122.T0.13-44-j26-2.4.R,Nürnberg Hbf,1,
13-44-j26-2,T0#19,123.T0.13-44-j26-2.3.R,Nürnberg Hbf,1,
13-44-j26-2,T0#19,124.T0.13-44-j26-2.4.R,Nürnberg Hbf,1,
13-44-j26-2,T0#19,125.T0.13-44-j26-2.3.R,Nürnberg Hbf,1,
13-44-j26-2,T0#19,126.T0.13-44-j26-2.4.R,Nürnberg Hbf,1,
13-44-j26-2,T0#19,127.T0.13-44-j26-2.3.R,Nürnberg Hbf,1,
13-44-j26-2,T0#19,128.T0.13-44-j26-2.4.R,Nürnberg Hbf,1,
13-44-j26-2,T0#19,129.T0.13-44-j26-2.3.R,Nürnberg Hbf,1,
13-44-j26-2,T0#19,13.T0.13-44-j26-2.2.H,Nürnberg Zerzabelshof Ost,0,
13-44-j26-2,T0#19,130.T0.13-44-j26-2.4.R,Nürnberg Hbf,1,
13-44-j26-2,T0#19,131.T0.13-44-j26-2.3.R,Nürnberg Hbf,1,
13-44-j26-2,T0#19,132.T0.13-44-j26-2.4.R,Nürnberg Hbf,1,
13-44-j26-2,T0#19,133.T0.13-44-j26-2.3.R,Nürnberg Hbf,1,
13-44-j26-2,T0#19,134.T0.13-44-j26-2.4.R,Nürnberg Hbf,1,
13-44-j26-2,T0#19,135.T0.13-44-j26-2.3.R,Nürnberg Hbf,1,
13-44-j26-2,T0#19,136.T0.13-44-j26-2.4.R,Nürnberg Hbf,1,
13-44-j26-2,T0#19,137.T0.13-44-j26-2.3.R,Nürnberg Hbf,1,
13-44-j26-2,T0#19,138.T0.13-44-j26-2.4.R,Nürnberg Hbf,1,
13-44-j26-2,T0#19,139.T0.13-44-j26-2.3.R,Nürnberg Hbf,1,
13-44-j26-2,T0#19,14.T0.13-44-j26-2.1.H,Nürnb. Langwasser Mitte,0,
13-44-j26-2,T0#19,140.T0.13-44-j26-2.4.R,Nürnberg Hbf,1,
13-44-j26-2,T0#19,141.T0.13-44-j26-2.3.R,Nürnberg Hbf,1,
13-44-j26-2,T0#19,142.T0.13-44-j26-2.4.R,Nürnberg Hbf,1,
13-44-j26-2,T0#19,143.T0.13-44-j26-2.3.R,Nürnberg Hbf,1,
13-44-j26-2,T0#19,144.T0.13-44-j26-2.4.R,Nürnberg Hbf,1,
13-44-j26-2,T0#19,145.T0.13-44-j26-2.3.R,Nürnberg Hbf,1,
13-44-j26-2,T0#19,146.T0.13-44-j26-2.4.R,Nürnberg Hbf,1,
13-44-j26-2,T0#19,147.T0.13-44-j26-2.3.R,Nürnberg Hbf,1,
13-44-j26-2,T0#19,148.T0.13-44-j26-2.4.R,Nürnberg Hbf,1,
13-44-j26-2,T0#19,149.T0.13-44-j26-2.3.R,Nürnberg Hbf,1,
13-44-j26-2,T0#19,15.T0.13-44-j26-2.2.H,Nürnberg Zerzabelshof Ost,0,
13-44-j26-2,T0#19,150.T0.13-44-j26-2.4.R,Nürnberg Hbf,1,
13-44-j26-2,T0#19,151.T0.13-44-j26-2.3.R,Nürnberg Hbf,1,
13-44-j26-2,T0#19,152.T0.13-44-j26-2.4.R,Nürnberg Hbf,1,
13-44-j26-2,T0#19,153.T0.13-44-j26-2.3.R,Nürnberg Hbf,1,
13-44-j26-2,T0#19,154.T0.13-44-j26-2.4.R,Nürnberg Hbf,1,
13-44-j26-2,T0#19,155.T0.13-44-j26-2.3.R,Nürnberg Hbf,1,
13-44-j26-2,T0#19,156.T0.13-44-j26-2.4.R,Nürnberg Hbf,1,
13-44-j26-2,T0#19,157.T0.13-44-j26-2.3.R,Nürnberg Hbf,1,
13-44-j26-2,T0#19,158.T0.13-44-j26-2.4.R,Nürnberg Hbf,1,
13-44-j26-2,T0#19,159.T0.13-44-j26-2.3.R,Nürnberg Hbf,1,
13-44-j26-2,T0#19,16.T0.13-44-j26-2.1.H,Nürnb. Langwasser Mitte,0,
13-44-j26-2,T0#19,160.T0.13-44-j26-2.4.R,Nürnberg Hbf,1,
13-44-j26-2,T0#19,161.T0.13-44-j26-2.3.R,Nürnberg Hbf,1,
13-44-j26-2,T0#19,162.T0.13-44-j26-2.4.R,Nürnberg Hbf,1,
13-44-j26-2,T0#19,163.T0.13-44-j26-2.3.R,Nürnberg Hbf,1,
13-44-j26-2,T0#19,164.T0.13-44-j26-2.3.R,Nürnberg Hbf,1,
13-44-j26-2,T0#19,165.T0.13-44-j26-2.3.R,Nürnberg Hbf,1,
13-44-j26-2,T0#19,166.T0.13-44-j26-2.3.R,Nürnberg Hbf,1,
13-44-j26-2,T0#19,167.T0.13-44-j26-2.3.R,Nürnberg Hbf,1,
13-44-j26-2,T0#19,168.T0.13-44-j26-2.3.R,Nürnberg Hbf,1,
13-44-j26-2,T0#19,169.T0.13-44-j26-2.3.R,Nürnberg Hbf,1,
13-44-j26-2,T0#19,17.T0.13-44-j26-2.2.H,Nürnberg Zerzabelshof Ost,0,
13-44-j26-2,T0#19,170.T0.13-44-j26-2.3.R,Nürnberg Hbf,1,
13-44-j26-2,T0#19,171.T0.13-44-j26-2.3.R,Nürnberg Hbf,1,
13-44-j26-2,T0#19,172.T0.13-44-j26-2.3.R,Nürnberg Hbf,1,
13-44-j26-2,T0#19,173.T0.13-44-j26-2.3.R,Nürnberg Hbf,1,
13-44-j26-2,T0#19,18.T0.13-44-j26-2.1.H,Nürnb. Langwasser Mitte,0,
13-44-j26-2,T0#19,19.T0.13-44-j26-2.2.H,Nürnberg Zerzabelshof Ost,0,
13-44-j26-2,T0#19,2.T0.13-44-j26-2.1.H,Nürnb. Langwasser Mitte,0,
13-44-j26-2,T0#19,20.T0.13-44-j26-2.1.H,Nürnb. Langwasser Mitte,0,
13-44-j26-2,T0#19,21.T0.13-44-j26-2.2.H,Nürnberg Zerzabelshof Ost,0,
13-44-j26-2,T0#19,22.T0.13-44-j26-2.1.H,Nürnb. Langwasser Mitte,0,
13-44-j26-2,T0#19,23.T0.13-44-j26-2.1.H,Nürnb. Langwasser Mitte,0,
13-44-j26-2,T0#19,24.T0.13-44-j26-2.1.H,Nürnb. Langwasser Mitte,0,
13-44-j26-2,T0#19,25.T0.13-44-j26-2.1.H,Nürnb. Langwasser Mitte,0,
13-44-j26-2,T0#19,26.T0.13-44-j26-2.1.H,Nürnb. Langwasser Mitte,0,
13-44-j26-2,T0#19,27.T0.13-44-j26-2.1.H,Nürnb. Langwasser Mitte,0,
13-44-j26-2,T0#19,28.T0.13-44-j26-2.1.H,Nürnb. Langwasser Mitte,0,
13-44-j26-2,T0#19,29.T0.13-44-j26-2.1.H,Nürnb. Langwasser Mitte,0,
13-44-j26-2,T0#19,3.T0.13-44-j26-2.1.H,Nürnb. Langwasser Mitte,0,
13-44-j26-2,T0#19,30.T0.13-44-j26-2.2.H,Nürnberg Zerzabelshof Ost,0,
13-44-j26-2,T0#19,31.T0.13-44-j26-2.1.H,Nürnb. Langwasser Mitte,0,
13-44-j26-2,T0#19,32.T0.13-44-j26-2.2.H,Nürnberg Zerzabelshof Ost,0,
13-44-j26-2,T0#19,33.T0.13-44-j26-2.1.H,Nürnb. Langwasser Mitte,0,
13-44-j26-2,T0#19,34.T0.13-44-j26-2.2.H,Nürnberg Zerzabelshof Ost,0,
13-44-j26-2,T0#19,35.T0.13-44-j26-2.1.H,Nürnb. Langwasser Mitte,0,
13-44-j26-2,T0#19,36.T0.13-44-j26-2.2.H,Nürnberg Zerzabelshof Ost,0,
13-44-j26-2,T0#19,37.T0.13-44-j26-2.1.H,Nürnb. Langwasser Mitte,0,
13-44-j26-2,T0#19,38.T0.13-44-j26-2.2.H,Nürnberg Zerzabelshof Ost,0,
13-44-j26-2,T0#19,39.T0.13-44-j26-2.1.H,Nürnb. Langwasser Mitte,0,
13-44-j26-2,T0#19,4.T0.13-44-j26-2.1.H,Nürnb. Langwasser Mitte,0,
13-44-j26-2,T0#19,40.T0.13-44-j26-2.2.H,Nürnberg Zerzabelshof Ost,0,
13-44-j26-2,T0#19,41.T0.13-44-j26-2.1.H,Nürnb. Langwasser Mitte,0,
13-44-j26-2,T0#19,42.T0.13-44-j26-2.2.H,Nürnberg Zerzabelshof Ost,0,
13-44-j26-2,T0#19,43.T0.13-44-j26-2.1.H,Nürnb. Langwasser Mitte,0,
13-44-j26-2,T0#19,44.T0.13-44-j26-2.2.H,Nürnberg Zerzabelshof Ost,0,
13-44-j26-2,T0#19,45.T0.13-44-j26-2.1.H,Nürnb. Langwasser Mitte,0,
13-44-j26-2,T0#19,46.T0.13-44-j26-2.2.H,Nürnberg Zerzabelshof Ost,0,
13-44-j26-2,T0#19,47.T0.13-44-j26-2.1.H,Nürnb. Langwasser Mitte,0,
13-44-j26-2,T0#19,48.T0.13-44-j26-2.2.H,Nürnberg Zerzabelshof Ost,0,
13-44-j26-2,T0#19,49.T0.13-44-j26-2.1.H,Nürnb. Langwasser Mitte,0,
13-44-j26-2,T0#19,5.T0.13-44-j26-2.2.H,Nürnberg Zerzabelshof Ost,0,
13-44-j26-2,T0#19,50.T0.13-44-j26-2.2.H,Nürnberg Zerzabelshof Ost,0,
13-44-j26-2,T0#19,51.T0.13-44-j26-2.1.H,Nürnb. Langwasser Mitte,0,
13-44-j26-2,T0#19,52.T0.13-44-j26-2.2.H,Nürnberg Zerzabelshof Ost,0,
13-44-j26-2,T0#19,53.T0.13-44-j26-2.1.H,Nürnb. Langwasser Mitte,0,
13-44-j26-2,T0#19,54.T0.13-44-j26-2.2.H,Nürnberg Zerzabelshof Ost,0,
13-44-j26-2,T0#19,55.T0.13-44-j26-2.1.H,Nürnb. Langwasser Mitte,0,
13-44-j26-2,T0#19,56.T0.13-44-j26-2.2.H,Nürnberg Zerzabelshof Ost,0,
13-44-j26-2,T0#19,57.T0.13-44-j26-2.1.H,Nürnb. Langwasser Mitte,0,
13-44-j26-2,T0#19,58.T0.13-44-j26-2.2.H,Nürnberg Zerzabelshof Ost,0,
13-44-j26-2,T0#19,59.T0.13-44-j26-2.1.H,Nürnb. Langwasser Mitte,0,
13-44-j26-2,T0#19,6.T0.13-44-j26-2.1.H,Nürnb. Langwasser Mitte,0,
13-44-j26-2,T0#19,60.T0.13-44-j26-2.2.H,Nürnberg Zerzabelshof Ost,0,
13-44-j26-2,T0#19,61.T0.13-44-j26-2.1.H,Nürnb. Langwasser Mitte,0,
13-44-j26-2,T0#19,62.T0.13-44-j26-2.2.H,Nürnberg Zerzabelshof Ost,0,
13-44-j26-2,T0#19,63.T0.13-44-j26-2.1.H,Nürnb. Langwasser Mitte,0,
13-44-j26-2,T0#19,64.T0.13-44-j26-2.2.H,Nürnberg Zerzabelshof Ost,0,
13-44-j26-2,T0#19,65.T0.13-44-j26-2.1.H,Nürnb. Langwasser Mitte,0,
13-44-j26-2,T0#19,66.T0.13-44-j26-2.2.H,Nürnberg Zerzabelshof Ost,0,
13-44-j26-2,T0#19,67.T0.13-44-j26-2.1.H,Nürnb. Langwasser Mitte,0,
13-44-j26-2,T0#19,68.T0.13-44-j26-2.2.H,Nürnberg Zerzabelshof Ost,0,
13-44-j26-2,T0#19,69.T0.13-44-j26-2.1.H,Nürnb. Langwasser Mitte,0,
13-44-j26-2,T0#19,7.T0.13-44-j26-2.2.H,Nürnberg Zerzabelshof Ost,0,
13-44-j26-2,T0#19,70.T0.13-44-j26-2.2.H,Nürnberg Zerzabelshof Ost,0,
13-44-j26-2,T0#19,71.T0.13-44-j26-2.1.H,Nürnb. Langwasser Mitte,0,
13-44-j26-2,T0#19,72.T0.13-44-j26-2.2.H,Nürnberg Zerzabelshof Ost,0,
13-44-j26-2,T0#19,73.T0.13-44-j26-2.1.H,Nürnb. Langwasser Mitte,0,
13-44-j26-2,T0#19,74.T0.13-44-j26-2.2.H,Nürnberg Zerzabelshof Ost,0,
13-44-j26-2,T0#19,75.T0.13-44-j26-2.1.H,Nürnb. Langwasser Mitte,0,
13-44-j26-2,T0#19,76.T0.13-44-j26-2.1.H,Nürnb. Langwasser Mitte,0,
13-44-j26-2,T0#19,77.T0.13-44-j26-2.1.H,Nürnb. Langwasser Mitte,0,
13-44-j26-2,T0#19,78.T0.13-44-j26-2.1.H,Nürnb. Langwasser Mitte,0,
13-44-j26-2,T0#19,79.T0.13-44-j26-2.1.H,Nürnb. Langwasser Mitte,0,
13-44-j26-2,T0#19,8.T0.13-44-j26-2.1.H,Nürnb. Langwasser Mitte,0,
13-44-j26-2,T0#19,80.T0.13-44-j26-2.1.H,Nürnb. Langwasser Mitte,0,
13-44-j26-2,T0#19,81.T0.13-44-j26-2.1.H,Nürnb. Langwasser Mitte,0,
13-44-j26-2,T0#19,82.T0.13-44-j26-2.1.H,Nürnb. Langwasser Mitte,0,
13-44-j26-2,T0#19,83.T0.13-44-j26-2.1.H,Nürnb. Langwasser Mitte,0,
13-44-j26-2,T0#19,84.T0.13-44-j26-2.1.H,Nürnb. Langwasser Mitte,0,
13-44-j26-2,T0#19,85.T0.13-44-j26-2.1.H,Nürnb. Langwasser Mitte,0,
13-44-j26-2,T0#19,86.T0.13-44-j26-2.2.H,Nürnberg Zerzabelshof Ost,0,
13-44-j26-2,T0#19,87.T0.13-44-j26-2.3.R,Nürnberg Hbf,1,
13-44-j26-2,T0#19,88.T0.13-44-j26-2.3.R,Nürnberg Hbf,1,
13-44-j26-2,T0#19,89.T0.13-44-j26-2.3.R,Nürnberg Hbf,1,
13-44-j26-2,T0#19,9.T0.13-44-j26-2.2.H,Nürnberg Zerzabelshof Ost,0,
13-44-j26-2,T0#19,90.T0.13-44-j26-2.3.R,Nürnberg Hbf,1,
13-44-j26-2,T0#19,91.T0.13-44-j26-2.3.R,Nürnberg Hbf,1,
13-44-j26-2,T0#19,92.T0.13-44-j26-2.4.R,Nürnberg Hbf,1,
13-44-j26-2,T0#19,93.T0.13-44-j26-2.3.R,Nürnberg Hbf,1,
13-44-j26-2,T0#19,94.T0.13-44-j26-2.4.R,Nürnberg Hbf,1,
13-44-j26-2,T0#19,95.T0.13-44-j26-2.3.R,Nürnberg Hbf,1,
13-44-j26-2,T0#19,96.T0.13-44-j26-2.4.R,Nürnberg Hbf,1,
13-44-j26-2,T0#19,97.T0.13-44-j26-2.3.R,Nürnberg Hbf,1,
13-44-j26-2,T0#19,98.T0.13-44-j26-2.4.R,Nürnberg Hbf,1,
13-44-j26-2,T0#19,99.T0.13-44-j26-2.3.R,Nürnberg Hbf,1,
13-45-j26-2,T0#10,1.T0.13-45-j26-2.6.H,Nürnberg Ziegelstein Süd,0,
13-45-j26-2,T0+01#1,10.T0.13-45-j26-2.7.H,Nürnberg Leipziger Platz,0,
13-45-j26-2,T0#10,100.T0.13-45-j26-2.10.R,"Nürnberg, Frankenstraße",1,
13-45-j26-2,T0#10,101.T0.13-45-j26-2.10.R,"Nürnberg, Frankenstraße",1,
13-45-j26-2,T0#10,102.T0.13-45-j26-2.10.R,"Nürnberg, Frankenstraße",1,
13-45-j26-2,T0#10,103.T0.13-45-j26-2.10.R,"Nürnberg, Frankenstraße",1,
13-45-j26-2,T0#10,104.T0.13-45-j26-2.10.R,"Nürnberg, Frankenstraße",1,
13-45-j26-2,T0#10,105.T0.13-45-j26-2.10.R,"Nürnberg, Frankenstraße",1,
13-45-j26-2,T0#10,106.T0.13-45-j26-2.10.R,"Nürnberg, Frankenstraße",1,
13-45-j26-2,T0#10,107.T0.13-45-j26-2.10.R,"Nürnberg, Frankenstraße",1,
13-45-j26-2,T0#10,108.T0.13-45-j26-2.10.R,"Nürnberg, Frankenstraße",1,
13-45-j26-2,T0#10,109.T0.13-45-j26-2.10.R,"Nürnberg, Frankenstraße",1,
13-45-j26-2,T0#10,11.T0.13-45-j26-2.6.H,Nürnberg Ziegelstein Süd,0,
13-45-j26-2,T0#10,110.T0.13-45-j26-2.10.R,"Nürnberg, Frankenstraße",1,
13-45-j26-2,T0#10,12.T0.13-45-j26-2.6.H,Nürnberg Ziegelstein Süd,0,
13-45-j26-2,T0#10,13.T0.13-45-j26-2.6.H,Nürnberg Ziegelstein Süd,0,
13-45-j26-2,T0#10,14.T0.13-45-j26-2.6.H,Nürnberg Ziegelstein Süd,0,
13-45-j26-2,T0#10,15.T0.13-45-j26-2.6.H,Nürnberg Ziegelstein Süd,0,
13-45-j26-2,T0#10,16.T0.13-45-j26-2.6.H,Nürnberg Ziegelstein Süd,0,
13-45-j26-2,T0#10,17.T0.13-45-j26-2.6.H,Nürnberg Ziegelstein Süd,0,
13-45-j26-2,T0#10,18.T0.13-45-j26-2.6.H,Nürnberg Ziegelstein Süd,0,
13-45-j26-2,T0#10,19.T0.13-45-j26-2.6.H,Nürnberg Ziegelstein Süd,0,
13-45-j26-2,T0#10,2.T0.13-45-j26-2.6.H,Nürnberg Ziegelstein Süd,0,
13-45-j26-2,T0#10,20.T0.13-45-j26-2.6.H,Nürnberg Ziegelstein Süd,0,
13-45-j26-2,T0#10,21.T0.13-45-j26-2.6.H,Nürnberg Ziegelstein Süd,0,
13-45-j26-2,T0#10,22.T0.13-45-j26-2.6.H,Nürnberg Ziegelstein Süd,0,
13-45-j26-2,T0#10,23.T0.13-45-j26-2.6.H,Nürnberg Ziegelstein Süd,0,
13-45-j26-2,T0#10,24.T0.13-45-j26-2.6.H,Nürnberg Ziegelstein Süd,0,
13-45-j26-2,T0#10,25.T0.13-45-j26-2.6.H,Nürnberg Ziegelstein Süd,0,
13-45-j26-2,T0#10,26.T0.13-45-j26-2.6.H,Nürnberg Ziegelstein Süd,0,
13-45-j26-2,T0#10,27.T0.13-45-j26-2.6.H,Nürnberg Ziegelstein Süd,0,
13-45-j26-2,T0#10,28.T0.13-45-j26-2.6.H,Nürnberg Ziegelstein Süd,0,
13-45-j26-2,T0#10,29.T0.13-45-j26-2.6.H,Nürnberg Ziegelstein Süd,0,
13-45-j26-2,T0#10,3.T0.13-45-j26-2.6.H,Nürnberg Ziegelstein Süd,0,
13-45-j26-2,T0#10,30.T0.13-45-j26-2.6.H,Nürnberg Ziegelstein Süd,0,
13-45-j26-2,T0#10,31.T0.13-45-j26-2.6.H,Nürnberg Ziegelstein Süd,0,
13-45-j26-2,T0#10,32.T0.13-45-j26-2.6.H,Nürnberg Ziegelstein Süd,0,
13-45-j26-2,T0#10,33.T0.13-45-j26-2.6.H,Nürnberg Ziegelstein Süd,0,
13-45-j26-2,T0#10,34.T0.13-45-j26-2.6.H,Nürnberg Ziegelstein Süd,0,
13-45-j26-2,T0#10,35.T0.13-45-j26-2.6.H,Nürnberg Ziegelstein Süd,0,
13-45-j26-2,T0#10,36.T0.13-45-j26-2.6.H,Nürnberg Ziegelstein Süd,0,
13-45-j26-2,T0#10,37.T0.13-45-j26-2.6.H,Nürnberg Ziegelstein Süd,0,
13-45-j26-2,T0#10,38.T0.13-45-j26-2.6.H,Nürnberg Ziegelstein Süd,0,
13-45-j26-2,T0#10,39.T0.13-45-j26-2.6.H,Nürnberg Ziegelstein Süd,0,
13-45-j26-2,T0#10,4.T0.13-45-j26-2.6.H,Nürnberg Ziegelstein Süd,0,
13-45-j26-2,T0#10,40.T0.13-45-j26-2.6.H,Nürnberg Ziegelstein Süd,0,
13-45-j26-2,T0#10,41.T0.13-45-j26-2.6.H,Nürnberg Ziegelstein Süd,0,
13-45-j26-2,T0#10,42.T0.13-45-j26-2.6.H,Nürnberg Ziegelstein Süd,0,
13-45-j26-2,T0#10,43.T0.13-45-j26-2.6.H,Nürnberg Ziegelstein Süd,0,
13-45-j26-2,T0#10,44.T0.13-45-j26-2.6.H,Nürnberg Ziegelstein Süd,0,
13-45-j26-2,T0#10,45.T0.13-45-j26-2.6.H,Nürnberg Ziegelstein Süd,0,
13-45-j26-2,T0#10,46.T0.13-45-j26-2.6.H,Nürnberg Ziegelstein Süd,0,
13-45-j26-2,T0#10,47.T0.13-45-j26-2.6.H,Nürnberg Ziegelstein Süd,0,
13-45-j26-2,T0#10,48.T0.13-45-j26-2.6.H,Nürnberg Ziegelstein Süd,0,
13-45-j26-2,T0#10,49.T0.13-45-j26-2.1.H,"Nürnberg, Nordostbahnhof",0,
13-45-j26-2,T0#10,5.T0.13-45-j26-2.6.H,Nürnberg Ziegelstein Süd,0,
13-45-j26-2,T0#10,50.T0.13-45-j26-2.6.H,Nürnberg Ziegelstein Süd,0,
13-45-j26-2,T0#10,51.T0.13-45-j26-2.6.H,Nürnberg Ziegelstein Süd,0,
13-45-j26-2,T0#10,52.T0.13-45-j26-2.6.H,Nürnberg Ziegelstein Süd,0,
13-45-j26-2,T0#10,53.T0.13-45-j26-2.6.H,Nürnberg Ziegelstein Süd,0,
13-45-j26-2,T0#10,54.T0.13-45-j26-2.6.H,Nürnberg Ziegelstein Süd,0,
13-45-j26-2,T0#10,55.T0.13-45-j26-2.9.R,"Nürnberg, Frankenstraße",1,
13-45-j26-2,T0#10,56.T0.13-45-j26-2.9.R,"Nürnberg, Frankenstraße",1,
13-45-j26-2,T0#10,57.T0.13-45-j26-2.10.R,"Nürnberg, Frankenstraße",1,
13-45-j26-2,T0#10,58.T0.13-45-j26-2.10.R,"Nürnberg, Frankenstraße",1,
13-45-j26-2,T0#10,59.T0.13-45-j26-2.10.R,"Nürnberg, Frankenstraße",1,
13-45-j26-2,T0#10,6.T0.13-45-j26-2.6.H,Nürnberg Ziegelstein Süd,0,
13-45-j26-2,T0#10,60.T0.13-45-j26-2.10.R,"Nürnberg, Frankenstraße",1,
13-45-j26-2,T0#10,61.T0.13-45-j26-2.10.R,"Nürnberg, Frankenstraße",1,
13-45-j26-2,T0#10,62.T0.13-45-j26-2.10.R,"Nürnberg, Frankenstraße",1,
13-45-j26-2,T0+01#1,63.T0.13-45-j26-2.10.R,"Nürnberg, Frankenstraße",1,
13-45-j26-2,T0#10,64.T0.13-45-j26-2.10.R,"Nürnberg, Frankenstraße",1,
13-45-j26-2,T0#10,65.T0.13-45-j26-2.10.R,"Nürnberg, Frankenstraße",1,
13-45-j26-2,T0#10,66.T0.13-45-j26-2.10.R,"Nürnberg, Frankenstraße",1,
13-45-j26-2,T0#10,67.T0.13-45-j26-2.10.R,"Nürnberg, Frankenstraße",1,
13-45-j26-2,T0#10,68.T0.13-45-j26-2.10.R,"Nürnberg, Frankenstraße",1,
13-45-j26-2,T0#10,69.T0.13-45-j26-2.10.R,"Nürnberg, Frankenstraße",1,
13-45-j26-2,T0#10,7.T0.13-45-j26-2.6.H,Nürnberg Ziegelstein Süd,0,
13-45-j26-2,T0#10,70.T0.13-45-j26-2.10.R,"Nürnberg, Frankenstraße",1,
13-45-j26-2,T0#10,71.T0.13-45-j26-2.10.R,"Nürnberg, Frankenstraße",1,
13-45-j26-2,T0#10,72.T0.13-45-j26-2.10.R,"Nürnberg, Frankenstraße",1,
13-45-j26-2,T0#10,73.T0.13-45-j26-2.10.R,"Nürnberg, Frankenstraße",1,
13-45-j26-2,T0#10,74.T0.13-45-j26-2.10.R,"Nürnberg, Frankenstraße",1,
13-45-j26-2,T0#10,75.T0.13-45-j26-2.10.R,"Nürnberg, Frankenstraße",1,
13-45-j26-2,T0#10,76.T0.13-45-j26-2.10.R,"Nürnberg, Frankenstraße",1,
13-45-j26-2,T0#10,77.T0.13-45-j26-2.10.R,"Nürnberg, Frankenstraße",1,
13-45-j26-2,T0#10,78.T0.13-45-j26-2.10.R,"Nürnberg, Frankenstraße",1,
13-45-j26-2,T0#10,79.T0.13-45-j26-2.10.R,"Nürnberg, Frankenstraße",1,
13-45-j26-2,T0#10,8.T0.13-45-j26-2.6.H,Nürnberg Ziegelstein Süd,0,
13-45-j26-2,T0#10,80.T0.13-45-j26-2.10.R,"Nürnberg, Frankenstraße",1,
13-45-j26-2,T0#10,81.T0.13-45-j26-2.10.R,"Nürnberg, Frankenstraße",1,
13-45-j26-2,T0#10,82.T0.13-45-j26-2.10.R,"Nürnberg, Frankenstraße",1,
13-45-j26-2,T0#10,83.T0.13-45-j26-2.10.R,"Nürnberg, Frankenstraße",1,
13-45-j26-2,T0+01#1,84.T0.13-45-j26-2.10.R,"Nürnberg, Frankenstraße",1,
13-45-j26-2,T0#10,85.T0.13-45-j26-2.10.R,"Nürnberg, Frankenstraße",1,
13-45-j26-2,T0#10,86.T0.13-45-j26-2.10.R,"Nürnberg, Frankenstraße",1,
13-45-j26-2,T0#10,87.T0.13-45-j26-2.10.R,"Nürnberg, Frankenstraße",1,
13-45-j26-2,T0#10,88.T0.13-45-j26-2.10.R,"Nürnberg, Frankenstraße",1,
13-45-j26-2,T0#10,89.T0.13-45-j26-2.10.R,"Nürnberg, Frankenstraße",1,
13-45-j26-2,T0#10,9.T0.13-45-j26-2.6.H,Nürnberg Ziegelstein Süd,0,
13-45-j26-2,T0#10,90.T0.13-45-j26-2.10.R,"Nürnberg, Frankenstraße",1,
13-45-j26-2,T0#10,91.T0.13-45-j26-2.10.R,"Nürnberg, Frankenstraße",1,
13-45-j26-2,T0#10,92.T0.13-45-j26-2.10.R,"Nürnberg, Frankenstraße",1,
13-45-j26-2,T0#10,93.T0.13-45-j26-2.10.R,"Nürnberg, Frankenstraße",1,
13-45-j26-2,T0#10,94.T0.13-45-j26-2.10.R,"Nürnberg, Frankenstraße",1,
13-45-j26-2,T0#10,95.T0.13-45-j26-2.10.R,"Nürnberg, Frankenstraße",1,
13-45-j26-2,T0#10,96.T0.13-45-j26-2.10.R,"Nürnberg, Frankenstraße",1,
13-45-j26-2,T0#10,97.T0.13-45-j26-2.10.R,"Nürnberg, Frankenstraße",1,
13-45-j26-2,T0#10,98.T0.13-45-j26-2.10.R,"Nürnberg, Frankenstraße",1,
13-45-j26-2,T0#10,99.T0.13-45-j26-2.10.R,"Nürnberg, Frankenstraße",1,
13-46-j26-1,T0#6,1.T0.13-46-j26-1.5.H,Nürnberg Martha-Maria-Krkhs.,0,
13-46-j26-1,T0#6,10.T0.13-46-j26-1.4.H,Nürnberg Martha-Maria-Krkhs.,0,
13-46-j26-1,T0#6,100.T0.13-46-j26-1.2.R,Nürnberg Rathaus,1,
13-46-j26-1,T0#6,101.T0.13-46-j26-1.2.R,Nürnberg Rathaus,1,
13-46-j26-1,T0#6,102.T0.13-46-j26-1.2.R,Nürnberg Rathaus,1,
13-46-j26-1,T0#6,103.T0.13-46-j26-1.7.R,"Nürnberg, Nordostbahnhof",1,
13-46-j26-1,T0#6,104.T0.13-46-j26-1.2.R,Nürnberg Rathaus,1,
13-46-j26-1,T0#6,105.T0.13-46-j26-1.2.R,Nürnberg Rathaus,1,
13-46-j26-1,T0#6,106.T0.13-46-j26-1.2.R,Nürnberg Rathaus,1,
13-46-j26-1,T0#6,107.T0.13-46-j26-1.2.R,Nürnberg Rathaus,1,
13-46-j26-1,T0#6,108.T0.13-46-j26-1.2.R,Nürnberg Rathaus,1,
13-46-j26-1,T0#6,109.T0.13-46-j26-1.7.R,"Nürnberg, Nordostbahnhof",1,
13-46-j26-1,T0#6,11.T0.13-46-j26-1.4.H,Nürnberg Martha-Maria-Krkhs.,0,
13-46-j26-1,T0#6,12.T0.13-46-j26-1.4.H,Nürnberg Martha-Maria-Krkhs.,0,
13-46-j26-1,T0#6,13.T0.13-46-j26-1.4.H,Nürnberg Martha-Maria-Krkhs.,0,
13-46-j26-1,T0#6,14.T0.13-46-j26-1.4.H,Nürnberg Martha-Maria-Krkhs.,0,
13-46-j26-1,T0#6,15.T0.13-46-j26-1.4.H,Nürnberg Martha-Maria-Krkhs.,0,
13-46-j26-1,T0#6,16.T0.13-46-j26-1.4.H,Nürnberg Martha-Maria-Krkhs.,0,
13-46-j26-1,T0#6,17.T0.13-46-j26-1.4.H,Nürnberg Martha-Maria-Krkhs.,0,
13-46-j26-1,T0#6,18.T0.13-46-j26-1.4.H,Nürnberg Martha-Maria-Krkhs.,0,
13-46-j26-1,T0#6,19.T0.13-46-j26-1.4.H,Nürnberg Martha-Maria-Krkhs.,0,
13-46-j26-1,T0#6,2.T0.13-46-j26-1.4.H,Nürnberg Martha-Maria-Krkhs.,0,
13-46-j26-1,T0#6,20.T0.13-46-j26-1.4.H,Nürnberg Martha-Maria-Krkhs.,0,
13-46-j26-1,T0#6,21.T0.13-46-j26-1.4.H,Nürnberg Martha-Maria-Krkhs.,0,
13-46-j26-1,T0#6,22.T0.13-46-j26-1.4.H,Nürnberg Martha-Maria-Krkhs.,0,
13-46-j26-1,T0#6,23.T0.13-46-j26-1.4.H,Nürnberg Martha-Maria-Krkhs.,0,
13-46-j26-1,T0#6,24.T0.13-46-j26-1.4.H,Nürnberg Martha-Maria-Krkhs.,0,
13-46-j26-1,T0#6,25.T0.13-46-j26-1.4.H,Nürnberg Martha-Maria-Krkhs.,0,
13-46-j26-1,T0#6,26.T0.13-46-j26-1.4.H,Nürnberg Martha-Maria-Krkhs.,0,
13-46-j26-1,T0#6,27.T0.13-46-j26-1.4.H,Nürnberg Martha-Maria-Krkhs.,0,
13-46-j26-1,T0#6,28.T0.13-46-j26-1.4.H,Nürnberg Martha-Maria-Krkhs.,0,
13-46-j26-1,T0#6,29.T0.13-46-j26-1.4.H,Nürnberg Martha-Maria-Krkhs.,0,
13-46-j26-1,T0#6,3.T0.13-46-j26-1.4.H,Nürnberg Martha-Maria-Krkhs.,0,
13-46-j26-1,T0#6,30.T0.13-46-j26-1.4.H,Nürnberg Martha-Maria-Krkhs.,0,
13-46-j26-1,T0#6,31.T0.13-46-j26-1.4.H,Nürnberg Martha-Maria-Krkhs.,0,
13-46-j26-1,T0#6,32.T0.13-46-j26-1.4.H,Nürnberg Martha-Maria-Krkhs.,0,
13-46-j26-1,T0#6,33.T0.13-46-j26-1.4.H,Nürnberg Martha-Maria-Krkhs.,0,
13-46-j26-1,T0#6,34.T0.13-46-j26-1.4.H,Nürnberg Martha-Maria-Krkhs.,0,
13-46-j26-1,T0#6,35.T0.13-46-j26-1.4.H,Nürnberg Martha-Maria-Krkhs.,0,
13-46-j26-1,T0#6,36.T0.13-46-j26-1.4.H,Nürnberg Martha-Maria-Krkhs.,0,
13-46-j26-1,T0#6,37.T0.13-46-j26-1.4.H,Nürnberg Martha-Maria-Krkhs.,0,
13-46-j26-1,T0#6,38.T0.13-46-j26-1.4.H,Nürnberg Martha-Maria-Krkhs.,0,
13-46-j26-1,T0#6,39.T0.13-46-j26-1.4.H,Nürnberg Martha-Maria-Krkhs.,0,
13-46-j26-1,T0#6,4.T0.13-46-j26-1.4.H,Nürnberg Martha-Maria-Krkhs.,0,
13-46-j26-1,T0#6,40.T0.13-46-j26-1.4.H,Nürnberg Martha-Maria-Krkhs.,0,
13-46-j26-1,T0#6,41.T0.13-46-j26-1.4.H,Nürnberg Martha-Maria-Krkhs.,0,
13-46-j26-1,T0#6,42.T0.13-46-j26-1.4.H,Nürnberg Martha-Maria-Krkhs.,0,
13-46-j26-1,T0#6,43.T0.13-46-j26-1.4.H,Nürnberg Martha-Maria-Krkhs.,0,
13-46-j26-1,T0#6,44.T0.13-46-j26-1.4.H,Nürnberg Martha-Maria-Krkhs.,0,
13-46-j26-1,T0#6,45.T0.13-46-j26-1.4.H,Nürnberg Martha-Maria-Krkhs.,0,
13-46-j26-1,T0#6,46.T0.13-46-j26-1.4.H,Nürnberg Martha-Maria-Krkhs.,0,
13-46-j26-1,T0#6,47.T0.13-46-j26-1.4.H,Nürnberg Martha-Maria-Krkhs.,0,
13-46-j26-1,T0#6,48.T0.13-46-j26-1.4.H,Nürnberg Martha-Maria-Krkhs.,0,
13-46-j26-1,T0#6,49.T0.13-46-j26-1.4.H,Nürnberg Martha-Maria-Krkhs.,0,
13-46-j26-1,T0#6,5.T0.13-46-j26-1.4.H,Nürnberg Martha-Maria-Krkhs.,0,
13-46-j26-1,T0#6,50.T0.13-46-j26-1.4.H,Nürnberg Martha-Maria-Krkhs.,0,
13-46-j26-1,T0#6,51.T0.13-46-j26-1.4.H,Nürnberg Martha-Maria-Krkhs.,0,
13-46-j26-1,T0#6,52.T0.13-46-j26-1.4.H,Nürnberg Martha-Maria-Krkhs.,0,
13-46-j26-1,T0#6,53.T0.13-46-j26-1.4.H,Nürnberg Martha-Maria-Krkhs.,0,
13-46-j26-1,T0#6,54.T0.13-46-j26-1.6.R,Nürnberg Rathaus,1,
13-46-j26-1,T0#6,55.T0.13-46-j26-1.6.R,Nürnberg Rathaus,1,
13-46-j26-1,T0#6,56.T0.13-46-j26-1.2.R,Nürnberg Rathaus,1,
13-46-j26-1,T0#6,57.T0.13-46-j26-1.2.R,Nürnberg Rathaus,1,
13-46-j26-1,T0#6,58.T0.13-46-j26-1.2.R,Nürnberg Rathaus,1,
13-46-j26-1,T0#6,59.T0.13-46-j26-1.2.R,Nürnberg Rathaus,1,
13-46-j26-1,T0#6,6.T0.13-46-j26-1.4.H,Nürnberg Martha-Maria-Krkhs.,0,
13-46-j26-1,T0#6,60.T0.13-46-j26-1.2.R,Nürnberg Rathaus,1,
13-46-j26-1,T0#6,61.T0.13-46-j26-1.2.R,Nürnberg Rathaus,1,
13-46-j26-1,T0#6,62.T0.13-46-j26-1.2.R,Nürnberg Rathaus,1,
13-46-j26-1,T0#6,63.T0.13-46-j26-1.2.R,Nürnberg Rathaus,1,
13-46-j26-1,T0+01,64.T0.13-46-j26-1.6.R,Nürnberg Rathaus,1,
13-46-j26-1,T0#6,65.T0.13-46-j26-1.2.R,Nürnberg Rathaus,1,
13-46-j26-1,T0#6,66.T0.13-46-j26-1.2.R,Nürnberg Rathaus,1,
13-46-j26-1,T0#6,67.T0.13-46-j26-1.2.R,Nürnberg Rathaus,1,
13-46-j26-1,T0#6,68.T0.13-46-j26-1.2.R,Nürnberg Rathaus,1,
13-46-j26-1,T0#6,69.T0.13-46-j26-1.2.R,Nürnberg Rathaus,1,
13-46-j26-1,T0#6,7.T0.13-46-j26-1.4.H,Nürnberg Martha-Maria-Krkhs.,0,
13-46-j26-1,T0#6,70.T0.13-46-j26-1.2.R,Nürnberg Rathaus,1,
13-46-j26-1,T0#6,71.T0.13-46-j26-1.2.R,Nürnberg Rathaus,1,
13-46-j26-1,T0#6,72.T0.13-46-j26-1.2.R,Nürnberg Rathaus,1,
13-46-j26-1,T0#6,73.T0.13-46-j26-1.2.R,Nürnberg Rathaus,1,
13-46-j26-1,T0#6,74.T0.13-46-j26-1.2.R,Nürnberg Rathaus,1,
13-46-j26-1,T0#6,75.T0.13-46-j26-1.2.R,Nürnberg Rathaus,1,
13-46-j26-1,T0#6,76.T0.13-46-j26-1.2.R,Nürnberg Rathaus,1,
13-46-j26-1,T0#6,77.T0.13-46-j26-1.2.R,Nürnberg Rathaus,1,
13-46-j26-1,T0#6,78.T0.13-46-j26-1.2.R,Nürnberg Rathaus,1,
13-46-j26-1,T0#6,79.T0.13-46-j26-1.2.R,Nürnberg Rathaus,1,
13-46-j26-1,T0#6,8.T0.13-46-j26-1.4.H,Nürnberg Martha-Maria-Krkhs.,0,
13-46-j26-1,T0#6,80.T0.13-46-j26-1.2.R,Nürnberg Rathaus,1,
13-46-j26-1,T0#6,81.T0.13-46-j26-1.2.R,Nürnberg Rathaus,1,
13-46-j26-1,T0#6,82.T0.13-46-j26-1.2.R,Nürnberg Rathaus,1,
13-46-j26-1,T0#6,83.T0.13-46-j26-1.2.R,Nürnberg Rathaus,1,
13-46-j26-1,T0#6,84.T0.13-46-j26-1.2.R,Nürnberg Rathaus,1,
13-46-j26-1,T0#6,85.T0.13-46-j26-1.2.R,Nürnberg Rathaus,1,
13-46-j26-1,T0#6,86.T0.13-46-j26-1.2.R,Nürnberg Rathaus,1,
13-46-j26-1,T0#6,87.T0.13-46-j26-1.2.R,Nürnberg Rathaus,1,
13-46-j26-1,T0#6,88.T0.13-46-j26-1.2.R,Nürnberg Rathaus,1,
13-46-j26-1,T0#6,89.T0.13-46-j26-1.2.R,Nürnberg Rathaus,1,
13-46-j26-1,T0#6,9.T0.13-46-j26-1.4.H,Nürnberg Martha-Maria-Krkhs.,0,
13-46-j26-1,T0#6,90.T0.13-46-j26-1.2.R,Nürnberg Rathaus,1,
13-46-j26-1,T0#6,91.T0.13-46-j26-1.2.R,Nürnberg Rathaus,1,
13-46-j26-1,T0#6,92.T0.13-46-j26-1.2.R,Nürnberg Rathaus,1,
13-46-j26-1,T0#6,93.T0.13-46-j26-1.2.R,Nürnberg Rathaus,1,
13-46-j26-1,T0#6,94.T0.13-46-j26-1.2.R,Nürnberg Rathaus,1,
13-46-j26-1,T0#6,95.T0.13-46-j26-1.2.R,Nürnberg Rathaus,1,
13-46-j26-1,T0#6,96.T0.13-46-j26-1.2.R,Nürnberg Rathaus,1,
13-46-j26-1,T0#6,97.T0.13-46-j26-1.2.R,Nürnberg Rathaus,1,
13-46-j26-1,T0#6,98.T0.13-46-j26-1.2.R,Nürnberg Rathaus,1,
13-46-j26-1,T0#6,99.T0.13-46-j26-1.2.R,Nürnberg Rathaus,1,
13-47-j26-1,T0#6,1.T0.13-47-j26-1.4.H,Nürnberg Forchheimer Str.,0,
13-47-j26-1,T0#6,10.T0.13-47-j26-1.5.H,Nürnberg Forchheimer Str.,0,
13-47-j26-1,T0#6,11.T0.13-47-j26-1.5.H,Nürnberg Forchheimer Str.,0,
13-47-j26-1,T0#6,12.T0.13-47-j26-1.5.H,Nürnberg Forchheimer Str.,0,
13-47-j26-1,T0#6,13.T0.13-47-j26-1.5.H,Nürnberg Forchheimer Str.,0,
13-47-j26-1,T0#6,14.T0.13-47-j26-1.5.H,Nürnberg Forchheimer Str.,0,
13-47-j26-1,T0#6,15.T0.13-47-j26-1.5.H,Nürnberg Forchheimer Str.,0,
13-47-j26-1,T0#6,16.T0.13-47-j26-1.5.H,Nürnberg Forchheimer Str.,0,
13-47-j26-1,T0#6,17.T0.13-47-j26-1.5.H,Nürnberg Forchheimer Str.,0,
13-47-j26-1,T0#6,18.T0.13-47-j26-1.5.H,Nürnberg Forchheimer Str.,0,
13-47-j26-1,T0#6,19.T0.13-47-j26-1.5.H,Nürnberg Forchheimer Str.,0,
13-47-j26-1,T0#6,2.T0.13-47-j26-1.5.H,Nürnberg Forchheimer Str.,0,
13-47-j26-1,T0#6,20.T0.13-47-j26-1.4.H,Nürnberg Forchheimer Str.,0,
13-47-j26-1,T0+01,21.T0.13-47-j26-1.5.H,Nürnberg Forchheimer Str.,0,
13-47-j26-1,T0#6,22.T0.13-47-j26-1.5.H,Nürnberg Forchheimer Str.,0,
13-47-j26-1,T0#6,23.T0.13-47-j26-1.4.H,Nürnberg Forchheimer Str.,0,
13-47-j26-1,T0#6,24.T0.13-47-j26-1.5.H,Nürnberg Forchheimer Str.,0,
13-47-j26-1,T0#6,25.T0.13-47-j26-1.5.H,Nürnberg Forchheimer Str.,0,
13-47-j26-1,T0#6,26.T0.13-47-j26-1.5.H,Nürnberg Forchheimer Str.,0,
13-47-j26-1,T0#6,27.T0.13-47-j26-1.5.H,Nürnberg Forchheimer Str.,0,
13-47-j26-1,T0#6,28.T0.13-47-j26-1.5.H,Nürnberg Forchheimer Str.,0,
13-47-j26-1,T0#6,29.T0.13-47-j26-1.5.H,Nürnberg Forchheimer Str.,0,
13-47-j26-1,T0#6,3.T0.13-47-j26-1.4.H,Nürnberg Forchheimer Str.,0,
13-47-j26-1,T0#6,30.T0.13-47-j26-1.5.H,Nürnberg Forchheimer Str.,0,
13-47-j26-1,T0#6,31.T0.13-47-j26-1.5.H,Nürnberg Forchheimer Str.,0,
13-47-j26-1,T0#6,32.T0.13-47-j26-1.5.H,Nürnberg Forchheimer Str.,0,
13-47-j26-1,T0#6,33.T0.13-47-j26-1.5.H,Nürnberg Forchheimer Str.,0,
13-47-j26-1,T0#6,34.T0.13-47-j26-1.5.H,Nürnberg Forchheimer Str.,0,
13-47-j26-1,T0#6,35.T0.13-47-j26-1.5.H,Nürnberg Forchheimer Str.,0,
13-47-j26-1,T0#6,36.T0.13-47-j26-1.5.H,Nürnberg Forchheimer Str.,0,
13-47-j26-1,T0#6,37.T0.13-47-j26-1.5.H,Nürnberg Forchheimer Str.,0,
13-47-j26-1,T0#6,38.T0.13-47-j26-1.5.H,Nürnberg Forchheimer Str.,0,
13-47-j26-1,T0#6,39.T0.13-47-j26-1.5.H,Nürnberg Forchheimer Str.,0,
13-47-j26-1,T0#6,4.T0.13-47-j26-1.5.H,Nürnberg Forchheimer Str.,0,
13-47-j26-1,T0#6,40.T0.13-47-j26-1.5.H,Nürnberg Forchheimer Str.,0,
13-47-j26-1,T0#6,41.T0.13-47-j26-1.5.H,Nürnberg Forchheimer Str.,0,
13-47-j26-1,T0#6,42.T0.13-47-j26-1.5.H,Nürnberg Forchheimer Str.,0,
13-47-j26-1,T0#6,43.T0.13-47-j26-1.5.H,Nürnberg Forchheimer Str.,0,
13-47-j26-1,T0#6,44.T0.13-47-j26-1.5.H,Nürnberg Forchheimer Str.,0,
13-47-j26-1,T0#6,45.T0.13-47-j26-1.5.H,Nürnberg Forchheimer Str.,0,
13-47-j26-1,T0#6,46.T0.13-47-j26-1.5.H,Nürnberg Forchheimer Str.,0,
13-47-j26-1,T0#6,47.T0.13-47-j26-1.5.H,Nürnberg Forchheimer Str.,0,
13-47-j26-1,T0#6,48.T0.13-47-j26-1.6.H,Nürnberg Thon,0,
13-47-j26-1,T0#6,49.T0.13-47-j26-1.1.R,Nürnberg Rathaus,1,
13-47-j26-1,T0#6,5.T0.13-47-j26-1.5.H,Nürnberg Forchheimer Str.,0,
13-47-j26-1,T0#6,50.T0.13-47-j26-1.1.R,Nürnberg Rathaus,1,
13-47-j26-1,T0#6,51.T0.13-47-j26-1.1.R,Nürnberg Rathaus,1,
13-47-j26-1,T0#6,52.T0.13-47-j26-1.1.R,Nürnberg Rathaus,1,
13-47-j26-1,T0#6,53.T0.13-47-j26-1.1.R,Nürnberg Rathaus,1,
13-47-j26-1,T0#6,54.T0.13-47-j26-1.1.R,Nürnberg Rathaus,1,
13-47-j26-1,T0#6,55.T0.13-47-j26-1.1.R,Nürnberg Rathaus,1,
13-47-j26-1,T0+01,56.T0.13-47-j26-1.2.R,Nürnberg Maxtor,1,
13-47-j26-1,T0#6,57.T0.13-47-j26-1.1.R,Nürnberg Rathaus,1,
13-47-j26-1,T0#6,58.T0.13-47-j26-1.1.R,Nürnberg Rathaus,1,
13-47-j26-1,T0+01,59.T0.13-47-j26-1.3.R,Nürnberg Thon,1,
13-47-j26-1,T0#6,6.T0.13-47-j26-1.5.H,Nürnberg Forchheimer Str.,0,
13-47-j26-1,T0#6,60.T0.13-47-j26-1.1.R,Nürnberg Rathaus,1,
13-47-j26-1,T0#6,61.T0.13-47-j26-1.1.R,Nürnberg Rathaus,1,
13-47-j26-1,T0#6,62.T0.13-47-j26-1.3.R,Nürnberg Thon,1,
13-47-j26-1,T0#6,63.T0.13-47-j26-1.1.R,Nürnberg Rathaus,1,
13-47-j26-1,T0#6,64.T0.13-47-j26-1.1.R,Nürnberg Rathaus,1,
13-47-j26-1,T0#6,65.T0.13-47-j26-1.1.R,Nürnberg Rathaus,1,
13-47-j26-1,T0#6,66.T0.13-47-j26-1.1.R,Nürnberg Rathaus,1,
13-47-j26-1,T0#6,67.T0.13-47-j26-1.1.R,Nürnberg Rathaus,1,
13-47-j26-1,T0#6,68.T0.13-47-j26-1.1.R,Nürnberg Rathaus,1,
13-47-j26-1,T0#6,69.T0.13-47-j26-1.1.R,Nürnberg Rathaus,1,
13-47-j26-1,T0#6,7.T0.13-47-j26-1.5.H,Nürnberg Forchheimer Str.,0,
13-47-j26-1,T0#6,70.T0.13-47-j26-1.1.R,Nürnberg Rathaus,1,
13-47-j26-1,T0#6,71.T0.13-47-j26-1.1.R,Nürnberg Rathaus,1,
13-47-j26-1,T0#6,72.T0.13-47-j26-1.1.R,Nürnberg Rathaus,1,
13-47-j26-1,T0#6,73.T0.13-47-j26-1.1.R,Nürnberg Rathaus,1,
13-47-j26-1,T0#6,74.T0.13-47-j26-1.1.R,Nürnberg Rathaus,1,
13-47-j26-1,T0#6,75.T0.13-47-j26-1.1.R,Nürnberg Rathaus,1,
13-47-j26-1,T0#6,76.T0.13-47-j26-1.1.R,Nürnberg Rathaus,1,
13-47-j26-1,T0#6,77.T0.13-47-j26-1.1.R,Nürnberg Rathaus,1,
13-47-j26-1,T0#6,78.T0.13-47-j26-1.1.R,Nürnberg Rathaus,1,
13-47-j26-1,T0#6,79.T0.13-47-j26-1.1.R,Nürnberg Rathaus,1,
13-47-j26-1,T0#6,8.T0.13-47-j26-1.5.H,Nürnberg Forchheimer Str.,0,
13-47-j26-1,T0#6,80.T0.13-47-j26-1.1.R,Nürnberg Rathaus,1,
13-47-j26-1,T0#6,81.T0.13-47-j26-1.1.R,Nürnberg Rathaus,1,
13-47-j26-1,T0#6,82.T0.13-47-j26-1.1.R,Nürnberg Rathaus,1,
13-47-j26-1,T0#6,83.T0.13-47-j26-1.1.R,Nürnberg Rathaus,1,
13-47-j26-1,T0#6,84.T0.13-47-j26-1.1.R,Nürnberg Rathaus,1,
13-47-j26-1,T0#6,85.T0.13-47-j26-1.1.R,Nürnberg Rathaus,1,
13-47-j26-1,T0#6,86.T0.13-47-j26-1.1.R,Nürnberg Rathaus,1,
13-47-j26-1,T0#6,87.T0.13-47-j26-1.3.R,Nürnberg Thon,1,
13-47-j26-1,T0#6,88.T0.13-47-j26-1.1.R,Nürnberg Rathaus,1,
13-47-j26-1,T0#6,89.T0.13-47-j26-1.1.R,Nürnberg Rathaus,1,
13-47-j26-1,T0+01,9.T0.13-47-j26-1.4.H,Nürnberg Forchheimer Str.,0,
13-47-j26-1,T0#6,90.T0.13-47-j26-1.1.R,Nürnberg Rathaus,1,
13-47-j26-1,T0#6,91.T0.13-47-j26-1.1.R,Nürnberg Rathaus,1,
13-47-j26-1,T0#6,92.T0.13-47-j26-1.1.R,Nürnberg Rathaus,1,
13-47-j26-1,T0#6,93.T0.13-47-j26-1.1.R,Nürnberg Rathaus,1,
13-47-j26-1,T0#6,94.T0.13-47-j26-1.1.R,Nürnberg Rathaus,1,
13-47-j26-1,T0#6,95.T0.13-47-j26-1.1.R,Nürnberg Rathaus,1,
13-49-j26-1,T0#6,1.T0.13-49-j26-1.1.H,Nürnberg Martha-Maria-Krkhs.,0,
13-49-j26-1,T0#6,10.T0.13-49-j26-1.1.H,Nürnberg Martha-Maria-Krkhs.,0,
13-49-j26-1,T0#6,11.T0.13-49-j26-1.1.H,Nürnberg Martha-Maria-Krkhs.,0,
13-49-j26-1,T0#6,12.T0.13-49-j26-1.1.H,Nürnberg Martha-Maria-Krkhs.,0,
13-49-j26-1,T0#6,13.T0.13-49-j26-1.1.H,Nürnberg Martha-Maria-Krkhs.,0,
13-49-j26-1,T0#6,14.T0.13-49-j26-1.2.R,"Nürnberg, Nordostbahnhof",1,
13-49-j26-1,T0#6,15.T0.13-49-j26-1.2.R,"Nürnberg, Nordostbahnhof",1,
13-49-j26-1,T0#6,16.T0.13-49-j26-1.2.R,"Nürnberg, Nordostbahnhof",1,
13-49-j26-1,T0#6,17.T0.13-49-j26-1.2.R,"Nürnberg, Nordostbahnhof",1,
13-49-j26-1,T0#6,18.T0.13-49-j26-1.2.R,"Nürnberg, Nordostbahnhof",1,
13-49-j26-1,T0#6,19.T0.13-49-j26-1.2.R,"Nürnberg, Nordostbahnhof",1,
13-49-j26-1,T0#6,2.T0.13-49-j26-1.1.H,Nürnberg Martha-Maria-Krkhs.,0,
13-49-j26-1,T0#6,20.T0.13-49-j26-1.2.R,"Nürnberg, Nordostbahnhof",1,
13-49-j26-1,T0#6,21.T0.13-49-j26-1.2.R,"Nürnberg, Nordostbahnhof",1,
13-49-j26-1,T0#6,22.T0.13-49-j26-1.2.R,"Nürnberg, Nordostbahnhof",1,
13-49-j26-1,T0#6,23.T0.13-49-j26-1.2.R,"Nürnberg, Nordostbahnhof",1,
13-49-j26-1,T0#6,24.T0.13-49-j26-1.2.R,"Nürnberg, Nordostbahnhof",1,
13-49-j26-1,T0#6,25.T0.13-49-j26-1.2.R,"Nürnberg, Nordostbahnhof",1,
13-49-j26-1,T0#6,26.T0.13-49-j26-1.2.R,"Nürnberg, Nordostbahnhof",1,
13-49-j26-1,T0#6,3.T0.13-49-j26-1.1.H,Nürnberg Martha-Maria-Krkhs.,0,
13-49-j26-1,T0#6,4.T0.13-49-j26-1.1.H,Nürnberg Martha-Maria-Krkhs.,0,
13-49-j26-1,T0#6,5.T0.13-49-j26-1.1.H,Nürnberg Martha-Maria-Krkhs.,0,
13-49-j26-1,T0#6,6.T0.13-49-j26-1.1.H,Nürnberg Martha-Maria-Krkhs.,0,
13-49-j26-1,T0#6,7.T0.13-49-j26-1.1.H,Nürnberg Martha-Maria-Krkhs.,0,
13-49-j26-1,T0#6,8.T0.13-49-j26-1.1.H,Nürnberg Martha-Maria-Krkhs.,0,
13-49-j26-1,T0#6,9.T0.13-49-j26-1.1.H,Nürnberg Martha-Maria-Krkhs.,0,
13-50-j26-1,T0#6,1.T0.13-50-j26-1.1.H,Feucht Am Reichswald,0,
13-50-j26-1,T0#6,10.T0.13-50-j26-1.2.H,Nürnberg GNF Am Tower,0,
13-50-j26-1,T0#6,11.T0.13-50-j26-1.1.H,Feucht Am Reichswald,0,
13-50-j26-1,T0#6,12.T0.13-50-j26-1.2.H,Nürnberg GNF Am Tower,0,
13-50-j26-1,T0#6,13.T0.13-50-j26-1.2.H,Nürnberg GNF Am Tower,0,
13-50-j26-1,T0#6,14.T0.13-50-j26-1.2.H,Nürnberg GNF Am Tower,0,
13-50-j26-1,T0#6,15.T0.13-50-j26-1.1.H,Feucht Am Reichswald,0,
13-50-j26-1,T0#6,16.T0.13-50-j26-1.2.H,Nürnberg GNF Am Tower,0,
13-50-j26-1,T0#6,17.T0.13-50-j26-1.2.H,Nürnberg GNF Am Tower,0,
13-50-j26-1,T0#6,18.T0.13-50-j26-1.1.H,Feucht Am Reichswald,0,
13-50-j26-1,T0#6,19.T0.13-50-j26-1.2.H,Nürnberg GNF Am Tower,0,
13-50-j26-1,T0#6,2.T0.13-50-j26-1.2.H,Nürnberg GNF Am Tower,0,
13-50-j26-1,T0#6,20.T0.13-50-j26-1.2.H,Nürnberg GNF Am Tower,0,
13-50-j26-1,T0#6,21.T0.13-50-j26-1.2.H,Nürnberg GNF Am Tower,0,
13-50-j26-1,T0#6,22.T0.13-50-j26-1.2.H,Nürnberg GNF Am Tower,0,
13-50-j26-1,T0#6,23.T0.13-50-j26-1.2.H,Nürnberg GNF Am Tower,0,
13-50-j26-1,T0#6,24.T0.13-50-j26-1.2.H,Nürnberg GNF Am Tower,0,
13-50-j26-1,T0#6,25.T0.13-50-j26-1.2.H,Nürnberg GNF Am Tower,0,
13-50-j26-1,T0#6,26.T0.13-50-j26-1.2.H,Nürnberg GNF Am Tower,0,
13-50-j26-1,T0#6,27.T0.13-50-j26-1.2.H,Nürnberg GNF Am Tower,0,
13-50-j26-1,T0#6,28.T0.13-50-j26-1.4.R,Nürnb. Langwasser Mitte,1,
13-50-j26-1,T0#6,29.T0.13-50-j26-1.5.R,Nürnb. Langwasser Mitte,1,
13-50-j26-1,T0#6,3.T0.13-50-j26-1.1.H,Feucht Am Reichswald,0,
13-50-j26-1,T0#6,30.T0.13-50-j26-1.4.R,Nürnb. Langwasser Mitte,1,
13-50-j26-1,T0#6,31.T0.13-50-j26-1.5.R,Nürnb. Langwasser Mitte,1,
13-50-j26-1,T0#6,32.T0.13-50-j26-1.4.R,Nürnb. Langwasser Mitte,1,
13-50-j26-1,T0#6,33.T0.13-50-j26-1.4.R,Nürnb. Langwasser Mitte,1,
13-50-j26-1,T0#6,34.T0.13-50-j26-1.4.R,Nürnb. Langwasser Mitte,1,
13-50-j26-1,T0#6,35.T0.13-50-j26-1.5.R,Nürnb. Langwasser Mitte,1,
13-50-j26-1,T0#6,36.T0.13-50-j26-1.4.R,Nürnb. Langwasser Mitte,1,
13-50-j26-1,T0#6,37.T0.13-50-j26-1.4.R,Nürnb. Langwasser Mitte,1,
13-50-j26-1,T0#6,38.T0.13-50-j26-1.5.R,Nürnb. Langwasser Mitte,1,
13-50-j26-1,T0#6,39.T0.13-50-j26-1.4.R,Nürnb. Langwasser Mitte,1,
13-50-j26-1,T0#6,4.T0.13-50-j26-1.2.H,Nürnberg GNF Am Tower,0,
13-50-j26-1,T0#6,40.T0.13-50-j26-1.4.R,Nürnb. Langwasser Mitte,1,
13-50-j26-1,T0#6,41.T0.13-50-j26-1.4.R,Nürnb. Langwasser Mitte,1,
13-50-j26-1,T0#6,42.T0.13-50-j26-1.5.R,Nürnb. Langwasser Mitte,1,
13-50-j26-1,T0#6,43.T0.13-50-j26-1.4.R,Nürnb. Langwasser Mitte,1,
13-50-j26-1,T0#6,44.T0.13-50-j26-1.4.R,Nürnb. Langwasser Mitte,1,
13-50-j26-1,T0#6,45.T0.13-50-j26-1.5.R,Nürnb. Langwasser Mitte,1,
13-50-j26-1,T0#6,46.T0.13-50-j26-1.4.R,Nürnb. Langwasser Mitte,1,
13-50-j26-1,T0#6,47.T0.13-50-j26-1.4.R,Nürnb. Langwasser Mitte,1,
13-50-j26-1,T0#6,48.T0.13-50-j26-1.4.R,Nürnb. Langwasser Mitte,1,
13-50-j26-1,T0#6,49.T0.13-50-j26-1.4.R,Nürnb. Langwasser Mitte,1,
13-50-j26-1,T0#6,5.T0.13-50-j26-1.2.H,Nürnberg GNF Am Tower,0,
13-50-j26-1,T0#6,50.T0.13-50-j26-1.4.R,Nürnb. Langwasser Mitte,1,
13-50-j26-1,T0#6,51.T0.13-50-j26-1.4.R,Nürnb. Langwasser Mitte,1,
13-50-j26-1,T0#6,52.T0.13-50-j26-1.4.R,Nürnb. Langwasser Mitte,1,
13-50-j26-1,T0#6,53.T0.13-50-j26-1.4.R,Nürnb. Langwasser Mitte,1,
13-50-j26-1,T0#6,54.T0.13-50-j26-1.4.R,Nürnb. Langwasser Mitte,1,
13-50-j26-1,T0#6,6.T0.13-50-j26-1.2.H,Nürnberg GNF Am Tower,0,
13-50-j26-1,T0#6,7.T0.13-50-j26-1.2.H,Nürnberg GNF Am Tower,0,
13-50-j26-1,T0#6,8.T0.13-50-j26-1.1.H,Feucht Am Reichswald,0,
13-50-j26-1,T0#6,9.T0.13-50-j26-1.2.H,Nürnberg GNF Am Tower,0,
13-51-j26-2,T0#21,1.T0.13-51-j26-2.13.H,Kleinschwarzenlohe Nord,0,
13-51-j26-2,T0#21,10.T0.13-51-j26-2.13.H,Kleinschwarzenlohe Nord,0,
13-51-j26-2,T0#21,100.T0.13-51-j26-2.20.R,Nürnberg Vogelweiherstr.,1,
13-51-j26-2,T0#21,101.T0.13-51-j26-2.21.R,Nürnberg Vogelweiherstr.,1,
13-51-j26-2,T0#21,102.T0.13-51-j26-2.20.R,Nürnberg Vogelweiherstr.,1,
13-51-j26-2,T0#21,103.T0.13-51-j26-2.22.R,Nürnberg Vogelweiherstr.,1,
13-51-j26-2,T0#21,104.T0.13-51-j26-2.18.R,"Nürnberg, Frankenstraße",1,
13-51-j26-2,T0#21,105.T0.13-51-j26-2.18.R,"Nürnberg, Frankenstraße",1,
13-51-j26-2,T0#21,106.T0.13-51-j26-2.18.R,"Nürnberg, Frankenstraße",1,
13-51-j26-2,T0#21,107.T0.13-51-j26-2.18.R,"Nürnberg, Frankenstraße",1,
13-51-j26-2,T0#21,108.T0.13-51-j26-2.18.R,"Nürnberg, Frankenstraße",1,
13-51-j26-2,T0#21,109.T0.13-51-j26-2.18.R,"Nürnberg, Frankenstraße",1,
13-51-j26-2,T0#21,11.T0.13-51-j26-2.13.H,Kleinschwarzenlohe Nord,0,
13-51-j26-2,T0#21,110.T0.13-51-j26-2.18.R,"Nürnberg, Frankenstraße",1,
13-51-j26-2,T0#21,111.T0.13-51-j26-2.18.R,"Nürnberg, Frankenstraße",1,
13-51-j26-2,T0#21,112.T0.13-51-j26-2.18.R,"Nürnberg, Frankenstraße",1,
13-51-j26-2,T0#21,113.T0.13-51-j26-2.18.R,"Nürnberg, Frankenstraße",1,
13-51-j26-2,T0#21,114.T0.13-51-j26-2.18.R,"Nürnberg, Frankenstraße",1,
13-51-j26-2,T0#21,115.T0.13-51-j26-2.18.R,"Nürnberg, Frankenstraße",1,
13-51-j26-2,T0#21,116.T0.13-51-j26-2.18.R,"Nürnberg, Frankenstraße",1,
13-51-j26-2,T0#21,117.T0.13-51-j26-2.18.R,"Nürnberg, Frankenstraße",1,
13-51-j26-2,T0#21,118.T0.13-51-j26-2.18.R,"Nürnberg, Frankenstraße",1,
13-51-j26-2,T0#21,119.T0.13-51-j26-2.18.R,"Nürnberg, Frankenstraße",1,
13-51-j26-2,T0#21,12.T0.13-51-j26-2.13.H,Kleinschwarzenlohe Nord,0,
13-51-j26-2,T0#21,120.T0.13-51-j26-2.18.R,"Nürnberg, Frankenstraße",1,
13-51-j26-2,T0#21,121.T0.13-51-j26-2.18.R,"Nürnberg, Frankenstraße",1,
13-51-j26-2,T0#21,122.T0.13-51-j26-2.18.R,"Nürnberg, Frankenstraße",1,
13-51-j26-2,T0#21,123.T0.13-51-j26-2.18.R,"Nürnberg, Frankenstraße",1,
13-51-j26-2,T0#21,124.T0.13-51-j26-2.18.R,"Nürnberg, Frankenstraße",1,
13-51-j26-2,T0#21,125.T0.13-51-j26-2.18.R,"Nürnberg, Frankenstraße",1,
13-51-j26-2,T0#21,126.T0.13-51-j26-2.18.R,"Nürnberg, Frankenstraße",1,
13-51-j26-2,T0#21,127.T0.13-51-j26-2.18.R,"Nürnberg, Frankenstraße",1,
13-51-j26-2,T0#21,128.T0.13-51-j26-2.18.R,"Nürnberg, Frankenstraße",1,
13-51-j26-2,T0#21,129.T0.13-51-j26-2.18.R,"Nürnberg, Frankenstraße",1,
13-51-j26-2,T0#21,13.T0.13-51-j26-2.13.H,Kleinschwarzenlohe Nord,0,
13-51-j26-2,T0#21,130.T0.13-51-j26-2.18.R,"Nürnberg, Frankenstraße",1,
13-51-j26-2,T0#21,131.T0.13-51-j26-2.18.R,"Nürnberg, Frankenstraße",1,
13-51-j26-2,T0#21,132.T0.13-51-j26-2.18.R,"Nürnberg, Frankenstraße",1,
13-51-j26-2,T0#21,133.T0.13-51-j26-2.18.R,"Nürnberg, Frankenstraße",1,
13-51-j26-2,T0#21,134.T0.13-51-j26-2.18.R,"Nürnberg, Frankenstraße",1,
13-51-j26-2,T0#21,135.T0.13-51-j26-2.18.R,"Nürnberg, Frankenstraße",1,
13-51-j26-2,T0#21,136.T0.13-51-j26-2.18.R,"Nürnberg, Frankenstraße",1,
13-51-j26-2,T0#21,137.T0.13-51-j26-2.18.R,"Nürnberg, Frankenstraße",1,
13-51-j26-2,T0#21,138.T0.13-51-j26-2.18.R,"Nürnberg, Frankenstraße",1,
13-51-j26-2,T0#21,139.T0.13-51-j26-2.18.R,"Nürnberg, Frankenstraße",1,
13-51-j26-2,T0#21,14.T0.13-51-j26-2.13.H,Kleinschwarzenlohe Nord,0,
13-51-j26-2,T0#21,140.T0.13-51-j26-2.18.R,"Nürnberg, Frankenstraße",1,
13-51-j26-2,T0#21,141.T0.13-51-j26-2.18.R,"Nürnberg, Frankenstraße",1,
13-51-j26-2,T0#21,142.T0.13-51-j26-2.18.R,"Nürnberg, Frankenstraße",1,
13-51-j26-2,T0#21,143.T0.13-51-j26-2.18.R,"Nürnberg, Frankenstraße",1,
13-51-j26-2,T0#21,144.T0.13-51-j26-2.18.R,"Nürnberg, Frankenstraße",1,
13-51-j26-2,T0#21,145.T0.13-51-j26-2.18.R,"Nürnberg, Frankenstraße",1,
13-51-j26-2,T0#21,146.T0.13-51-j26-2.18.R,"Nürnberg, Frankenstraße",1,
13-51-j26-2,T0#21,147.T0.13-51-j26-2.18.R,"Nürnberg, Frankenstraße",1,
13-51-j26-2,T0#21,148.T0.13-51-j26-2.18.R,"Nürnberg, Frankenstraße",1,
13-51-j26-2,T0#21,149.T0.13-51-j26-2.18.R,"Nürnberg, Frankenstraße",1,
13-51-j26-2,T0#21,15.T0.13-51-j26-2.13.H,Kleinschwarzenlohe Nord,0,
13-51-j26-2,T0#21,150.T0.13-51-j26-2.18.R,"Nürnberg, Frankenstraße",1,
13-51-j26-2,T0#21,151.T0.13-51-j26-2.18.R,"Nürnberg, Frankenstraße",1,
13-51-j26-2,T0#21,152.T0.13-51-j26-2.18.R,"Nürnberg, Frankenstraße",1,
13-51-j26-2,T0#21,153.T0.13-51-j26-2.18.R,"Nürnberg, Frankenstraße",1,
13-51-j26-2,T0#21,154.T0.13-51-j26-2.18.R,"Nürnberg, Frankenstraße",1,
13-51-j26-2,T0#21,155.T0.13-51-j26-2.18.R,"Nürnberg, Frankenstraße",1,
13-51-j26-2,T0#21,156.T0.13-51-j26-2.18.R,"Nürnberg, Frankenstraße",1,
13-51-j26-2,T0#21,157.T0.13-51-j26-2.18.R,"Nürnberg, Frankenstraße",1,
13-51-j26-2,T0#21,158.T0.13-51-j26-2.18.R,"Nürnberg, Frankenstraße",1,
13-51-j26-2,T0#21,159.T0.13-51-j26-2.18.R,"Nürnberg, Frankenstraße",1,
13-51-j26-2,T0#21,16.T0.13-51-j26-2.13.H,Kleinschwarzenlohe Nord,0,
13-51-j26-2,T0#21,160.T0.13-51-j26-2.18.R,"Nürnberg, Frankenstraße",1,
13-51-j26-2,T0#21,161.T0.13-51-j26-2.18.R,"Nürnberg, Frankenstraße",1,
13-51-j26-2,T0#21,162.T0.13-51-j26-2.18.R,"Nürnberg, Frankenstraße",1,
13-51-j26-2,T0#21,163.T0.13-51-j26-2.18.R,"Nürnberg, Frankenstraße",1,
13-51-j26-2,T0#21,164.T0.13-51-j26-2.18.R,"Nürnberg, Frankenstraße",1,
13-51-j26-2,T0#21,165.T0.13-51-j26-2.23.R,"Nürnberg, Frankenstraße",1,
13-51-j26-2,T0#21,166.T0.13-51-j26-2.24.R,"Nürnberg, Frankenstraße",1,
13-51-j26-2,T0#21,167.T0.13-51-j26-2.23.R,"Nürnberg, Frankenstraße",1,
13-51-j26-2,T0#21,168.T0.13-51-j26-2.24.R,"Nürnberg, Frankenstraße",1,
13-51-j26-2,T0#21,169.T0.13-51-j26-2.23.R,"Nürnberg, Frankenstraße",1,
13-51-j26-2,T0#21,17.T0.13-51-j26-2.13.H,Kleinschwarzenlohe Nord,0,
13-51-j26-2,T0#21,170.T0.13-51-j26-2.24.R,"Nürnberg, Frankenstraße",1,
13-51-j26-2,T0#21,171.T0.13-51-j26-2.23.R,"Nürnberg, Frankenstraße",1,
13-51-j26-2,T0#21,172.T0.13-51-j26-2.24.R,"Nürnberg, Frankenstraße",1,
13-51-j26-2,T0#21,173.T0.13-51-j26-2.23.R,"Nürnberg, Frankenstraße",1,
13-51-j26-2,T0#21,174.T0.13-51-j26-2.24.R,"Nürnberg, Frankenstraße",1,
13-51-j26-2,T0#21,18.T0.13-51-j26-2.13.H,Kleinschwarzenlohe Nord,0,
13-51-j26-2,T0#21,19.T0.13-51-j26-2.13.H,Kleinschwarzenlohe Nord,0,
13-51-j26-2,T0#21,2.T0.13-51-j26-2.13.H,Kleinschwarzenlohe Nord,0,
13-51-j26-2,T0#21,20.T0.13-51-j26-2.13.H,Kleinschwarzenlohe Nord,0,
13-51-j26-2,T0#21,21.T0.13-51-j26-2.13.H,Kleinschwarzenlohe Nord,0,
13-51-j26-2,T0#21,22.T0.13-51-j26-2.13.H,Kleinschwarzenlohe Nord,0,
13-51-j26-2,T0#21,23.T0.13-51-j26-2.13.H,Kleinschwarzenlohe Nord,0,
13-51-j26-2,T0#21,24.T0.13-51-j26-2.13.H,Kleinschwarzenlohe Nord,0,
13-51-j26-2,T0#21,25.T0.13-51-j26-2.13.H,Kleinschwarzenlohe Nord,0,
13-51-j26-2,T0#21,26.T0.13-51-j26-2.13.H,Kleinschwarzenlohe Nord,0,
13-51-j26-2,T0#21,27.T0.13-51-j26-2.13.H,Kleinschwarzenlohe Nord,0,
13-51-j26-2,T0#21,28.T0.13-51-j26-2.13.H,Kleinschwarzenlohe Nord,0,
13-51-j26-2,T0#21,29.T0.13-51-j26-2.13.H,Kleinschwarzenlohe Nord,0,
13-51-j26-2,T0#21,3.T0.13-51-j26-2.13.H,Kleinschwarzenlohe Nord,0,
13-51-j26-2,T0#21,30.T0.13-51-j26-2.13.H,Kleinschwarzenlohe Nord,0,
13-51-j26-2,T0#21,31.T0.13-51-j26-2.13.H,Kleinschwarzenlohe Nord,0,
13-51-j26-2,T0#21,32.T0.13-51-j26-2.13.H,Kleinschwarzenlohe Nord,0,
13-51-j26-2,T0#21,33.T0.13-51-j26-2.14.H,Nürnberg Kornburg Süd,0,
13-51-j26-2,T0#21,34.T0.13-51-j26-2.13.H,Kleinschwarzenlohe Nord,0,
13-51-j26-2,T0#21,35.T0.13-51-j26-2.13.H,Kleinschwarzenlohe Nord,0,
13-51-j26-2,T0#21,36.T0.13-51-j26-2.13.H,Kleinschwarzenlohe Nord,0,
13-51-j26-2,T0#21,37.T0.13-51-j26-2.13.H,Kleinschwarzenlohe Nord,0,
13-51-j26-2,T0#21,38.T0.13-51-j26-2.13.H,Kleinschwarzenlohe Nord,0,
13-51-j26-2,T0#21,39.T0.13-51-j26-2.13.H,Kleinschwarzenlohe Nord,0,
13-51-j26-2,T0#21,4.T0.13-51-j26-2.13.H,Kleinschwarzenlohe Nord,0,
13-51-j26-2,T0#21,40.T0.13-51-j26-2.13.H,Kleinschwarzenlohe Nord,0,
13-51-j26-2,T0#21,41.T0.13-51-j26-2.13.H,Kleinschwarzenlohe Nord,0,
13-51-j26-2,T0#21,42.T0.13-51-j26-2.13.H,Kleinschwarzenlohe Nord,0,
13-51-j26-2,T0#21,43.T0.13-51-j26-2.13.H,Kleinschwarzenlohe Nord,0,
13-51-j26-2,T0#21,44.T0.13-51-j26-2.13.H,Kleinschwarzenlohe Nord,0,
13-51-j26-2,T0#21,45.T0.13-51-j26-2.13.H,Kleinschwarzenlohe Nord,0,
13-51-j26-2,T0#21,46.T0.13-51-j26-2.13.H,Kleinschwarzenlohe Nord,0,
13-51-j26-2,T0#21,47.T0.13-51-j26-2.13.H,Kleinschwarzenlohe Nord,0,
13-51-j26-2,T0#21,48.T0.13-51-j26-2.13.H,Kleinschwarzenlohe Nord,0,
13-51-j26-2,T0#21,49.T0.13-51-j26-2.13.H,Kleinschwarzenlohe Nord,0,
13-51-j26-2,T0#21,5.T0.13-51-j26-2.13.H,Kleinschwarzenlohe Nord,0,
13-51-j26-2,T0#21,50.T0.13-51-j26-2.13.H,Kleinschwarzenlohe Nord,0,
13-51-j26-2,T0#21,51.T0.13-51-j26-2.13.H,Kleinschwarzenlohe Nord,0,
13-51-j26-2,T0#21,52.T0.13-51-j26-2.13.H,Kleinschwarzenlohe Nord,0,
13-51-j26-2,T0#21,53.T0.13-51-j26-2.13.H,Kleinschwarzenlohe Nord,0,
13-51-j26-2,T0#21,54.T0.13-51-j26-2.13.H,Kleinschwarzenlohe Nord,0,
13-51-j26-2,T0#21,55.T0.13-51-j26-2.13.H,Kleinschwarzenlohe Nord,0,
13-51-j26-2,T0#21,56.T0.13-51-j26-2.13.H,Kleinschwarzenlohe Nord,0,
13-51-j26-2,T0#21,57.T0.13-51-j26-2.13.H,Kleinschwarzenlohe Nord,0,
13-51-j26-2,T0#21,58.T0.13-51-j26-2.13.H,Kleinschwarzenlohe Nord,0,
13-51-j26-2,T0#21,59.T0.13-51-j26-2.13.H,Kleinschwarzenlohe Nord,0,
13-51-j26-2,T0#21,6.T0.13-51-j26-2.13.H,Kleinschwarzenlohe Nord,0,
13-51-j26-2,T0#21,60.T0.13-51-j26-2.13.H,Kleinschwarzenlohe Nord,0,
13-51-j26-2,T0#21,61.T0.13-51-j26-2.13.H,Kleinschwarzenlohe Nord,0,
13-51-j26-2,T0#21,62.T0.13-51-j26-2.13.H,Kleinschwarzenlohe Nord,0,
13-51-j26-2,T0#21,63.T0.13-51-j26-2.13.H,Kleinschwarzenlohe Nord,0,
13-51-j26-2,T0#21,64.T0.13-51-j26-2.13.H,Kleinschwarzenlohe Nord,0,
13-51-j26-2,T0#21,65.T0.13-51-j26-2.13.H,Kleinschwarzenlohe Nord,0,
13-51-j26-2,T0#21,66.T0.13-51-j26-2.13.H,Kleinschwarzenlohe Nord,0,
13-51-j26-2,T0#21,67.T0.13-51-j26-2.13.H,Kleinschwarzenlohe Nord,0,
13-51-j26-2,T0#21,68.T0.13-51-j26-2.13.H,Kleinschwarzenlohe Nord,0,
13-51-j26-2,T0#21,69.T0.13-51-j26-2.13.H,Kleinschwarzenlohe Nord,0,
13-51-j26-2,T0#21,7.T0.13-51-j26-2.13.H,Kleinschwarzenlohe Nord,0,
13-51-j26-2,T0#21,70.T0.13-51-j26-2.13.H,Kleinschwarzenlohe Nord,0,
13-51-j26-2,T0#21,71.T0.13-51-j26-2.13.H,Kleinschwarzenlohe Nord,0,
13-51-j26-2,T0#21,72.T0.13-51-j26-2.13.H,Kleinschwarzenlohe Nord,0,
13-51-j26-2,T0#21,73.T0.13-51-j26-2.15.H,Nürnberg Worzeldorf Schule,0,
13-51-j26-2,T0#21,74.T0.13-51-j26-2.16.H,Nürnb. Kornburg Schleife,0,
13-51-j26-2,T0#21,75.T0.13-51-j26-2.15.H,Nürnberg Worzeldorf Schule,0,
13-51-j26-2,T0#21,76.T0.13-51-j26-2.16.H,Nürnb. Kornburg Schleife,0,
13-51-j26-2,T0#21,77.T0.13-51-j26-2.15.H,Nürnberg Worzeldorf Schule,0,
13-51-j26-2,T0#21,78.T0.13-51-j26-2.16.H,Nürnb. Kornburg Schleife,0,
13-51-j26-2,T0#21,79.T0.13-51-j26-2.15.H,Nürnberg Worzeldorf Schule,0,
13-51-j26-2,T0#21,8.T0.13-51-j26-2.13.H,Kleinschwarzenlohe Nord,0,
13-51-j26-2,T0#21,80.T0.13-51-j26-2.16.H,Nürnb. Kornburg Schleife,0,
13-51-j26-2,T0#21,81.T0.13-51-j26-2.15.H,Nürnberg Worzeldorf Schule,0,
13-51-j26-2,T0#21,82.T0.13-51-j26-2.16.H,Nürnb. Kornburg Schleife,0,
13-51-j26-2,T0#21,83.T0.13-51-j26-2.15.H,Nürnberg Worzeldorf Schule,0,
13-51-j26-2,T0#21,84.T0.13-51-j26-2.16.H,Nürnb. Kornburg Schleife,0,
13-51-j26-2,T0#21,85.T0.13-51-j26-2.17.H,Nürnberg Worzeld. Feuerwehrh.,0,
13-51-j26-2,T0#21,86.T0.13-51-j26-2.18.R,"Nürnberg, Frankenstraße",1,
13-51-j26-2,T0#21,87.T0.13-51-j26-2.18.R,"Nürnberg, Frankenstraße",1,
13-51-j26-2,T0#21,88.T0.13-51-j26-2.18.R,"Nürnberg, Frankenstraße",1,
13-51-j26-2,T0#21,89.T0.13-51-j26-2.18.R,"Nürnberg, Frankenstraße",1,
13-51-j26-2,T0#21,9.T0.13-51-j26-2.13.H,Kleinschwarzenlohe Nord,0,
13-51-j26-2,T0#21,90.T0.13-51-j26-2.18.R,"Nürnberg, Frankenstraße",1,
13-51-j26-2,T0#21,91.T0.13-51-j26-2.18.R,"Nürnberg, Frankenstraße",1,
13-51-j26-2,T0#21,92.T0.13-51-j26-2.18.R,"Nürnberg, Frankenstraße",1,
13-51-j26-2,T0#21,93.T0.13-51-j26-2.18.R,"Nürnberg, Frankenstraße",1,
13-51-j26-2,T0#21,94.T0.13-51-j26-2.18.R,"Nürnberg, Frankenstraße",1,
13-51-j26-2,T0#21,95.T0.13-51-j26-2.18.R,"Nürnberg, Frankenstraße",1,
13-51-j26-2,T0#21,96.T0.13-51-j26-2.18.R,"Nürnberg, Frankenstraße",1,
13-51-j26-2,T0#21,97.T0.13-51-j26-2.19.R,"Nürnberg, Frankenstraße",1,
13-51-j26-2,T0#21,98.T0.13-51-j26-2.20.R,Nürnberg Vogelweiherstr.,1,
13-51-j26-2,T0#21,99.T0.13-51-j26-2.18.R,"Nürnberg, Frankenstraße",1,
13-52-j26-1,T0#6,1.T0.13-52-j26-1.5.H,Nürnberg Katzwang Süd,0,
13-52-j26-1,T0#6,10.T0.13-52-j26-1.5.H,Nürnberg Katzwang Süd,0,
13-52-j26-1,T0#6,100.T0.13-52-j26-1.1.R,Nürnb. Langwasser Mitte,1,
13-52-j26-1,T0#6,101.T0.13-52-j26-1.1.R,Nürnb. Langwasser Mitte,1,
13-52-j26-1,T0#6,102.T0.13-52-j26-1.1.R,Nürnb. Langwasser Mitte,1,
13-52-j26-1,T0#6,103.T0.13-52-j26-1.1.R,Nürnb. Langwasser Mitte,1,
13-52-j26-1,T0#6,104.T0.13-52-j26-1.1.R,Nürnb. Langwasser Mitte,1,
13-52-j26-1,T0#6,105.T0.13-52-j26-1.1.R,Nürnb. Langwasser Mitte,1,
13-52-j26-1,T0#6,106.T0.13-52-j26-1.1.R,Nürnb. Langwasser Mitte,1,
13-52-j26-1,T0#6,107.T0.13-52-j26-1.1.R,Nürnb. Langwasser Mitte,1,
13-52-j26-1,T0#6,108.T0.13-52-j26-1.6.R,Nürnb. Langwasser Mitte,1,
13-52-j26-1,T0#6,109.T0.13-52-j26-1.7.R,Nürnb. Langwasser Mitte,1,
13-52-j26-1,T0#6,11.T0.13-52-j26-1.5.H,Nürnberg Katzwang Süd,0,
13-52-j26-1,T0#6,110.T0.13-52-j26-1.8.R,Nürnberg Hugo-Wolf-Str.,1,
13-52-j26-1,T0#6,111.T0.13-52-j26-1.6.R,Nürnb. Langwasser Mitte,1,
13-52-j26-1,T0#6,112.T0.13-52-j26-1.9.R,Nürnb. Langwasser Mitte,1,
13-52-j26-1,T0#6,113.T0.13-52-j26-1.10.R,Nürnb. Langwasser Mitte,1,
13-52-j26-1,T0#6,114.T0.13-52-j26-1.6.R,Nürnb. Langwasser Mitte,1,
13-52-j26-1,T0#6,115.T0.13-52-j26-1.9.R,Nürnb. Langwasser Mitte,1,
13-52-j26-1,T0#6,116.T0.13-52-j26-1.6.R,Nürnb. Langwasser Mitte,1,
13-52-j26-1,T0#6,117.T0.13-52-j26-1.9.R,Nürnb. Langwasser Mitte,1,
13-52-j26-1,T0#6,118.T0.13-52-j26-1.6.R,Nürnb. Langwasser Mitte,1,
13-52-j26-1,T0#6,119.T0.13-52-j26-1.9.R,Nürnb. Langwasser Mitte,1,
13-52-j26-1,T0#6,12.T0.13-52-j26-1.5.H,Nürnberg Katzwang Süd,0,
13-52-j26-1,T0#6,120.T0.13-52-j26-1.8.R,Nürnberg Hugo-Wolf-Str.,1,
13-52-j26-1,T0#6,121.T0.13-52-j26-1.9.R,Nürnb. Langwasser Mitte,1,
13-52-j26-1,T0#6,122.T0.13-52-j26-1.8.R,Nürnberg Hugo-Wolf-Str.,1,
13-52-j26-1,T0#6,13.T0.13-52-j26-1.5.H,Nürnberg Katzwang Süd,0,
13-52-j26-1,T0#6,14.T0.13-52-j26-1.5.H,Nürnberg Katzwang Süd,0,
13-52-j26-1,T0#6,15.T0.13-52-j26-1.5.H,Nürnberg Katzwang Süd,0,
13-52-j26-1,T0#6,16.T0.13-52-j26-1.5.H,Nürnberg Katzwang Süd,0,
13-52-j26-1,T0#6,17.T0.13-52-j26-1.5.H,Nürnberg Katzwang Süd,0,
13-52-j26-1,T0#6,18.T0.13-52-j26-1.5.H,Nürnberg Katzwang Süd,0,
13-52-j26-1,T0#6,19.T0.13-52-j26-1.5.H,Nürnberg Katzwang Süd,0,
13-52-j26-1,T0#6,2.T0.13-52-j26-1.5.H,Nürnberg Katzwang Süd,0,
13-52-j26-1,T0#6,20.T0.13-52-j26-1.5.H,Nürnberg Katzwang Süd,0,
13-52-j26-1,T0#6,21.T0.13-52-j26-1.5.H,Nürnberg Katzwang Süd,0,
13-52-j26-1,T0#6,22.T0.13-52-j26-1.5.H,Nürnberg Katzwang Süd,0,
13-52-j26-1,T0#6,23.T0.13-52-j26-1.5.H,Nürnberg Katzwang Süd,0,
13-52-j26-1,T0#6,24.T0.13-52-j26-1.5.H,Nürnberg Katzwang Süd,0,
13-52-j26-1,T0#6,25.T0.13-52-j26-1.5.H,Nürnberg Katzwang Süd,0,
13-52-j26-1,T0#6,27.T0.13-52-j26-1.5.H,Nürnberg Katzwang Süd,0,
13-52-j26-1,T0#6,28.T0.13-52-j26-1.5.H,Nürnberg Katzwang Süd,0,
13-52-j26-1,T0#6,29.T0.13-52-j26-1.5.H,Nürnberg Katzwang Süd,0,
13-52-j26-1,T0#6,3.T0.13-52-j26-1.5.H,Nürnberg Katzwang Süd,0,
13-52-j26-1,T0#6,30.T0.13-52-j26-1.5.H,Nürnberg Katzwang Süd,0,
13-52-j26-1,T0#6,31.T0.13-52-j26-1.5.H,Nürnberg Katzwang Süd,0,
13-52-j26-1,T0#6,32.T0.13-52-j26-1.5.H,Nürnberg Katzwang Süd,0,
13-52-j26-1,T0#6,33.T0.13-52-j26-1.5.H,Nürnberg Katzwang Süd,0,
13-52-j26-1,T0#6,34.T0.13-52-j26-1.5.H,Nürnberg Katzwang Süd,0,
13-52-j26-1,T0#6,35.T0.13-52-j26-1.5.H,Nürnberg Katzwang Süd,0,
13-52-j26-1,T0#6,36.T0.13-52-j26-1.5.H,Nürnberg Katzwang Süd,0,
13-52-j26-1,T0#6,37.T0.13-52-j26-1.5.H,Nürnberg Katzwang Süd,0,
13-52-j26-1,T0#6,38.T0.13-52-j26-1.5.H,Nürnberg Katzwang Süd,0,
13-52-j26-1,T0#6,39.T0.13-52-j26-1.5.H,Nürnberg Katzwang Süd,0,
13-52-j26-1,T0#6,4.T0.13-52-j26-1.5.H,Nürnberg Katzwang Süd,0,
13-52-j26-1,T0#6,40.T0.13-52-j26-1.5.H,Nürnberg Katzwang Süd,0,
13-52-j26-1,T0#6,41.T0.13-52-j26-1.5.H,Nürnberg Katzwang Süd,0,
13-52-j26-1,T0#6,42.T0.13-52-j26-1.5.H,Nürnberg Katzwang Süd,0,
13-52-j26-1,T0#6,43.T0.13-52-j26-1.5.H,Nürnberg Katzwang Süd,0,
13-52-j26-1,T0#6,44.T0.13-52-j26-1.5.H,Nürnberg Katzwang Süd,0,
13-52-j26-1,T0#6,45.T0.13-52-j26-1.5.H,Nürnberg Katzwang Süd,0,
13-52-j26-1,T0#6,46.T0.13-52-j26-1.5.H,Nürnberg Katzwang Süd,0,
13-52-j26-1,T0#6,47.T0.13-52-j26-1.5.H,Nürnberg Katzwang Süd,0,
13-52-j26-1,T0#6,48.T0.13-52-j26-1.5.H,Nürnberg Katzwang Süd,0,
13-52-j26-1,T0#6,49.T0.13-52-j26-1.4.H,Nürnberg Worzeldorf Schule,0,
13-52-j26-1,T0#6,5.T0.13-52-j26-1.5.H,Nürnberg Katzwang Süd,0,
13-52-j26-1,T0#6,50.T0.13-52-j26-1.5.H,Nürnberg Katzwang Süd,0,
13-52-j26-1,T0#6,51.T0.13-52-j26-1.4.H,Nürnberg Worzeldorf Schule,0,
13-52-j26-1,T0#6,52.T0.13-52-j26-1.5.H,Nürnberg Katzwang Süd,0,
13-52-j26-1,T0#6,53.T0.13-52-j26-1.4.H,Nürnberg Worzeldorf Schule,0,
13-52-j26-1,T0#6,54.T0.13-52-j26-1.5.H,Nürnberg Katzwang Süd,0,
13-52-j26-1,T0#6,55.T0.13-52-j26-1.4.H,Nürnberg Worzeldorf Schule,0,
13-52-j26-1,T0#6,56.T0.13-52-j26-1.5.H,Nürnberg Katzwang Süd,0,
13-52-j26-1,T0#6,57.T0.13-52-j26-1.4.H,Nürnberg Worzeldorf Schule,0,
13-52-j26-1,T0#6,58.T0.13-52-j26-1.5.H,Nürnberg Katzwang Süd,0,
13-52-j26-1,T0#6,59.T0.13-52-j26-1.1.R,Nürnb. Langwasser Mitte,1,
13-52-j26-1,T0#6,6.T0.13-52-j26-1.5.H,Nürnberg Katzwang Süd,0,
13-52-j26-1,T0#6,60.T0.13-52-j26-1.1.R,Nürnb. Langwasser Mitte,1,
13-52-j26-1,T0#6,61.T0.13-52-j26-1.1.R,Nürnb. Langwasser Mitte,1,
13-52-j26-1,T0#6,62.T0.13-52-j26-1.1.R,Nürnb. Langwasser Mitte,1,
13-52-j26-1,T0#6,63.T0.13-52-j26-1.1.R,Nürnb. Langwasser Mitte,1,
13-52-j26-1,T0#6,64.T0.13-52-j26-1.1.R,Nürnb. Langwasser Mitte,1,
13-52-j26-1,T0#6,66.T0.13-52-j26-1.6.R,Nürnb. Langwasser Mitte,1,
13-52-j26-1,T0#6,67.T0.13-52-j26-1.1.R,Nürnb. Langwasser Mitte,1,
13-52-j26-1,T0#6,68.T0.13-52-j26-1.1.R,Nürnb. Langwasser Mitte,1,
13-52-j26-1,T0#6,69.T0.13-52-j26-1.1.R,Nürnb. Langwasser Mitte,1,
13-52-j26-1,T0#6,7.T0.13-52-j26-1.5.H,Nürnberg Katzwang Süd,0,
13-52-j26-1,T0#6,70.T0.13-52-j26-1.1.R,Nürnb. Langwasser Mitte,1,
13-52-j26-1,T0#6,71.T0.13-52-j26-1.1.R,Nürnb. Langwasser Mitte,1,
13-52-j26-1,T0#6,72.T0.13-52-j26-1.1.R,Nürnb. Langwasser Mitte,1,
13-52-j26-1,T0#6,73.T0.13-52-j26-1.1.R,Nürnb. Langwasser Mitte,1,
13-52-j26-1,T0#6,74.T0.13-52-j26-1.1.R,Nürnb. Langwasser Mitte,1,
13-52-j26-1,T0#6,75.T0.13-52-j26-1.1.R,Nürnb. Langwasser Mitte,1,
13-52-j26-1,T0#6,76.T0.13-52-j26-1.1.R,Nürnb. Langwasser Mitte,1,
13-52-j26-1,T0#6,77.T0.13-52-j26-1.1.R,Nürnb. Langwasser Mitte,1,
13-52-j26-1,T0#6,78.T0.13-52-j26-1.1.R,Nürnb. Langwasser Mitte,1,
13-52-j26-1,T0#6,79.T0.13-52-j26-1.1.R,Nürnb. Langwasser Mitte,1,
13-52-j26-1,T0#6,8.T0.13-52-j26-1.5.H,Nürnberg Katzwang Süd,0,
13-52-j26-1,T0#6,80.T0.13-52-j26-1.1.R,Nürnb. Langwasser Mitte,1,
13-52-j26-1,T0#6,81.T0.13-52-j26-1.1.R,Nürnb. Langwasser Mitte,1,
13-52-j26-1,T0#6,82.T0.13-52-j26-1.1.R,Nürnb. Langwasser Mitte,1,
13-52-j26-1,T0#6,83.T0.13-52-j26-1.1.R,Nürnb. Langwasser Mitte,1,
13-52-j26-1,T0#6,84.T0.13-52-j26-1.1.R,Nürnb. Langwasser Mitte,1,
13-52-j26-1,T0#6,85.T0.13-52-j26-1.1.R,Nürnb. Langwasser Mitte,1,
13-52-j26-1,T0#6,86.T0.13-52-j26-1.1.R,Nürnb. Langwasser Mitte,1,
13-52-j26-1,T0#6,88.T0.13-52-j26-1.1.R,Nürnb. Langwasser Mitte,1,
13-52-j26-1,T0#6,89.T0.13-52-j26-1.1.R,Nürnb. Langwasser Mitte,1,
13-52-j26-1,T0#6,9.T0.13-52-j26-1.5.H,Nürnberg Katzwang Süd,0,
13-52-j26-1,T0#6,90.T0.13-52-j26-1.1.R,Nürnb. Langwasser Mitte,1,
13-52-j26-1,T0#6,91.T0.13-52-j26-1.1.R,Nürnb. Langwasser Mitte,1,
13-52-j26-1,T0#6,92.T0.13-52-j26-1.1.R,Nürnb. Langwasser Mitte,1,
13-52-j26-1,T0#6,93.T0.13-52-j26-1.1.R,Nürnb. Langwasser Mitte,1,
13-52-j26-1,T0#6,94.T0.13-52-j26-1.1.R,Nürnb. Langwasser Mitte,1,
13-52-j26-1,T0#6,95.T0.13-52-j26-1.1.R,Nürnb. Langwasser Mitte,1,
13-52-j26-1,T0#6,96.T0.13-52-j26-1.1.R,Nürnb. Langwasser Mitte,1,
13-52-j26-1,T0#6,97.T0.13-52-j26-1.1.R,Nürnb. Langwasser Mitte,1,
13-52-j26-1,T0#6,98.T0.13-52-j26-1.1.R,Nürnb. Langwasser Mitte,1,
13-52-j26-1,T0#6,99.T0.13-52-j26-1.1.R,Nürnb. Langwasser Mitte,1,
13-53-j26-2,T0#21,1.T0.13-53-j26-2.7.H,Schwand (Schwanst) Marktpl.,0,
13-53-j26-2,T0#21,10.T0.13-53-j26-2.7.H,Schwand (Schwanst) Marktpl.,0,
13-53-j26-2,T0#21,100.T0.13-53-j26-2.11.R,Nürnberg Luitpoldhain,1,
13-53-j26-2,T0#21,101.T0.13-53-j26-2.10.R,Nürnberg Luitpoldhain,1,
13-53-j26-2,T0#21,102.T0.13-53-j26-2.11.R,Nürnberg Luitpoldhain,1,
13-53-j26-2,T0#21,103.T0.13-53-j26-2.10.R,Nürnberg Luitpoldhain,1,
13-53-j26-2,T0#21,104.T0.13-53-j26-2.10.R,Nürnberg Luitpoldhain,1,
13-53-j26-2,T0#21,105.T0.13-53-j26-2.10.R,Nürnberg Luitpoldhain,1,
13-53-j26-2,T0#21,106.T0.13-53-j26-2.10.R,Nürnberg Luitpoldhain,1,
13-53-j26-2,T0#21,107.T0.13-53-j26-2.11.R,Nürnberg Luitpoldhain,1,
13-53-j26-2,T0#21,108.T0.13-53-j26-2.10.R,Nürnberg Luitpoldhain,1,
13-53-j26-2,T0#21,11.T0.13-53-j26-2.8.H,Nürnb. Kornburg Schleife,0,
13-53-j26-2,T0#21,12.T0.13-53-j26-2.8.H,Nürnb. Kornburg Schleife,0,
13-53-j26-2,T0#21,13.T0.13-53-j26-2.7.H,Schwand (Schwanst) Marktpl.,0,
13-53-j26-2,T0#21,14.T0.13-53-j26-2.8.H,Nürnb. Kornburg Schleife,0,
13-53-j26-2,T0#21,15.T0.13-53-j26-2.8.H,Nürnb. Kornburg Schleife,0,
13-53-j26-2,T0#21,16.T0.13-53-j26-2.7.H,Schwand (Schwanst) Marktpl.,0,
13-53-j26-2,T0#21,17.T0.13-53-j26-2.8.H,Nürnb. Kornburg Schleife,0,
13-53-j26-2,T0#21,18.T0.13-53-j26-2.8.H,Nürnb. Kornburg Schleife,0,
13-53-j26-2,T0#21,19.T0.13-53-j26-2.7.H,Schwand (Schwanst) Marktpl.,0,
13-53-j26-2,T0#21,2.T0.13-53-j26-2.7.H,Schwand (Schwanst) Marktpl.,0,
13-53-j26-2,T0#21,20.T0.13-53-j26-2.8.H,Nürnb. Kornburg Schleife,0,
13-53-j26-2,T0#21,21.T0.13-53-j26-2.8.H,Nürnb. Kornburg Schleife,0,
13-53-j26-2,T0#21,22.T0.13-53-j26-2.7.H,Schwand (Schwanst) Marktpl.,0,
13-53-j26-2,T0#21,23.T0.13-53-j26-2.8.H,Nürnb. Kornburg Schleife,0,
13-53-j26-2,T0#21,24.T0.13-53-j26-2.7.H,Schwand (Schwanst) Marktpl.,0,
13-53-j26-2,T0#21,25.T0.13-53-j26-2.7.H,Schwand (Schwanst) Marktpl.,0,
13-53-j26-2,T0#21,26.T0.13-53-j26-2.9.H,Schwand (Schwanst) Marktpl.,0,
13-53-j26-2,T0#21,27.T0.13-53-j26-2.7.H,Schwand (Schwanst) Marktpl.,0,
13-53-j26-2,T0#21,28.T0.13-53-j26-2.7.H,Schwand (Schwanst) Marktpl.,0,
13-53-j26-2,T0#21,29.T0.13-53-j26-2.7.H,Schwand (Schwanst) Marktpl.,0,
13-53-j26-2,T0#21,3.T0.13-53-j26-2.7.H,Schwand (Schwanst) Marktpl.,0,
13-53-j26-2,T0#21,30.T0.13-53-j26-2.7.H,Schwand (Schwanst) Marktpl.,0,
13-53-j26-2,T0#21,31.T0.13-53-j26-2.7.H,Schwand (Schwanst) Marktpl.,0,
13-53-j26-2,T0#21,32.T0.13-53-j26-2.7.H,Schwand (Schwanst) Marktpl.,0,
13-53-j26-2,T0#21,33.T0.13-53-j26-2.7.H,Schwand (Schwanst) Marktpl.,0,
13-53-j26-2,T0#21,34.T0.13-53-j26-2.7.H,Schwand (Schwanst) Marktpl.,0,
13-53-j26-2,T0#21,35.T0.13-53-j26-2.7.H,Schwand (Schwanst) Marktpl.,0,
13-53-j26-2,T0#21,36.T0.13-53-j26-2.7.H,Schwand (Schwanst) Marktpl.,0,
13-53-j26-2,T0#21,37.T0.13-53-j26-2.7.H,Schwand (Schwanst) Marktpl.,0,
13-53-j26-2,T0#21,38.T0.13-53-j26-2.7.H,Schwand (Schwanst) Marktpl.,0,
13-53-j26-2,T0#21,39.T0.13-53-j26-2.7.H,Schwand (Schwanst) Marktpl.,0,
13-53-j26-2,T0#21,4.T0.13-53-j26-2.7.H,Schwand (Schwanst) Marktpl.,0,
13-53-j26-2,T0#21,40.T0.13-53-j26-2.7.H,Schwand (Schwanst) Marktpl.,0,
13-53-j26-2,T0#21,41.T0.13-53-j26-2.7.H,Schwand (Schwanst) Marktpl.,0,
13-53-j26-2,T0#21,42.T0.13-53-j26-2.7.H,Schwand (Schwanst) Marktpl.,0,
13-53-j26-2,T0#21,43.T0.13-53-j26-2.8.H,Nürnb. Kornburg Schleife,0,
13-53-j26-2,T0#21,44.T0.13-53-j26-2.8.H,Nürnb. Kornburg Schleife,0,
13-53-j26-2,T0#21,45.T0.13-53-j26-2.7.H,Schwand (Schwanst) Marktpl.,0,
13-53-j26-2,T0#21,46.T0.13-53-j26-2.8.H,Nürnb. Kornburg Schleife,0,
13-53-j26-2,T0#21,47.T0.13-53-j26-2.7.H,Schwand (Schwanst) Marktpl.,0,
13-53-j26-2,T0#21,48.T0.13-53-j26-2.7.H,Schwand (Schwanst) Marktpl.,0,
13-53-j26-2,T0#21,49.T0.13-53-j26-2.7.H,Schwand (Schwanst) Marktpl.,0,
13-53-j26-2,T0#21,5.T0.13-53-j26-2.7.H,Schwand (Schwanst) Marktpl.,0,
13-53-j26-2,T0#21,50.T0.13-53-j26-2.8.H,Nürnb. Kornburg Schleife,0,
13-53-j26-2,T0#21,51.T0.13-53-j26-2.7.H,Schwand (Schwanst) Marktpl.,0,
13-53-j26-2,T0#21,52.T0.13-53-j26-2.8.H,Nürnb. Kornburg Schleife,0,
13-53-j26-2,T0#21,53.T0.13-53-j26-2.8.H,Nürnb. Kornburg Schleife,0,
13-53-j26-2,T0#21,54.T0.13-53-j26-2.10.R,Nürnberg Luitpoldhain,1,
13-53-j26-2,T0#21,55.T0.13-53-j26-2.11.R,Nürnberg Luitpoldhain,1,
13-53-j26-2,T0#21,56.T0.13-53-j26-2.10.R,Nürnberg Luitpoldhain,1,
13-53-j26-2,T0#21,57.T0.13-53-j26-2.10.R,Nürnberg Luitpoldhain,1,
13-53-j26-2,T0#21,58.T0.13-53-j26-2.10.R,Nürnberg Luitpoldhain,1,
13-53-j26-2,T0#21,59.T0.13-53-j26-2.10.R,Nürnberg Luitpoldhain,1,
13-53-j26-2,T0#21,6.T0.13-53-j26-2.8.H,Nürnb. Kornburg Schleife,0,
13-53-j26-2,T0#21,60.T0.13-53-j26-2.10.R,Nürnberg Luitpoldhain,1,
13-53-j26-2,T0#21,61.T0.13-53-j26-2.12.R,Nürnberg Kornburg Süd,1,
13-53-j26-2,T0#21,62.T0.13-53-j26-2.11.R,Nürnberg Luitpoldhain,1,
13-53-j26-2,T0#21,63.T0.13-53-j26-2.10.R,Nürnberg Luitpoldhain,1,
13-53-j26-2,T0#21,64.T0.13-53-j26-2.10.R,Nürnberg Luitpoldhain,1,
13-53-j26-2,T0#21,65.T0.13-53-j26-2.10.R,Nürnberg Luitpoldhain,1,
13-53-j26-2,T0#21,66.T0.13-53-j26-2.11.R,Nürnberg Luitpoldhain,1,
13-53-j26-2,T0#21,67.T0.13-53-j26-2.10.R,Nürnberg Luitpoldhain,1,
13-53-j26-2,T0#21,68.T0.13-53-j26-2.11.R,Nürnberg Luitpoldhain,1,
13-53-j26-2,T0#21,69.T0.13-53-j26-2.11.R,Nürnberg Luitpoldhain,1,
13-53-j26-2,T0#21,7.T0.13-53-j26-2.7.H,Schwand (Schwanst) Marktpl.,0,
13-53-j26-2,T0#21,70.T0.13-53-j26-2.10.R,Nürnberg Luitpoldhain,1,
13-53-j26-2,T0#21,71.T0.13-53-j26-2.11.R,Nürnberg Luitpoldhain,1,
13-53-j26-2,T0#21,72.T0.13-53-j26-2.11.R,Nürnberg Luitpoldhain,1,
13-53-j26-2,T0#21,73.T0.13-53-j26-2.10.R,Nürnberg Luitpoldhain,1,
13-53-j26-2,T0#21,74.T0.13-53-j26-2.11.R,Nürnberg Luitpoldhain,1,
13-53-j26-2,T0#21,75.T0.13-53-j26-2.11.R,Nürnberg Luitpoldhain,1,
13-53-j26-2,T0#21,76.T0.13-53-j26-2.10.R,Nürnberg Luitpoldhain,1,
13-53-j26-2,T0#21,77.T0.13-53-j26-2.11.R,Nürnberg Luitpoldhain,1,
13-53-j26-2,T0#21,78.T0.13-53-j26-2.11.R,Nürnberg Luitpoldhain,1,
13-53-j26-2,T0#21,79.T0.13-53-j26-2.10.R,Nürnberg Luitpoldhain,1,
13-53-j26-2,T0#21,8.T0.13-53-j26-2.8.H,Nürnb. Kornburg Schleife,0,
13-53-j26-2,T0#21,80.T0.13-53-j26-2.11.R,Nürnberg Luitpoldhain,1,
13-53-j26-2,T0#21,81.T0.13-53-j26-2.11.R,Nürnberg Luitpoldhain,1,
13-53-j26-2,T0#21,82.T0.13-53-j26-2.10.R,Nürnberg Luitpoldhain,1,
13-53-j26-2,T0#21,83.T0.13-53-j26-2.10.R,Nürnberg Luitpoldhain,1,
13-53-j26-2,T0#21,84.T0.13-53-j26-2.10.R,Nürnberg Luitpoldhain,1,
13-53-j26-2,T0#21,85.T0.13-53-j26-2.10.R,Nürnberg Luitpoldhain,1,
13-53-j26-2,T0#21,86.T0.13-53-j26-2.10.R,Nürnberg Luitpoldhain,1,
13-53-j26-2,T0#21,87.T0.13-53-j26-2.10.R,Nürnberg Luitpoldhain,1,
13-53-j26-2,T0#21,88.T0.13-53-j26-2.10.R,Nürnberg Luitpoldhain,1,
13-53-j26-2,T0#21,89.T0.13-53-j26-2.10.R,Nürnberg Luitpoldhain,1,
13-53-j26-2,T0#21,9.T0.13-53-j26-2.8.H,Nürnb. Kornburg Schleife,0,
13-53-j26-2,T0#21,90.T0.13-53-j26-2.10.R,Nürnberg Luitpoldhain,1,
13-53-j26-2,T0#21,91.T0.13-53-j26-2.10.R,Nürnberg Luitpoldhain,1,
13-53-j26-2,T0#21,92.T0.13-53-j26-2.10.R,Nürnberg Luitpoldhain,1,
13-53-j26-2,T0#21,93.T0.13-53-j26-2.10.R,Nürnberg Luitpoldhain,1,
13-53-j26-2,T0#21,94.T0.13-53-j26-2.10.R,Nürnberg Luitpoldhain,1,
13-53-j26-2,T0#21,95.T0.13-53-j26-2.10.R,Nürnberg Luitpoldhain,1,
13-53-j26-2,T0#21,96.T0.13-53-j26-2.10.R,Nürnberg Luitpoldhain,1,
13-53-j26-2,T0#21,97.T0.13-53-j26-2.10.R,Nürnberg Luitpoldhain,1,
13-53-j26-2,T0#21,98.T0.13-53-j26-2.10.R,Nürnberg Luitpoldhain,1,
13-53-j26-2,T0#21,99.T0.13-53-j26-2.10.R,Nürnberg Luitpoldhain,1,
13-54-j26-1,T0#6,1.T0.13-54-j26-1.1.H,Nürnberg Brunn Schleife,0,
13-54-j26-1,T0+01,10.T0.13-54-j26-1.2.H,Nürnberg Brunn Schleife,0,
13-54-j26-1,T0#6,11.T0.13-54-j26-1.1.H,Nürnberg Brunn Schleife,0,
13-54-j26-1,T0#6,12.T0.13-54-j26-1.1.H,Nürnberg Brunn Schleife,0,
13-54-j26-1,T0#6,13.T0.13-54-j26-1.1.H,Nürnberg Brunn Schleife,0,
13-54-j26-1,T0#6,14.T0.13-54-j26-1.1.H,Nürnberg Brunn Schleife,0,
13-54-j26-1,T0#6,15.T0.13-54-j26-1.1.H,Nürnberg Brunn Schleife,0,
13-54-j26-1,T0#6,16.T0.13-54-j26-1.1.H,Nürnberg Brunn Schleife,0,
13-54-j26-1,T0+01,19.T0.13-54-j26-1.1.H,Nürnberg Brunn Schleife,0,
13-54-j26-1,T0#6,2.T0.13-54-j26-1.1.H,Nürnberg Brunn Schleife,0,
13-54-j26-1,T0+01,21.T0.13-54-j26-1.1.H,Nürnberg Brunn Schleife,0,
13-54-j26-1,T0#6,22.T0.13-54-j26-1.1.H,Nürnberg Brunn Schleife,0,
13-54-j26-1,T0+01,23.T0.13-54-j26-1.1.H,Nürnberg Brunn Schleife,0,
13-54-j26-1,T0#6,24.T0.13-54-j26-1.1.H,Nürnberg Brunn Schleife,0,
13-54-j26-1,T0#6,25.T0.13-54-j26-1.1.H,Nürnberg Brunn Schleife,0,
13-54-j26-1,T0#6,26.T0.13-54-j26-1.1.H,Nürnberg Brunn Schleife,0,
13-54-j26-1,T0#6,27.T0.13-54-j26-1.1.H,Nürnberg Brunn Schleife,0,
13-54-j26-1,T0#6,28.T0.13-54-j26-1.1.H,Nürnberg Brunn Schleife,0,
13-54-j26-1,T0#6,29.T0.13-54-j26-1.1.H,Nürnberg Brunn Schleife,0,
13-54-j26-1,T0#6,3.T0.13-54-j26-1.1.H,Nürnberg Brunn Schleife,0,
13-54-j26-1,T0#6,30.T0.13-54-j26-1.1.H,Nürnberg Brunn Schleife,0,
13-54-j26-1,T0#6,31.T0.13-54-j26-1.1.H,Nürnberg Brunn Schleife,0,
13-54-j26-1,T0#6,32.T0.13-54-j26-1.1.H,Nürnberg Brunn Schleife,0,
13-54-j26-1,T0#6,33.T0.13-54-j26-1.1.H,Nürnberg Brunn Schleife,0,
13-54-j26-1,T0#6,34.T0.13-54-j26-1.1.H,Nürnberg Brunn Schleife,0,
13-54-j26-1,T0#6,35.T0.13-54-j26-1.1.H,Nürnberg Brunn Schleife,0,
13-54-j26-1,T0#6,36.T0.13-54-j26-1.1.H,Nürnberg Brunn Schleife,0,
13-54-j26-1,T0#6,37.T0.13-54-j26-1.3.R,Nürnberg Langwasser Süd,1,
13-54-j26-1,T0#6,38.T0.13-54-j26-1.4.R,Nürnberg Langwasser Süd,1,
13-54-j26-1,T0#6,39.T0.13-54-j26-1.3.R,Nürnberg Langwasser Süd,1,
13-54-j26-1,T0#6,4.T0.13-54-j26-1.1.H,Nürnberg Brunn Schleife,0,
13-54-j26-1,T0#6,40.T0.13-54-j26-1.3.R,Nürnberg Langwasser Süd,1,
13-54-j26-1,T0#6,41.T0.13-54-j26-1.3.R,Nürnberg Langwasser Süd,1,
13-54-j26-1,T0#6,42.T0.13-54-j26-1.3.R,Nürnberg Langwasser Süd,1,
13-54-j26-1,T0#6,43.T0.13-54-j26-1.3.R,Nürnberg Langwasser Süd,1,
13-54-j26-1,T0+01,44.T0.13-54-j26-1.4.R,Nürnberg Langwasser Süd,1,
13-54-j26-1,T0#6,45.T0.13-54-j26-1.3.R,Nürnberg Langwasser Süd,1,
13-54-j26-1,T0#6,46.T0.13-54-j26-1.3.R,Nürnberg Langwasser Süd,1,
13-54-j26-1,T0#6,47.T0.13-54-j26-1.3.R,Nürnberg Langwasser Süd,1,
13-54-j26-1,T0#6,48.T0.13-54-j26-1.3.R,Nürnberg Langwasser Süd,1,
13-54-j26-1,T0#6,49.T0.13-54-j26-1.3.R,Nürnberg Langwasser Süd,1,
13-54-j26-1,T0#6,5.T0.13-54-j26-1.1.H,Nürnberg Brunn Schleife,0,
13-54-j26-1,T0#6,50.T0.13-54-j26-1.3.R,Nürnberg Langwasser Süd,1,
13-54-j26-1,T0#6,51.T0.13-54-j26-1.3.R,Nürnberg Langwasser Süd,1,
13-54-j26-1,T0#6,52.T0.13-54-j26-1.3.R,Nürnberg Langwasser Süd,1,
13-54-j26-1,T0#6,53.T0.13-54-j26-1.3.R,Nürnberg Langwasser Süd,1,
13-54-j26-1,T0#6,54.T0.13-54-j26-1.3.R,Nürnberg Langwasser Süd,1,
13-54-j26-1,T0+01,56.T0.13-54-j26-1.3.R,Nürnberg Langwasser Süd,1,
13-54-j26-1,T0+01,58.T0.13-54-j26-1.3.R,Nürnberg Langwasser Süd,1,
13-54-j26-1,T0+01,59.T0.13-54-j26-1.5.R,"Nürnberg, Fischbach Bahnhof",1,
13-54-j26-1,T0#6,6.T0.13-54-j26-1.1.H,Nürnberg Brunn Schleife,0,
13-54-j26-1,T0#6,60.T0.13-54-j26-1.3.R,Nürnberg Langwasser Süd,1,
13-54-j26-1,T0#6,61.T0.13-54-j26-1.3.R,Nürnberg Langwasser Süd,1,
13-54-j26-1,T0#6,62.T0.13-54-j26-1.3.R,Nürnberg Langwasser Süd,1,
13-54-j26-1,T0#6,63.T0.13-54-j26-1.3.R,Nürnberg Langwasser Süd,1,
13-54-j26-1,T0#6,64.T0.13-54-j26-1.3.R,Nürnberg Langwasser Süd,1,
13-54-j26-1,T0#6,65.T0.13-54-j26-1.3.R,Nürnberg Langwasser Süd,1,
13-54-j26-1,T0#6,66.T0.13-54-j26-1.3.R,Nürnberg Langwasser Süd,1,
13-54-j26-1,T0#6,67.T0.13-54-j26-1.3.R,Nürnberg Langwasser Süd,1,
13-54-j26-1,T0#6,68.T0.13-54-j26-1.3.R,Nürnberg Langwasser Süd,1,
13-54-j26-1,T0#6,69.T0.13-54-j26-1.3.R,Nürnberg Langwasser Süd,1,
13-54-j26-1,T0#6,70.T0.13-54-j26-1.3.R,Nürnberg Langwasser Süd,1,
13-54-j26-1,T0#6,71.T0.13-54-j26-1.3.R,Nürnberg Langwasser Süd,1,
13-54-j26-1,T0#6,72.T0.13-54-j26-1.3.R,Nürnberg Langwasser Süd,1,
13-54-j26-1,T0#6,73.T0.13-54-j26-1.3.R,Nürnberg Langwasser Süd,1,
13-54-j26-1,T0+01,8.T0.13-54-j26-1.2.H,Nürnberg Brunn Schleife,0,
13-55-j26-4,T0#24,1.T0.13-55-j26-4.7.H,Nürnb. Langwasser Mitte,0,
13-55-j26-4,T0#24,10.T0.13-55-j26-4.7.H,Nürnb. Langwasser Mitte,0,
13-55-j26-4,T0#24,100.T0.13-55-j26-4.10.R,Nürnberg Max-Grundig-Platz,1,
13-55-j26-4,T0#24,101.T0.13-55-j26-4.10.R,Nürnberg Max-Grundig-Platz,1,
13-55-j26-4,T0#24,102.T0.13-55-j26-4.10.R,Nürnberg Max-Grundig-Platz,1,
13-55-j26-4,T0#24,103.T0.13-55-j26-4.10.R,Nürnberg Max-Grundig-Platz,1,
13-55-j26-4,T0#24,104.T0.13-55-j26-4.10.R,Nürnberg Max-Grundig-Platz,1,
13-55-j26-4,T0#24,105.T0.13-55-j26-4.10.R,Nürnberg Max-Grundig-Platz,1,
13-55-j26-4,T0#24,106.T0.13-55-j26-4.10.R,Nürnberg Max-Grundig-Platz,1,
13-55-j26-4,T0#24,107.T0.13-55-j26-4.10.R,Nürnberg Max-Grundig-Platz,1,
13-55-j26-4,T0#24,108.T0.13-55-j26-4.10.R,Nürnberg Max-Grundig-Platz,1,
13-55-j26-4,T0#24,109.T0.13-55-j26-4.10.R,Nürnberg Max-Grundig-Platz,1,
13-55-j26-4,T0#24,11.T0.13-55-j26-4.7.H,Nürnb. Langwasser Mitte,0,
13-55-j26-4,T0#24,110.T0.13-55-j26-4.10.R,Nürnberg Max-Grundig-Platz,1,
13-55-j26-4,T0#24,111.T0.13-55-j26-4.10.R,Nürnberg Max-Grundig-Platz,1,
13-55-j26-4,T0#24,112.T0.13-55-j26-4.10.R,Nürnberg Max-Grundig-Platz,1,
13-55-j26-4,T0#24,113.T0.13-55-j26-4.10.R,Nürnberg Max-Grundig-Platz,1,
13-55-j26-4,T0#24,114.T0.13-55-j26-4.10.R,Nürnberg Max-Grundig-Platz,1,
13-55-j26-4,T0#24,115.T0.13-55-j26-4.10.R,Nürnberg Max-Grundig-Platz,1,
13-55-j26-4,T0#24,116.T0.13-55-j26-4.10.R,Nürnberg Max-Grundig-Platz,1,
13-55-j26-4,T0#24,117.T0.13-55-j26-4.10.R,Nürnberg Max-Grundig-Platz,1,
13-55-j26-4,T0#24,118.T0.13-55-j26-4.10.R,Nürnberg Max-Grundig-Platz,1,
13-55-j26-4,T0#24,119.T0.13-55-j26-4.10.R,Nürnberg Max-Grundig-Platz,1,
13-55-j26-4,T0#24,12.T0.13-55-j26-4.7.H,Nürnb. Langwasser Mitte,0,
13-55-j26-4,T0#24,120.T0.13-55-j26-4.10.R,Nürnberg Max-Grundig-Platz,1,
13-55-j26-4,T0#24,121.T0.13-55-j26-4.10.R,Nürnberg Max-Grundig-Platz,1,
13-55-j26-4,T0#24,122.T0.13-55-j26-4.10.R,Nürnberg Max-Grundig-Platz,1,
13-55-j26-4,T0#24,123.T0.13-55-j26-4.10.R,Nürnberg Max-Grundig-Platz,1,
13-55-j26-4,T0#24,124.T0.13-55-j26-4.10.R,Nürnberg Max-Grundig-Platz,1,
13-55-j26-4,T0#24,125.T0.13-55-j26-4.10.R,Nürnberg Max-Grundig-Platz,1,
13-55-j26-4,T0#24,126.T0.13-55-j26-4.10.R,Nürnberg Max-Grundig-Platz,1,
13-55-j26-4,T0#24,127.T0.13-55-j26-4.10.R,Nürnberg Max-Grundig-Platz,1,
13-55-j26-4,T0#24,128.T0.13-55-j26-4.10.R,Nürnberg Max-Grundig-Platz,1,
13-55-j26-4,T0#24,129.T0.13-55-j26-4.10.R,Nürnberg Max-Grundig-Platz,1,
13-55-j26-4,T0#24,13.T0.13-55-j26-4.7.H,Nürnb. Langwasser Mitte,0,
13-55-j26-4,T0#24,130.T0.13-55-j26-4.10.R,Nürnberg Max-Grundig-Platz,1,
13-55-j26-4,T0#24,131.T0.13-55-j26-4.10.R,Nürnberg Max-Grundig-Platz,1,
13-55-j26-4,T0#24,132.T0.13-55-j26-4.10.R,Nürnberg Max-Grundig-Platz,1,
13-55-j26-4,T0#24,133.T0.13-55-j26-4.10.R,Nürnberg Max-Grundig-Platz,1,
13-55-j26-4,T0#24,134.T0.13-55-j26-4.10.R,Nürnberg Max-Grundig-Platz,1,
13-55-j26-4,T0#24,135.T0.13-55-j26-4.10.R,Nürnberg Max-Grundig-Platz,1,
13-55-j26-4,T0#24,136.T0.13-55-j26-4.10.R,Nürnberg Max-Grundig-Platz,1,
13-55-j26-4,T0#24,137.T0.13-55-j26-4.10.R,Nürnberg Max-Grundig-Platz,1,
13-55-j26-4,T0#24,138.T0.13-55-j26-4.10.R,Nürnberg Max-Grundig-Platz,1,
13-55-j26-4,T0#24,14.T0.13-55-j26-4.7.H,Nürnb. Langwasser Mitte,0,
13-55-j26-4,T0#24,15.T0.13-55-j26-4.7.H,Nürnb. Langwasser Mitte,0,
13-55-j26-4,T0#24,16.T0.13-55-j26-4.7.H,Nürnb. Langwasser Mitte,0,
13-55-j26-4,T0#24,17.T0.13-55-j26-4.7.H,Nürnb. Langwasser Mitte,0,
13-55-j26-4,T0#24,18.T0.13-55-j26-4.7.H,Nürnb. Langwasser Mitte,0,
13-55-j26-4,T0#24,19.T0.13-55-j26-4.7.H,Nürnb. Langwasser Mitte,0,
13-55-j26-4,T0#24,2.T0.13-55-j26-4.7.H,Nürnb. Langwasser Mitte,0,
13-55-j26-4,T0#24,20.T0.13-55-j26-4.7.H,Nürnb. Langwasser Mitte,0,
13-55-j26-4,T0#24,21.T0.13-55-j26-4.7.H,Nürnb. Langwasser Mitte,0,
13-55-j26-4,T0#24,22.T0.13-55-j26-4.7.H,Nürnb. Langwasser Mitte,0,
13-55-j26-4,T0#24,23.T0.13-55-j26-4.7.H,Nürnb. Langwasser Mitte,0,
13-55-j26-4,T0#24,24.T0.13-55-j26-4.7.H,Nürnb. Langwasser Mitte,0,
13-55-j26-4,T0#24,25.T0.13-55-j26-4.7.H,Nürnb. Langwasser Mitte,0,
13-55-j26-4,T0#24,26.T0.13-55-j26-4.7.H,Nürnb. Langwasser Mitte,0,
13-55-j26-4,T0#24,27.T0.13-55-j26-4.7.H,Nürnb. Langwasser Mitte,0,
13-55-j26-4,T0#24,28.T0.13-55-j26-4.7.H,Nürnb. Langwasser Mitte,0,
13-55-j26-4,T0#24,29.T0.13-55-j26-4.7.H,Nürnb. Langwasser Mitte,0,
13-55-j26-4,T0#24,3.T0.13-55-j26-4.7.H,Nürnb. Langwasser Mitte,0,
13-55-j26-4,T0#24,30.T0.13-55-j26-4.7.H,Nürnb. Langwasser Mitte,0,
13-55-j26-4,T0#24,31.T0.13-55-j26-4.7.H,Nürnb. Langwasser Mitte,0,
13-55-j26-4,T0#24,32.T0.13-55-j26-4.8.H,Nürnb. Langwasser Mitte,0,
13-55-j26-4,T0#24,33.T0.13-55-j26-4.7.H,Nürnb. Langwasser Mitte,0,
13-55-j26-4,T0#24,34.T0.13-55-j26-4.7.H,Nürnb. Langwasser Mitte,0,
13-55-j26-4,T0#24,35.T0.13-55-j26-4.8.H,Nürnb. Langwasser Mitte,0,
13-55-j26-4,T0#24,36.T0.13-55-j26-4.7.H,Nürnb. Langwasser Mitte,0,
13-55-j26-4,T0#24,37.T0.13-55-j26-4.7.H,Nürnb. Langwasser Mitte,0,
13-55-j26-4,T0#24,38.T0.13-55-j26-4.7.H,Nürnb. Langwasser Mitte,0,
13-55-j26-4,T0#24,39.T0.13-55-j26-4.7.H,Nürnb. Langwasser Mitte,0,
13-55-j26-4,T0#24,4.T0.13-55-j26-4.7.H,Nürnb. Langwasser Mitte,0,
13-55-j26-4,T0#24,40.T0.13-55-j26-4.7.H,Nürnb. Langwasser Mitte,0,
13-55-j26-4,T0#24,41.T0.13-55-j26-4.7.H,Nürnb. Langwasser Mitte,0,
13-55-j26-4,T0#24,42.T0.13-55-j26-4.7.H,Nürnb. Langwasser Mitte,0,
13-55-j26-4,T0#24,43.T0.13-55-j26-4.7.H,Nürnb. Langwasser Mitte,0,
13-55-j26-4,T0#24,44.T0.13-55-j26-4.7.H,Nürnb. Langwasser Mitte,0,
13-55-j26-4,T0#24,45.T0.13-55-j26-4.7.H,Nürnb. Langwasser Mitte,0,
13-55-j26-4,T0#24,46.T0.13-55-j26-4.7.H,Nürnb. Langwasser Mitte,0,
13-55-j26-4,T0#24,47.T0.13-55-j26-4.7.H,Nürnb. Langwasser Mitte,0,
13-55-j26-4,T0#24,48.T0.13-55-j26-4.7.H,Nürnb. Langwasser Mitte,0,
13-55-j26-4,T0#24,49.T0.13-55-j26-4.7.H,Nürnb. Langwasser Mitte,0,
13-55-j26-4,T0#24,5.T0.13-55-j26-4.7.H,Nürnb. Langwasser Mitte,0,
13-55-j26-4,T0#24,50.T0.13-55-j26-4.7.H,Nürnb. Langwasser Mitte,0,
13-55-j26-4,T0#24,51.T0.13-55-j26-4.7.H,Nürnb. Langwasser Mitte,0,
13-55-j26-4,T0#24,52.T0.13-55-j26-4.7.H,Nürnb. Langwasser Mitte,0,
13-55-j26-4,T0#24,53.T0.13-55-j26-4.7.H,Nürnb. Langwasser Mitte,0,
13-55-j26-4,T0#24,54.T0.13-55-j26-4.7.H,Nürnb. Langwasser Mitte,0,
13-55-j26-4,T0#24,55.T0.13-55-j26-4.7.H,Nürnb. Langwasser Mitte,0,
13-55-j26-4,T0#24,56.T0.13-55-j26-4.7.H,Nürnb. Langwasser Mitte,0,
13-55-j26-4,T0#24,57.T0.13-55-j26-4.7.H,Nürnb. Langwasser Mitte,0,
13-55-j26-4,T0#24,58.T0.13-55-j26-4.7.H,Nürnb. Langwasser Mitte,0,
13-55-j26-4,T0#24,59.T0.13-55-j26-4.7.H,Nürnb. Langwasser Mitte,0,
13-55-j26-4,T0#24,6.T0.13-55-j26-4.7.H,Nürnb. Langwasser Mitte,0,
13-55-j26-4,T0#24,60.T0.13-55-j26-4.7.H,Nürnb. Langwasser Mitte,0,
13-55-j26-4,T0#24,61.T0.13-55-j26-4.7.H,Nürnb. Langwasser Mitte,0,
13-55-j26-4,T0#24,62.T0.13-55-j26-4.7.H,Nürnb. Langwasser Mitte,0,
13-55-j26-4,T0#24,63.T0.13-55-j26-4.7.H,Nürnb. Langwasser Mitte,0,
13-55-j26-4,T0#24,64.T0.13-55-j26-4.7.H,Nürnb. Langwasser Mitte,0,
13-55-j26-4,T0#24,65.T0.13-55-j26-4.7.H,Nürnb. Langwasser Mitte,0,
13-55-j26-4,T0#24,66.T0.13-55-j26-4.7.H,Nürnb. Langwasser Mitte,0,
13-55-j26-4,T0#24,67.T0.13-55-j26-4.7.H,Nürnb. Langwasser Mitte,0,
13-55-j26-4,T0#24,68.T0.13-55-j26-4.7.H,Nürnb. Langwasser Mitte,0,
13-55-j26-4,T0#24,69.T0.13-55-j26-4.7.H,Nürnb. Langwasser Mitte,0,
13-55-j26-4,T0#24,7.T0.13-55-j26-4.7.H,Nürnb. Langwasser Mitte,0,
13-55-j26-4,T0#24,70.T0.13-55-j26-4.7.H,Nürnb. Langwasser Mitte,0,
13-55-j26-4,T0#24,72.T0.13-55-j26-4.10.R,Nürnberg Max-Grundig-Platz,1,
13-55-j26-4,T0#24,73.T0.13-55-j26-4.10.R,Nürnberg Max-Grundig-Platz,1,
13-55-j26-4,T0#24,74.T0.13-55-j26-4.10.R,Nürnberg Max-Grundig-Platz,1,
13-55-j26-4,T0#24,75.T0.13-55-j26-4.10.R,Nürnberg Max-Grundig-Platz,1,
13-55-j26-4,T0#24,76.T0.13-55-j26-4.10.R,Nürnberg Max-Grundig-Platz,1,
13-55-j26-4,T0#24,77.T0.13-55-j26-4.10.R,Nürnberg Max-Grundig-Platz,1,
13-55-j26-4,T0#24,78.T0.13-55-j26-4.10.R,Nürnberg Max-Grundig-Platz,1,
13-55-j26-4,T0#24,79.T0.13-55-j26-4.10.R,Nürnberg Max-Grundig-Platz,1,
13-55-j26-4,T0#24,8.T0.13-55-j26-4.7.H,Nürnb. Langwasser Mitte,0,
13-55-j26-4,T0#24,80.T0.13-55-j26-4.10.R,Nürnberg Max-Grundig-Platz,1,
13-55-j26-4,T0#24,81.T0.13-55-j26-4.10.R,Nürnberg Max-Grundig-Platz,1,
13-55-j26-4,T0#24,82.T0.13-55-j26-4.10.R,Nürnberg Max-Grundig-Platz,1,
13-55-j26-4,T0#24,83.T0.13-55-j26-4.10.R,Nürnberg Max-Grundig-Platz,1,
13-55-j26-4,T0#24,84.T0.13-55-j26-4.10.R,Nürnberg Max-Grundig-Platz,1,
13-55-j26-4,T0#24,85.T0.13-55-j26-4.10.R,Nürnberg Max-Grundig-Platz,1,
13-55-j26-4,T0#24,86.T0.13-55-j26-4.10.R,Nürnberg Max-Grundig-Platz,1,
13-55-j26-4,T0#24,87.T0.13-55-j26-4.10.R,Nürnberg Max-Grundig-Platz,1,
13-55-j26-4,T0#24,88.T0.13-55-j26-4.10.R,Nürnberg Max-Grundig-Platz,1,
13-55-j26-4,T0#24,89.T0.13-55-j26-4.10.R,Nürnberg Max-Grundig-Platz,1,
13-55-j26-4,T0#24,9.T0.13-55-j26-4.7.H,Nürnb. Langwasser Mitte,0,
13-55-j26-4,T0#24,90.T0.13-55-j26-4.10.R,Nürnberg Max-Grundig-Platz,1,
13-55-j26-4,T0#24,91.T0.13-55-j26-4.10.R,Nürnberg Max-Grundig-Platz,1,
13-55-j26-4,T0#24,92.T0.13-55-j26-4.10.R,Nürnberg Max-Grundig-Platz,1,
13-55-j26-4,T0#24,93.T0.13-55-j26-4.10.R,Nürnberg Max-Grundig-Platz,1,
13-55-j26-4,T0#24,94.T0.13-55-j26-4.10.R,Nürnberg Max-Grundig-Platz,1,
13-55-j26-4,T0#24,95.T0.13-55-j26-4.10.R,Nürnberg Max-Grundig-Platz,1,
13-55-j26-4,T0#24,96.T0.13-55-j26-4.10.R,Nürnberg Max-Grundig-Platz,1,
13-55-j26-4,T0#24,97.T0.13-55-j26-4.10.R,Nürnberg Max-Grundig-Platz,1,
13-55-j26-4,T0#24,98.T0.13-55-j26-4.10.R,Nürnberg Max-Grundig-Platz,1,
13-55-j26-4,T0#24,99.T0.13-55-j26-4.10.R,Nürnberg Max-Grundig-Platz,1,
13-56-j26-1,T0#6,1.T0.13-56-j26-1.10.H,Nürnberg Flachsröste,0,
13-56-j26-1,T0+01,10.T0.13-56-j26-1.11.H,Nürnberg Löwenberger Str.,0,
13-56-j26-1,T0#6,100.T0.13-56-j26-1.16.R,Nürnb. Langwasser Mitte,1,
13-56-j26-1,T0#6,101.T0.13-56-j26-1.18.R,Nürnb. Langwasser Mitte,1,
13-56-j26-1,T0#6,102.T0.13-56-j26-1.16.R,Nürnb. Langwasser Mitte,1,
13-56-j26-1,T0#6,103.T0.13-56-j26-1.16.R,Nürnb. Langwasser Mitte,1,
13-56-j26-1,T0#6,104.T0.13-56-j26-1.16.R,Nürnb. Langwasser Mitte,1,
13-56-j26-1,T0#6,105.T0.13-56-j26-1.16.R,Nürnb. Langwasser Mitte,1,
13-56-j26-1,T0#6,106.T0.13-56-j26-1.16.R,Nürnb. Langwasser Mitte,1,
13-56-j26-1,T0#6,107.T0.13-56-j26-1.16.R,Nürnb. Langwasser Mitte,1,
13-56-j26-1,T0#6,108.T0.13-56-j26-1.16.R,Nürnb. Langwasser Mitte,1,
13-56-j26-1,T0#6,109.T0.13-56-j26-1.16.R,Nürnb. Langwasser Mitte,1,
13-56-j26-1,T0#6,11.T0.13-56-j26-1.10.H,Nürnberg Flachsröste,0,
13-56-j26-1,T0#6,110.T0.13-56-j26-1.16.R,Nürnb. Langwasser Mitte,1,
13-56-j26-1,T0#6,111.T0.13-56-j26-1.16.R,Nürnb. Langwasser Mitte,1,
13-56-j26-1,T0#6,112.T0.13-56-j26-1.16.R,Nürnb. Langwasser Mitte,1,
13-56-j26-1,T0#6,113.T0.13-56-j26-1.16.R,Nürnb. Langwasser Mitte,1,
13-56-j26-1,T0#6,114.T0.13-56-j26-1.16.R,Nürnb. Langwasser Mitte,1,
13-56-j26-1,T0#6,115.T0.13-56-j26-1.16.R,Nürnb. Langwasser Mitte,1,
13-56-j26-1,T0#6,116.T0.13-56-j26-1.16.R,Nürnb. Langwasser Mitte,1,
13-56-j26-1,T0#6,117.T0.13-56-j26-1.19.R,Nürnb. Langwasser Mitte,1,
13-56-j26-1,T0#6,118.T0.13-56-j26-1.19.R,Nürnb. Langwasser Mitte,1,
13-56-j26-1,T0#6,119.T0.13-56-j26-1.16.R,Nürnb. Langwasser Mitte,1,
13-56-j26-1,T0#6,12.T0.13-56-j26-1.10.H,Nürnberg Flachsröste,0,
13-56-j26-1,T0#6,120.T0.13-56-j26-1.19.R,Nürnb. Langwasser Mitte,1,
13-56-j26-1,T0#6,121.T0.13-56-j26-1.16.R,Nürnb. Langwasser Mitte,1,
13-56-j26-1,T0#6,122.T0.13-56-j26-1.19.R,Nürnb. Langwasser Mitte,1,
13-56-j26-1,T0#6,123.T0.13-56-j26-1.16.R,Nürnb. Langwasser Mitte,1,
13-56-j26-1,T0#6,124.T0.13-56-j26-1.19.R,Nürnb. Langwasser Mitte,1,
13-56-j26-1,T0#6,125.T0.13-56-j26-1.22.R,Nürnb. Langwasser Mitte,1,
13-56-j26-1,T0#6,126.T0.13-56-j26-1.19.R,Nürnb. Langwasser Mitte,1,
13-56-j26-1,T0+01,13.T0.13-56-j26-1.12.H,"Nürnberg, Fischbach Bahnhof",0,
13-56-j26-1,T0#6,14.T0.13-56-j26-1.10.H,Nürnberg Flachsröste,0,
13-56-j26-1,T0#6,15.T0.13-56-j26-1.10.H,Nürnberg Flachsröste,0,
13-56-j26-1,T0#6,16.T0.13-56-j26-1.10.H,Nürnberg Flachsröste,0,
13-56-j26-1,T0#6,17.T0.13-56-j26-1.10.H,Nürnberg Flachsröste,0,
13-56-j26-1,T0#6,18.T0.13-56-j26-1.10.H,Nürnberg Flachsröste,0,
13-56-j26-1,T0#6,19.T0.13-56-j26-1.10.H,Nürnberg Flachsröste,0,
13-56-j26-1,T0#6,2.T0.13-56-j26-1.10.H,Nürnberg Flachsröste,0,
13-56-j26-1,T0#6,20.T0.13-56-j26-1.10.H,Nürnberg Flachsröste,0,
13-56-j26-1,T0#6,21.T0.13-56-j26-1.10.H,Nürnberg Flachsröste,0,
13-56-j26-1,T0#6,22.T0.13-56-j26-1.10.H,Nürnberg Flachsröste,0,
13-56-j26-1,T0#6,23.T0.13-56-j26-1.10.H,Nürnberg Flachsröste,0,
13-56-j26-1,T0#6,24.T0.13-56-j26-1.10.H,Nürnberg Flachsröste,0,
13-56-j26-1,T0#6,25.T0.13-56-j26-1.10.H,Nürnberg Flachsröste,0,
13-56-j26-1,T0#6,26.T0.13-56-j26-1.10.H,Nürnberg Flachsröste,0,
13-56-j26-1,T0#6,27.T0.13-56-j26-1.10.H,Nürnberg Flachsröste,0,
13-56-j26-1,T0#6,28.T0.13-56-j26-1.10.H,Nürnberg Flachsröste,0,
13-56-j26-1,T0#6,29.T0.13-56-j26-1.10.H,Nürnberg Flachsröste,0,
13-56-j26-1,T0#6,3.T0.13-56-j26-1.10.H,Nürnberg Flachsröste,0,
13-56-j26-1,T0#6,30.T0.13-56-j26-1.10.H,Nürnberg Flachsröste,0,
13-56-j26-1,T0#6,31.T0.13-56-j26-1.10.H,Nürnberg Flachsröste,0,
13-56-j26-1,T0+01,32.T0.13-56-j26-1.10.H,Nürnberg Flachsröste,0,
13-56-j26-1,T0#6,33.T0.13-56-j26-1.10.H,Nürnberg Flachsröste,0,
13-56-j26-1,T0#6,34.T0.13-56-j26-1.10.H,Nürnberg Flachsröste,0,
13-56-j26-1,T0#6,35.T0.13-56-j26-1.10.H,Nürnberg Flachsröste,0,
13-56-j26-1,T0#6,36.T0.13-56-j26-1.10.H,Nürnberg Flachsröste,0,
13-56-j26-1,T0#6,37.T0.13-56-j26-1.10.H,Nürnberg Flachsröste,0,
13-56-j26-1,T0#6,38.T0.13-56-j26-1.10.H,Nürnberg Flachsröste,0,
13-56-j26-1,T0#6,39.T0.13-56-j26-1.10.H,Nürnberg Flachsröste,0,
13-56-j26-1,T0#6,4.T0.13-56-j26-1.10.H,Nürnberg Flachsröste,0,
13-56-j26-1,T0#6,40.T0.13-56-j26-1.13.H,Nürnberg Raudtener Str.,0,
13-56-j26-1,T0#6,41.T0.13-56-j26-1.10.H,Nürnberg Flachsröste,0,
13-56-j26-1,T0#6,42.T0.13-56-j26-1.10.H,Nürnberg Flachsröste,0,
13-56-j26-1,T0#6,43.T0.13-56-j26-1.10.H,Nürnberg Flachsröste,0,
13-56-j26-1,T0#6,44.T0.13-56-j26-1.10.H,Nürnberg Flachsröste,0,
13-56-j26-1,T0#6,45.T0.13-56-j26-1.10.H,Nürnberg Flachsröste,0,
13-56-j26-1,T0#6,46.T0.13-56-j26-1.10.H,Nürnberg Flachsröste,0,
13-56-j26-1,T0#6,47.T0.13-56-j26-1.10.H,Nürnberg Flachsröste,0,
13-56-j26-1,T0#6,48.T0.13-56-j26-1.10.H,Nürnberg Flachsröste,0,
13-56-j26-1,T0#6,49.T0.13-56-j26-1.10.H,Nürnberg Flachsröste,0,
13-56-j26-1,T0#6,5.T0.13-56-j26-1.10.H,Nürnberg Flachsröste,0,
13-56-j26-1,T0#6,50.T0.13-56-j26-1.10.H,Nürnberg Flachsröste,0,
13-56-j26-1,T0#6,51.T0.13-56-j26-1.10.H,Nürnberg Flachsröste,0,
13-56-j26-1,T0#6,52.T0.13-56-j26-1.10.H,Nürnberg Flachsröste,0,
13-56-j26-1,T0#6,53.T0.13-56-j26-1.10.H,Nürnberg Flachsröste,0,
13-56-j26-1,T0#6,54.T0.13-56-j26-1.14.H,Nürnberg Klinikum Süd,0,
13-56-j26-1,T0#6,55.T0.13-56-j26-1.10.H,Nürnberg Flachsröste,0,
13-56-j26-1,T0#6,56.T0.13-56-j26-1.14.H,Nürnberg Klinikum Süd,0,
13-56-j26-1,T0#6,57.T0.13-56-j26-1.10.H,Nürnberg Flachsröste,0,
13-56-j26-1,T0#6,58.T0.13-56-j26-1.14.H,Nürnberg Klinikum Süd,0,
13-56-j26-1,T0#6,59.T0.13-56-j26-1.10.H,Nürnberg Flachsröste,0,
13-56-j26-1,T0+01,6.T0.13-56-j26-1.10.H,Nürnberg Flachsröste,0,
13-56-j26-1,T0#6,60.T0.13-56-j26-1.14.H,Nürnberg Klinikum Süd,0,
13-56-j26-1,T0#6,61.T0.13-56-j26-1.10.H,Nürnberg Flachsröste,0,
13-56-j26-1,T0#6,62.T0.13-56-j26-1.14.H,Nürnberg Klinikum Süd,0,
13-56-j26-1,T0#6,63.T0.13-56-j26-1.10.H,Nürnberg Flachsröste,0,
13-56-j26-1,T0#6,64.T0.13-56-j26-1.14.H,Nürnberg Klinikum Süd,0,
13-56-j26-1,T0#6,65.T0.13-56-j26-1.15.R,Nürnb. Langwasser Mitte,1,
13-56-j26-1,T0#6,66.T0.13-56-j26-1.16.R,Nürnb. Langwasser Mitte,1,
13-56-j26-1,T0#6,67.T0.13-56-j26-1.16.R,Nürnb. Langwasser Mitte,1,
13-56-j26-1,T0#6,68.T0.13-56-j26-1.16.R,Nürnb. Langwasser Mitte,1,
13-56-j26-1,T0#6,69.T0.13-56-j26-1.16.R,Nürnb. Langwasser Mitte,1,
13-56-j26-1,T0+01,7.T0.13-56-j26-1.10.H,Nürnberg Flachsröste,0,
13-56-j26-1,T0#6,70.T0.13-56-j26-1.16.R,Nürnb. Langwasser Mitte,1,
13-56-j26-1,T0#6,71.T0.13-56-j26-1.16.R,Nürnb. Langwasser Mitte,1,
13-56-j26-1,T0+01,72.T0.13-56-j26-1.16.R,Nürnb. Langwasser Mitte,1,
13-56-j26-1,T0#6,73.T0.13-56-j26-1.16.R,Nürnb. Langwasser Mitte,1,
13-56-j26-1,T0#6,74.T0.13-56-j26-1.16.R,Nürnb. Langwasser Mitte,1,
13-56-j26-1,T0#6,75.T0.13-56-j26-1.16.R,Nürnb. Langwasser Mitte,1,
13-56-j26-1,T0#6,76.T0.13-56-j26-1.16.R,Nürnb. Langwasser Mitte,1,
13-56-j26-1,T0#6,77.T0.13-56-j26-1.16.R,Nürnb. Langwasser Mitte,1,
13-56-j26-1,T0#6,78.T0.13-56-j26-1.16.R,Nürnb. Langwasser Mitte,1,
13-56-j26-1,T0#6,79.T0.13-56-j26-1.16.R,Nürnb. Langwasser Mitte,1,
13-56-j26-1,T0+01,8.T0.13-56-j26-1.11.H,Nürnberg Löwenberger Str.,0,
13-56-j26-1,T0#6,80.T0.13-56-j26-1.16.R,Nürnb. Langwasser Mitte,1,
13-56-j26-1,T0#6,81.T0.13-56-j26-1.16.R,Nürnb. Langwasser Mitte,1,
13-56-j26-1,T0#6,82.T0.13-56-j26-1.16.R,Nürnb. Langwasser Mitte,1,
13-56-j26-1,T0#6,83.T0.13-56-j26-1.16.R,Nürnb. Langwasser Mitte,1,
13-56-j26-1,T0#6,84.T0.13-56-j26-1.16.R,Nürnb. Langwasser Mitte,1,
13-56-j26-1,T0#6,85.T0.13-56-j26-1.16.R,Nürnb. Langwasser Mitte,1,
13-56-j26-1,T0#6,86.T0.13-56-j26-1.16.R,Nürnb. Langwasser Mitte,1,
13-56-j26-1,T0#6,87.T0.13-56-j26-1.16.R,Nürnb. Langwasser Mitte,1,
13-56-j26-1,T0#6,88.T0.13-56-j26-1.16.R,Nürnb. Langwasser Mitte,1,
13-56-j26-1,T0#6,89.T0.13-56-j26-1.16.R,Nürnb. Langwasser Mitte,1,
13-56-j26-1,T0#6,90.T0.13-56-j26-1.16.R,Nürnb. Langwasser Mitte,1,
13-56-j26-1,T0#6,91.T0.13-56-j26-1.16.R,Nürnb. Langwasser Mitte,1,
13-56-j26-1,T0#6,92.T0.13-56-j26-1.16.R,Nürnb. Langwasser Mitte,1,
13-56-j26-1,T0#6,93.T0.13-56-j26-1.16.R,Nürnb. Langwasser Mitte,1,
13-56-j26-1,T0+01,94.T0.13-56-j26-1.17.R,"Nürnberg, Fischbach Bahnhof",1,
13-56-j26-1,T0#6,95.T0.13-56-j26-1.16.R,Nürnb. Langwasser Mitte,1,
13-56-j26-1,T0#6,96.T0.13-56-j26-1.16.R,Nürnb. Langwasser Mitte,1,
13-56-j26-1,T0#6,97.T0.13-56-j26-1.16.R,Nürnb. Langwasser Mitte,1,
13-56-j26-1,T0#6,98.T0.13-56-j26-1.16.R,Nürnb. Langwasser Mitte,1,
13-56-j26-1,T0#6,99.T0.13-56-j26-1.16.R,Nürnb. Langwasser Mitte,1,
13-57-j26-1,T0#6,1.T0.13-57-j26-1.5.H,Nürnberg Fischbach Bahnhof Wende,0,
13-57-j26-1,T0#6,10.T0.13-57-j26-1.5.H,Nürnberg Fischbach Bahnhof Wende,0,
13-57-j26-1,T0#6,100.T0.13-57-j26-1.7.R,Nürnb. Langwasser Mitte,1,
13-57-j26-1,T0#6,101.T0.13-57-j26-1.7.R,Nürnb. Langwasser Mitte,1,
13-57-j26-1,T0#6,102.T0.13-57-j26-1.7.R,Nürnb. Langwasser Mitte,1,
13-57-j26-1,T0#6,103.T0.13-57-j26-1.7.R,Nürnb. Langwasser Mitte,1,
13-57-j26-1,T0#6,104.T0.13-57-j26-1.7.R,Nürnb. Langwasser Mitte,1,
13-57-j26-1,T0#6,105.T0.13-57-j26-1.7.R,Nürnb. Langwasser Mitte,1,
13-57-j26-1,T0#6,106.T0.13-57-j26-1.7.R,Nürnb. Langwasser Mitte,1,
13-57-j26-1,T0#6,107.T0.13-57-j26-1.7.R,Nürnb. Langwasser Mitte,1,
13-57-j26-1,T0#6,108.T0.13-57-j26-1.7.R,Nürnb. Langwasser Mitte,1,
13-57-j26-1,T0#6,109.T0.13-57-j26-1.7.R,Nürnb. Langwasser Mitte,1,
13-57-j26-1,T0#6,11.T0.13-57-j26-1.5.H,Nürnberg Fischbach Bahnhof Wende,0,
13-57-j26-1,T0#6,110.T0.13-57-j26-1.7.R,Nürnb. Langwasser Mitte,1,
13-57-j26-1,T0#6,111.T0.13-57-j26-1.7.R,Nürnb. Langwasser Mitte,1,
13-57-j26-1,T0#6,112.T0.13-57-j26-1.7.R,Nürnb. Langwasser Mitte,1,
13-57-j26-1,T0#6,113.T0.13-57-j26-1.7.R,Nürnb. Langwasser Mitte,1,
13-57-j26-1,T0#6,114.T0.13-57-j26-1.7.R,Nürnb. Langwasser Mitte,1,
13-57-j26-1,T0#6,115.T0.13-57-j26-1.7.R,Nürnb. Langwasser Mitte,1,
13-57-j26-1,T0#6,116.T0.13-57-j26-1.7.R,Nürnb. Langwasser Mitte,1,
13-57-j26-1,T0#6,117.T0.13-57-j26-1.7.R,Nürnb. Langwasser Mitte,1,
13-57-j26-1,T0#6,118.T0.13-57-j26-1.7.R,Nürnb. Langwasser Mitte,1,
13-57-j26-1,T0#6,119.T0.13-57-j26-1.7.R,Nürnb. Langwasser Mitte,1,
13-57-j26-1,T0#6,12.T0.13-57-j26-1.5.H,Nürnberg Fischbach Bahnhof Wende,0,
13-57-j26-1,T0#6,120.T0.13-57-j26-1.7.R,Nürnb. Langwasser Mitte,1,
13-57-j26-1,T0#6,121.T0.13-57-j26-1.7.R,Nürnb. Langwasser Mitte,1,
13-57-j26-1,T0#6,122.T0.13-57-j26-1.7.R,Nürnb. Langwasser Mitte,1,
13-57-j26-1,T0#6,123.T0.13-57-j26-1.7.R,Nürnb. Langwasser Mitte,1,
13-57-j26-1,T0#6,124.T0.13-57-j26-1.7.R,Nürnb. Langwasser Mitte,1,
13-57-j26-1,T0#6,125.T0.13-57-j26-1.7.R,Nürnb. Langwasser Mitte,1,
13-57-j26-1,T0#6,126.T0.13-57-j26-1.7.R,Nürnb. Langwasser Mitte,1,
13-57-j26-1,T0#6,127.T0.13-57-j26-1.7.R,Nürnb. Langwasser Mitte,1,
13-57-j26-1,T0#6,128.T0.13-57-j26-1.7.R,Nürnb. Langwasser Mitte,1,
13-57-j26-1,T0#6,129.T0.13-57-j26-1.7.R,Nürnb. Langwasser Mitte,1,
13-57-j26-1,T0#6,13.T0.13-57-j26-1.5.H,Nürnberg Fischbach Bahnhof Wende,0,
13-57-j26-1,T0#6,130.T0.13-57-j26-1.7.R,Nürnb. Langwasser Mitte,1,
13-57-j26-1,T0#6,131.T0.13-57-j26-1.7.R,Nürnb. Langwasser Mitte,1,
13-57-j26-1,T0#6,132.T0.13-57-j26-1.7.R,Nürnb. Langwasser Mitte,1,
13-57-j26-1,T0#6,133.T0.13-57-j26-1.7.R,Nürnb. Langwasser Mitte,1,
13-57-j26-1,T0#6,134.T0.13-57-j26-1.7.R,Nürnb. Langwasser Mitte,1,
13-57-j26-1,T0#6,135.T0.13-57-j26-1.7.R,Nürnb. Langwasser Mitte,1,
13-57-j26-1,T0#6,136.T0.13-57-j26-1.7.R,Nürnb. Langwasser Mitte,1,
13-57-j26-1,T0#6,137.T0.13-57-j26-1.7.R,Nürnb. Langwasser Mitte,1,
13-57-j26-1,T0#6,138.T0.13-57-j26-1.7.R,Nürnb. Langwasser Mitte,1,
13-57-j26-1,T0#6,139.T0.13-57-j26-1.7.R,Nürnb. Langwasser Mitte,1,
13-57-j26-1,T0#6,14.T0.13-57-j26-1.5.H,Nürnberg Fischbach Bahnhof Wende,0,
13-57-j26-1,T0#6,140.T0.13-57-j26-1.7.R,Nürnb. Langwasser Mitte,1,
13-57-j26-1,T0#6,141.T0.13-57-j26-1.7.R,Nürnb. Langwasser Mitte,1,
13-57-j26-1,T0#6,142.T0.13-57-j26-1.7.R,Nürnb. Langwasser Mitte,1,
13-57-j26-1,T0#6,143.T0.13-57-j26-1.7.R,Nürnb. Langwasser Mitte,1,
13-57-j26-1,T0#6,15.T0.13-57-j26-1.5.H,Nürnberg Fischbach Bahnhof Wende,0,
13-57-j26-1,T0#6,16.T0.13-57-j26-1.5.H,Nürnberg Fischbach Bahnhof Wende,0,
13-57-j26-1,T0#6,17.T0.13-57-j26-1.5.H,Nürnberg Fischbach Bahnhof Wende,0,
13-57-j26-1,T0#6,18.T0.13-57-j26-1.5.H,Nürnberg Fischbach Bahnhof Wende,0,
13-57-j26-1,T0#6,19.T0.13-57-j26-1.5.H,Nürnberg Fischbach Bahnhof Wende,0,
13-57-j26-1,T0#6,2.T0.13-57-j26-1.5.H,Nürnberg Fischbach Bahnhof Wende,0,
13-57-j26-1,T0#6,20.T0.13-57-j26-1.5.H,Nürnberg Fischbach Bahnhof Wende,0,
13-57-j26-1,T0#6,21.T0.13-57-j26-1.5.H,Nürnberg Fischbach Bahnhof Wende,0,
13-57-j26-1,T0#6,22.T0.13-57-j26-1.5.H,Nürnberg Fischbach Bahnhof Wende,0,
13-57-j26-1,T0#6,23.T0.13-57-j26-1.5.H,Nürnberg Fischbach Bahnhof Wende,0,
13-57-j26-1,T0#6,24.T0.13-57-j26-1.5.H,Nürnberg Fischbach Bahnhof Wende,0,
13-57-j26-1,T0#6,25.T0.13-57-j26-1.5.H,Nürnberg Fischbach Bahnhof Wende,0,
13-57-j26-1,T0#6,26.T0.13-57-j26-1.5.H,Nürnberg Fischbach Bahnhof Wende,0,
13-57-j26-1,T0#6,27.T0.13-57-j26-1.5.H,Nürnberg Fischbach Bahnhof Wende,0,
13-57-j26-1,T0#6,28.T0.13-57-j26-1.5.H,Nürnberg Fischbach Bahnhof Wende,0,
13-57-j26-1,T0#6,29.T0.13-57-j26-1.5.H,Nürnberg Fischbach Bahnhof Wende,0,
13-57-j26-1,T0#6,3.T0.13-57-j26-1.5.H,Nürnberg Fischbach Bahnhof Wende,0,
13-57-j26-1,T0#6,30.T0.13-57-j26-1.5.H,Nürnberg Fischbach Bahnhof Wende,0,
13-57-j26-1,T0#6,31.T0.13-57-j26-1.5.H,Nürnberg Fischbach Bahnhof Wende,0,
13-57-j26-1,T0#6,32.T0.13-57-j26-1.5.H,Nürnberg Fischbach Bahnhof Wende,0,
13-57-j26-1,T0+01,33.T0.13-57-j26-1.6.H,"Nürnberg, Fischbach Bahnhof",0,
13-57-j26-1,T0#6,34.T0.13-57-j26-1.5.H,Nürnberg Fischbach Bahnhof Wende,0,
13-57-j26-1,T0#6,35.T0.13-57-j26-1.5.H,Nürnberg Fischbach Bahnhof Wende,0,
13-57-j26-1,T0#6,36.T0.13-57-j26-1.5.H,Nürnberg Fischbach Bahnhof Wende,0,
13-57-j26-1,T0#6,37.T0.13-57-j26-1.5.H,Nürnberg Fischbach Bahnhof Wende,0,
13-57-j26-1,T0#6,38.T0.13-57-j26-1.5.H,Nürnberg Fischbach Bahnhof Wende,0,
13-57-j26-1,T0#6,39.T0.13-57-j26-1.5.H,Nürnberg Fischbach Bahnhof Wende,0,
13-57-j26-1,T0#6,4.T0.13-57-j26-1.5.H,Nürnberg Fischbach Bahnhof Wende,0,
13-57-j26-1,T0#6,40.T0.13-57-j26-1.5.H,Nürnberg Fischbach Bahnhof Wende,0,
13-57-j26-1,T0#6,41.T0.13-57-j26-1.5.H,Nürnberg Fischbach Bahnhof Wende,0,
13-57-j26-1,T0#6,42.T0.13-57-j26-1.5.H,Nürnberg Fischbach Bahnhof Wende,0,
13-57-j26-1,T0#6,43.T0.13-57-j26-1.5.H,Nürnberg Fischbach Bahnhof Wende,0,
13-57-j26-1,T0#6,44.T0.13-57-j26-1.5.H,Nürnberg Fischbach Bahnhof Wende,0,
13-57-j26-1,T0#6,45.T0.13-57-j26-1.5.H,Nürnberg Fischbach Bahnhof Wende,0,
13-57-j26-1,T0#6,46.T0.13-57-j26-1.5.H,Nürnberg Fischbach Bahnhof Wende,0,
13-57-j26-1,T0#6,47.T0.13-57-j26-1.5.H,Nürnberg Fischbach Bahnhof Wende,0,
13-57-j26-1,T0#6,48.T0.13-57-j26-1.5.H,Nürnberg Fischbach Bahnhof Wende,0,
13-57-j26-1,T0#6,49.T0.13-57-j26-1.5.H,Nürnberg Fischbach Bahnhof Wende,0,
13-57-j26-1,T0#6,5.T0.13-57-j26-1.5.H,Nürnberg Fischbach Bahnhof Wende,0,
13-57-j26-1,T0#6,50.T0.13-57-j26-1.5.H,Nürnberg Fischbach Bahnhof Wende,0,
13-57-j26-1,T0#6,51.T0.13-57-j26-1.5.H,Nürnberg Fischbach Bahnhof Wende,0,
13-57-j26-1,T0#6,52.T0.13-57-j26-1.5.H,Nürnberg Fischbach Bahnhof Wende,0,
13-57-j26-1,T0#6,53.T0.13-57-j26-1.5.H,Nürnberg Fischbach Bahnhof Wende,0,
13-57-j26-1,T0#6,54.T0.13-57-j26-1.5.H,Nürnberg Fischbach Bahnhof Wende,0,
13-57-j26-1,T0#6,55.T0.13-57-j26-1.5.H,Nürnberg Fischbach Bahnhof Wende,0,
13-57-j26-1,T0#6,56.T0.13-57-j26-1.5.H,Nürnberg Fischbach Bahnhof Wende,0,
13-57-j26-1,T0#6,57.T0.13-57-j26-1.5.H,Nürnberg Fischbach Bahnhof Wende,0,
13-57-j26-1,T0#6,58.T0.13-57-j26-1.5.H,Nürnberg Fischbach Bahnhof Wende,0,
13-57-j26-1,T0#6,59.T0.13-57-j26-1.5.H,Nürnberg Fischbach Bahnhof Wende,0,
13-57-j26-1,T0#6,6.T0.13-57-j26-1.5.H,Nürnberg Fischbach Bahnhof Wende,0,
13-57-j26-1,T0#6,60.T0.13-57-j26-1.5.H,Nürnberg Fischbach Bahnhof Wende,0,
13-57-j26-1,T0#6,61.T0.13-57-j26-1.5.H,Nürnberg Fischbach Bahnhof Wende,0,
13-57-j26-1,T0#6,62.T0.13-57-j26-1.5.H,Nürnberg Fischbach Bahnhof Wende,0,
13-57-j26-1,T0#6,63.T0.13-57-j26-1.5.H,Nürnberg Fischbach Bahnhof Wende,0,
13-57-j26-1,T0#6,64.T0.13-57-j26-1.5.H,Nürnberg Fischbach Bahnhof Wende,0,
13-57-j26-1,T0#6,65.T0.13-57-j26-1.5.H,Nürnberg Fischbach Bahnhof Wende,0,
13-57-j26-1,T0#6,66.T0.13-57-j26-1.5.H,Nürnberg Fischbach Bahnhof Wende,0,
13-57-j26-1,T0#6,67.T0.13-57-j26-1.5.H,Nürnberg Fischbach Bahnhof Wende,0,
13-57-j26-1,T0#6,68.T0.13-57-j26-1.5.H,Nürnberg Fischbach Bahnhof Wende,0,
13-57-j26-1,T0#6,69.T0.13-57-j26-1.5.H,Nürnberg Fischbach Bahnhof Wende,0,
13-57-j26-1,T0#6,7.T0.13-57-j26-1.5.H,Nürnberg Fischbach Bahnhof Wende,0,
13-57-j26-1,T0#6,70.T0.13-57-j26-1.1.R,Nürnb. Langwasser Mitte,1,
13-57-j26-1,T0#6,71.T0.13-57-j26-1.1.R,Nürnb. Langwasser Mitte,1,
13-57-j26-1,T0#6,72.T0.13-57-j26-1.1.R,Nürnb. Langwasser Mitte,1,
13-57-j26-1,T0#6,73.T0.13-57-j26-1.7.R,Nürnb. Langwasser Mitte,1,
13-57-j26-1,T0#6,74.T0.13-57-j26-1.7.R,Nürnb. Langwasser Mitte,1,
13-57-j26-1,T0#6,75.T0.13-57-j26-1.7.R,Nürnb. Langwasser Mitte,1,
13-57-j26-1,T0#6,76.T0.13-57-j26-1.7.R,Nürnb. Langwasser Mitte,1,
13-57-j26-1,T0#6,77.T0.13-57-j26-1.7.R,Nürnb. Langwasser Mitte,1,
13-57-j26-1,T0#6,78.T0.13-57-j26-1.7.R,Nürnb. Langwasser Mitte,1,
13-57-j26-1,T0#6,79.T0.13-57-j26-1.7.R,Nürnb. Langwasser Mitte,1,
13-57-j26-1,T0#6,8.T0.13-57-j26-1.5.H,Nürnberg Fischbach Bahnhof Wende,0,
13-57-j26-1,T0+01,80.T0.13-57-j26-1.8.R,Nürnb. Langwasser Mitte,1,
13-57-j26-1,T0#6,81.T0.13-57-j26-1.7.R,Nürnb. Langwasser Mitte,1,
13-57-j26-1,T0+01,82.T0.13-57-j26-1.8.R,Nürnb. Langwasser Mitte,1,
13-57-j26-1,T0#6,83.T0.13-57-j26-1.7.R,Nürnb. Langwasser Mitte,1,
13-57-j26-1,T0#6,84.T0.13-57-j26-1.7.R,Nürnb. Langwasser Mitte,1,
13-57-j26-1,T0#6,85.T0.13-57-j26-1.7.R,Nürnb. Langwasser Mitte,1,
13-57-j26-1,T0#6,86.T0.13-57-j26-1.7.R,Nürnb. Langwasser Mitte,1,
13-57-j26-1,T0#6,87.T0.13-57-j26-1.7.R,Nürnb. Langwasser Mitte,1,
13-57-j26-1,T0#6,88.T0.13-57-j26-1.7.R,Nürnb. Langwasser Mitte,1,
13-57-j26-1,T0#6,89.T0.13-57-j26-1.7.R,Nürnb. Langwasser Mitte,1,
13-57-j26-1,T0#6,9.T0.13-57-j26-1.5.H,Nürnberg Fischbach Bahnhof Wende,0,
13-57-j26-1,T0#6,90.T0.13-57-j26-1.7.R,Nürnb. Langwasser Mitte,1,
13-57-j26-1,T0#6,91.T0.13-57-j26-1.7.R,Nürnb. Langwasser Mitte,1,
13-57-j26-1,T0#6,92.T0.13-57-j26-1.7.R,Nürnb. Langwasser Mitte,1,
13-57-j26-1,T0#6,93.T0.13-57-j26-1.7.R,Nürnb. Langwasser Mitte,1,
13-57-j26-1,T0#6,94.T0.13-57-j26-1.7.R,Nürnb. Langwasser Mitte,1,
13-57-j26-1,T0#6,95.T0.13-57-j26-1.7.R,Nürnb. Langwasser Mitte,1,
13-57-j26-1,T0#6,96.T0.13-57-j26-1.7.R,Nürnb. Langwasser Mitte,1,
13-57-j26-1,T0#6,97.T0.13-57-j26-1.7.R,Nürnb. Langwasser Mitte,1,
13-57-j26-1,T0#6,98.T0.13-57-j26-1.7.R,Nürnb. Langwasser Mitte,1,
13-57-j26-1,T0#6,99.T0.13-57-j26-1.7.R,Nürnb. Langwasser Mitte,1,
13-58-j26-1,T0#6,1.T0.13-58-j26-1.5.H,Nürnberg Wacholderweg,0,
13-58-j26-1,T0#6,10.T0.13-58-j26-1.5.H,Nürnberg Wacholderweg,0,
13-58-j26-1,T0#6,100.T0.13-58-j26-1.10.R,Nürnberg Vogelweiherstr.,1,
13-58-j26-1,T0#6,101.T0.13-58-j26-1.10.R,Nürnberg Vogelweiherstr.,1,
13-58-j26-1,T0#6,102.T0.13-58-j26-1.10.R,Nürnberg Vogelweiherstr.,1,
13-58-j26-1,T0#6,103.T0.13-58-j26-1.10.R,Nürnberg Vogelweiherstr.,1,
13-58-j26-1,T0#6,104.T0.13-58-j26-1.10.R,Nürnberg Vogelweiherstr.,1,
13-58-j26-1,T0#6,105.T0.13-58-j26-1.10.R,Nürnberg Vogelweiherstr.,1,
13-58-j26-1,T0#6,106.T0.13-58-j26-1.10.R,Nürnberg Vogelweiherstr.,1,
13-58-j26-1,T0#6,107.T0.13-58-j26-1.10.R,Nürnberg Vogelweiherstr.,1,
13-58-j26-1,T0#6,108.T0.13-58-j26-1.10.R,Nürnberg Vogelweiherstr.,1,
13-58-j26-1,T0#6,109.T0.13-58-j26-1.10.R,Nürnberg Vogelweiherstr.,1,
13-58-j26-1,T0+01,11.T0.13-58-j26-1.7.H,Nürnberg Wacholderweg,0,
13-58-j26-1,T0#6,110.T0.13-58-j26-1.10.R,Nürnberg Vogelweiherstr.,1,
13-58-j26-1,T0#6,12.T0.13-58-j26-1.5.H,Nürnberg Wacholderweg,0,
13-58-j26-1,T0#6,13.T0.13-58-j26-1.5.H,Nürnberg Wacholderweg,0,
13-58-j26-1,T0#6,14.T0.13-58-j26-1.5.H,Nürnberg Wacholderweg,0,
13-58-j26-1,T0#6,15.T0.13-58-j26-1.7.H,Nürnberg Wacholderweg,0,
13-58-j26-1,T0#6,16.T0.13-58-j26-1.7.H,Nürnberg Wacholderweg,0,
13-58-j26-1,T0#6,17.T0.13-58-j26-1.7.H,Nürnberg Wacholderweg,0,
13-58-j26-1,T0#6,18.T0.13-58-j26-1.7.H,Nürnberg Wacholderweg,0,
13-58-j26-1,T0#6,19.T0.13-58-j26-1.7.H,Nürnberg Wacholderweg,0,
13-58-j26-1,T0#6,2.T0.13-58-j26-1.5.H,Nürnberg Wacholderweg,0,
13-58-j26-1,T0#6,20.T0.13-58-j26-1.7.H,Nürnberg Wacholderweg,0,
13-58-j26-1,T0#6,21.T0.13-58-j26-1.7.H,Nürnberg Wacholderweg,0,
13-58-j26-1,T0#6,22.T0.13-58-j26-1.7.H,Nürnberg Wacholderweg,0,
13-58-j26-1,T0#6,23.T0.13-58-j26-1.7.H,Nürnberg Wacholderweg,0,
13-58-j26-1,T0#6,24.T0.13-58-j26-1.7.H,Nürnberg Wacholderweg,0,
13-58-j26-1,T0#6,25.T0.13-58-j26-1.7.H,Nürnberg Wacholderweg,0,
13-58-j26-1,T0#6,26.T0.13-58-j26-1.7.H,Nürnberg Wacholderweg,0,
13-58-j26-1,T0#6,27.T0.13-58-j26-1.7.H,Nürnberg Wacholderweg,0,
13-58-j26-1,T0#6,28.T0.13-58-j26-1.7.H,Nürnberg Wacholderweg,0,
13-58-j26-1,T0#6,29.T0.13-58-j26-1.7.H,Nürnberg Wacholderweg,0,
13-58-j26-1,T0#6,3.T0.13-58-j26-1.5.H,Nürnberg Wacholderweg,0,
13-58-j26-1,T0#6,30.T0.13-58-j26-1.5.H,Nürnberg Wacholderweg,0,
13-58-j26-1,T0#6,31.T0.13-58-j26-1.5.H,Nürnberg Wacholderweg,0,
13-58-j26-1,T0#6,32.T0.13-58-j26-1.5.H,Nürnberg Wacholderweg,0,
13-58-j26-1,T0#6,33.T0.13-58-j26-1.5.H,Nürnberg Wacholderweg,0,
13-58-j26-1,T0#6,34.T0.13-58-j26-1.5.H,Nürnberg Wacholderweg,0,
13-58-j26-1,T0#6,35.T0.13-58-j26-1.5.H,Nürnberg Wacholderweg,0,
13-58-j26-1,T0#6,36.T0.13-58-j26-1.5.H,Nürnberg Wacholderweg,0,
13-58-j26-1,T0#6,37.T0.13-58-j26-1.5.H,Nürnberg Wacholderweg,0,
13-58-j26-1,T0#6,38.T0.13-58-j26-1.5.H,Nürnberg Wacholderweg,0,
13-58-j26-1,T0#6,39.T0.13-58-j26-1.5.H,Nürnberg Wacholderweg,0,
13-58-j26-1,T0#6,4.T0.13-58-j26-1.5.H,Nürnberg Wacholderweg,0,
13-58-j26-1,T0#6,40.T0.13-58-j26-1.5.H,Nürnberg Wacholderweg,0,
13-58-j26-1,T0#6,41.T0.13-58-j26-1.5.H,Nürnberg Wacholderweg,0,
13-58-j26-1,T0#6,42.T0.13-58-j26-1.5.H,Nürnberg Wacholderweg,0,
13-58-j26-1,T0#6,43.T0.13-58-j26-1.5.H,Nürnberg Wacholderweg,0,
13-58-j26-1,T0#6,44.T0.13-58-j26-1.7.H,Nürnberg Wacholderweg,0,
13-58-j26-1,T0#6,45.T0.13-58-j26-1.7.H,Nürnberg Wacholderweg,0,
13-58-j26-1,T0#6,46.T0.13-58-j26-1.7.H,Nürnberg Wacholderweg,0,
13-58-j26-1,T0#6,47.T0.13-58-j26-1.7.H,Nürnberg Wacholderweg,0,
13-58-j26-1,T0#6,48.T0.13-58-j26-1.7.H,Nürnberg Wacholderweg,0,
13-58-j26-1,T0#6,49.T0.13-58-j26-1.7.H,Nürnberg Wacholderweg,0,
13-58-j26-1,T0#6,5.T0.13-58-j26-1.5.H,Nürnberg Wacholderweg,0,
13-58-j26-1,T0#6,50.T0.13-58-j26-1.7.H,Nürnberg Wacholderweg,0,
13-58-j26-1,T0#6,51.T0.13-58-j26-1.7.H,Nürnberg Wacholderweg,0,
13-58-j26-1,T0#6,52.T0.13-58-j26-1.7.H,Nürnberg Wacholderweg,0,
13-58-j26-1,T0#6,53.T0.13-58-j26-1.7.H,Nürnberg Wacholderweg,0,
13-58-j26-1,T0#6,54.T0.13-58-j26-1.7.H,Nürnberg Wacholderweg,0,
13-58-j26-1,T0#6,55.T0.13-58-j26-1.7.H,Nürnberg Wacholderweg,0,
13-58-j26-1,T0#6,56.T0.13-58-j26-1.8.R,"Nürnberg, Frankenstraße",1,
13-58-j26-1,T0#6,57.T0.13-58-j26-1.8.R,"Nürnberg, Frankenstraße",1,
13-58-j26-1,T0#6,58.T0.13-58-j26-1.8.R,"Nürnberg, Frankenstraße",1,
13-58-j26-1,T0#6,59.T0.13-58-j26-1.8.R,"Nürnberg, Frankenstraße",1,
13-58-j26-1,T0#6,6.T0.13-58-j26-1.5.H,Nürnberg Wacholderweg,0,
13-58-j26-1,T0#6,60.T0.13-58-j26-1.8.R,"Nürnberg, Frankenstraße",1,
13-58-j26-1,T0#6,61.T0.13-58-j26-1.8.R,"Nürnberg, Frankenstraße",1,
13-58-j26-1,T0+01,62.T0.13-58-j26-1.9.R,Nürnberg Dianaplatz,1,
13-58-j26-1,T0#6,63.T0.13-58-j26-1.8.R,"Nürnberg, Frankenstraße",1,
13-58-j26-1,T0#6,64.T0.13-58-j26-1.8.R,"Nürnberg, Frankenstraße",1,
13-58-j26-1,T0+01,65.T0.13-58-j26-1.9.R,Nürnberg Dianaplatz,1,
13-58-j26-1,T0#6,66.T0.13-58-j26-1.8.R,"Nürnberg, Frankenstraße",1,
13-58-j26-1,T0#6,67.T0.13-58-j26-1.8.R,"Nürnberg, Frankenstraße",1,
13-58-j26-1,T0#6,68.T0.13-58-j26-1.8.R,"Nürnberg, Frankenstraße",1,
13-58-j26-1,T0#6,69.T0.13-58-j26-1.10.R,Nürnberg Vogelweiherstr.,1,
13-58-j26-1,T0#6,7.T0.13-58-j26-1.5.H,Nürnberg Wacholderweg,0,
13-58-j26-1,T0#6,70.T0.13-58-j26-1.10.R,Nürnberg Vogelweiherstr.,1,
13-58-j26-1,T0#6,71.T0.13-58-j26-1.10.R,Nürnberg Vogelweiherstr.,1,
13-58-j26-1,T0#6,72.T0.13-58-j26-1.10.R,Nürnberg Vogelweiherstr.,1,
13-58-j26-1,T0#6,73.T0.13-58-j26-1.10.R,Nürnberg Vogelweiherstr.,1,
13-58-j26-1,T0#6,74.T0.13-58-j26-1.10.R,Nürnberg Vogelweiherstr.,1,
13-58-j26-1,T0#6,75.T0.13-58-j26-1.10.R,Nürnberg Vogelweiherstr.,1,
13-58-j26-1,T0#6,76.T0.13-58-j26-1.10.R,Nürnberg Vogelweiherstr.,1,
13-58-j26-1,T0#6,77.T0.13-58-j26-1.10.R,Nürnberg Vogelweiherstr.,1,
13-58-j26-1,T0#6,78.T0.13-58-j26-1.10.R,Nürnberg Vogelweiherstr.,1,
13-58-j26-1,T0#6,79.T0.13-58-j26-1.10.R,Nürnberg Vogelweiherstr.,1,
13-58-j26-1,T0+01,8.T0.13-58-j26-1.6.H,Nürnberg Wacholderweg,0,
13-58-j26-1,T0#6,80.T0.13-58-j26-1.10.R,Nürnberg Vogelweiherstr.,1,
13-58-j26-1,T0#6,81.T0.13-58-j26-1.10.R,Nürnberg Vogelweiherstr.,1,
13-58-j26-1,T0#6,82.T0.13-58-j26-1.10.R,Nürnberg Vogelweiherstr.,1,
13-58-j26-1,T0#6,83.T0.13-58-j26-1.10.R,Nürnberg Vogelweiherstr.,1,
13-58-j26-1,T0#6,84.T0.13-58-j26-1.8.R,"Nürnberg, Frankenstraße",1,
13-58-j26-1,T0#6,85.T0.13-58-j26-1.8.R,"Nürnberg, Frankenstraße",1,
13-58-j26-1,T0#6,86.T0.13-58-j26-1.8.R,"Nürnberg, Frankenstraße",1,
13-58-j26-1,T0#6,87.T0.13-58-j26-1.8.R,"Nürnberg, Frankenstraße",1,
13-58-j26-1,T0#6,88.T0.13-58-j26-1.8.R,"Nürnberg, Frankenstraße",1,
13-58-j26-1,T0#6,89.T0.13-58-j26-1.8.R,"Nürnberg, Frankenstraße",1,
13-58-j26-1,T0#6,9.T0.13-58-j26-1.5.H,Nürnberg Wacholderweg,0,
13-58-j26-1,T0#6,90.T0.13-58-j26-1.8.R,"Nürnberg, Frankenstraße",1,
13-58-j26-1,T0#6,91.T0.13-58-j26-1.8.R,"Nürnberg, Frankenstraße",1,
13-58-j26-1,T0#6,92.T0.13-58-j26-1.8.R,"Nürnberg, Frankenstraße",1,
13-58-j26-1,T0#6,93.T0.13-58-j26-1.8.R,"Nürnberg, Frankenstraße",1,
13-58-j26-1,T0#6,94.T0.13-58-j26-1.8.R,"Nürnberg, Frankenstraße",1,
13-58-j26-1,T0#6,95.T0.13-58-j26-1.8.R,"Nürnberg, Frankenstraße",1,
13-58-j26-1,T0#6,96.T0.13-58-j26-1.8.R,"Nürnberg, Frankenstraße",1,
13-58-j26-1,T0#6,97.T0.13-58-j26-1.10.R,Nürnberg Vogelweiherstr.,1,
13-58-j26-1,T0#6,98.T0.13-58-j26-1.10.R,Nürnberg Vogelweiherstr.,1,
13-58-j26-1,T0#6,99.T0.13-58-j26-1.10.R,Nürnberg Vogelweiherstr.,1,
13-59-j26-1,T0#6,1.T0.13-59-j26-1.1.H,Nürnberg Birnthon,0,
13-59-j26-1,T0#6,10.T0.13-59-j26-1.1.H,Nürnberg Birnthon,0,
13-59-j26-1,T0#6,11.T0.13-59-j26-1.1.H,Nürnberg Birnthon,0,
13-59-j26-1,T0+01,13.T0.13-59-j26-1.1.H,Nürnberg Birnthon,0,
13-59-j26-1,T0#6,14.T0.13-59-j26-1.1.H,Nürnberg Birnthon,0,
13-59-j26-1,T0#6,15.T0.13-59-j26-1.1.H,Nürnberg Birnthon,0,
13-59-j26-1,T0#6,16.T0.13-59-j26-1.1.H,Nürnberg Birnthon,0,
13-59-j26-1,T0#6,17.T0.13-59-j26-1.1.H,Nürnberg Birnthon,0,
13-59-j26-1,T0#6,18.T0.13-59-j26-1.1.H,Nürnberg Birnthon,0,
13-59-j26-1,T0#6,19.T0.13-59-j26-1.1.H,Nürnberg Birnthon,0,
13-59-j26-1,T0#6,2.T0.13-59-j26-1.1.H,Nürnberg Birnthon,0,
13-59-j26-1,T0#6,20.T0.13-59-j26-1.1.H,Nürnberg Birnthon,0,
13-59-j26-1,T0#6,21.T0.13-59-j26-1.1.H,Nürnberg Birnthon,0,
13-59-j26-1,T0#6,22.T0.13-59-j26-1.1.H,Nürnberg Birnthon,0,
13-59-j26-1,T0#6,23.T0.13-59-j26-1.1.H,Nürnberg Birnthon,0,
13-59-j26-1,T0#6,24.T0.13-59-j26-1.1.H,Nürnberg Birnthon,0,
13-59-j26-1,T0#6,25.T0.13-59-j26-1.1.H,Nürnberg Birnthon,0,
13-59-j26-1,T0#6,26.T0.13-59-j26-1.1.H,Nürnberg Birnthon,0,
13-59-j26-1,T0#6,27.T0.13-59-j26-1.1.H,Nürnberg Birnthon,0,
13-59-j26-1,T0#6,28.T0.13-59-j26-1.1.H,Nürnberg Birnthon,0,
13-59-j26-1,T0#6,29.T0.13-59-j26-1.1.H,Nürnberg Birnthon,0,
13-59-j26-1,T0#6,3.T0.13-59-j26-1.1.H,Nürnberg Birnthon,0,
13-59-j26-1,T0#6,30.T0.13-59-j26-1.6.H,Nürnberg Birnthon,0,
13-59-j26-1,T0#6,31.T0.13-59-j26-1.3.R,Nürnberg Langwasser Süd,1,
13-59-j26-1,T0#6,32.T0.13-59-j26-1.3.R,Nürnberg Langwasser Süd,1,
13-59-j26-1,T0#6,33.T0.13-59-j26-1.3.R,Nürnberg Langwasser Süd,1,
13-59-j26-1,T0#6,34.T0.13-59-j26-1.3.R,Nürnberg Langwasser Süd,1,
13-59-j26-1,T0#6,35.T0.13-59-j26-1.3.R,Nürnberg Langwasser Süd,1,
13-59-j26-1,T0#6,36.T0.13-59-j26-1.3.R,Nürnberg Langwasser Süd,1,
13-59-j26-1,T0#6,37.T0.13-59-j26-1.3.R,Nürnberg Langwasser Süd,1,
13-59-j26-1,T0#6,38.T0.13-59-j26-1.3.R,Nürnberg Langwasser Süd,1,
13-59-j26-1,T0#6,39.T0.13-59-j26-1.3.R,Nürnberg Langwasser Süd,1,
13-59-j26-1,T0+01,4.T0.13-59-j26-1.1.H,Nürnberg Birnthon,0,
13-59-j26-1,T0#6,40.T0.13-59-j26-1.3.R,Nürnberg Langwasser Süd,1,
13-59-j26-1,T0#6,41.T0.13-59-j26-1.3.R,Nürnberg Langwasser Süd,1,
13-59-j26-1,T0#6,42.T0.13-59-j26-1.3.R,Nürnberg Langwasser Süd,1,
13-59-j26-1,T0#6,43.T0.13-59-j26-1.3.R,Nürnberg Langwasser Süd,1,
13-59-j26-1,T0#6,44.T0.13-59-j26-1.3.R,Nürnberg Langwasser Süd,1,
13-59-j26-1,T0#6,45.T0.13-59-j26-1.3.R,Nürnberg Langwasser Süd,1,
13-59-j26-1,T0#6,46.T0.13-59-j26-1.3.R,Nürnberg Langwasser Süd,1,
13-59-j26-1,T0#6,47.T0.13-59-j26-1.3.R,Nürnberg Langwasser Süd,1,
13-59-j26-1,T0#6,48.T0.13-59-j26-1.3.R,Nürnberg Langwasser Süd,1,
13-59-j26-1,T0#6,49.T0.13-59-j26-1.3.R,Nürnberg Langwasser Süd,1,
13-59-j26-1,T0#6,5.T0.13-59-j26-1.1.H,Nürnberg Birnthon,0,
13-59-j26-1,T0#6,50.T0.13-59-j26-1.3.R,Nürnberg Langwasser Süd,1,
13-59-j26-1,T0#6,51.T0.13-59-j26-1.3.R,Nürnberg Langwasser Süd,1,
13-59-j26-1,T0#6,52.T0.13-59-j26-1.3.R,Nürnberg Langwasser Süd,1,
13-59-j26-1,T0#6,53.T0.13-59-j26-1.3.R,Nürnberg Langwasser Süd,1,
13-59-j26-1,T0#6,54.T0.13-59-j26-1.3.R,Nürnberg Langwasser Süd,1,
13-59-j26-1,T0#6,55.T0.13-59-j26-1.3.R,Nürnberg Langwasser Süd,1,
13-59-j26-1,T0#6,56.T0.13-59-j26-1.3.R,Nürnberg Langwasser Süd,1,
13-59-j26-1,T0+01,7.T0.13-59-j26-1.2.H,Nürnberg Birnthon,0,
13-59-j26-1,T0#6,8.T0.13-59-j26-1.1.H,Nürnberg Birnthon,0,
13-59-j26-1,T0#6,9.T0.13-59-j26-1.1.H,Nürnberg Birnthon,0,
13-60-j26-1,T0#6,1.T0.13-60-j26-1.1.H,Nürnberg Bremer Str. Wende,0,
13-60-j26-1,T0#6,10.T0.13-60-j26-1.1.H,Nürnberg Bremer Str. Wende,0,
13-60-j26-1,T0#6,11.T0.13-60-j26-1.2.R,Nürnberg Röthenbach,1,
13-60-j26-1,T0#6,12.T0.13-60-j26-1.2.R,Nürnberg Röthenbach,1,
13-60-j26-1,T0#6,13.T0.13-60-j26-1.2.R,Nürnberg Röthenbach,1,
13-60-j26-1,T0#6,14.T0.13-60-j26-1.2.R,Nürnberg Röthenbach,1,
13-60-j26-1,T0#6,15.T0.13-60-j26-1.2.R,Nürnberg Röthenbach,1,
13-60-j26-1,T0#6,16.T0.13-60-j26-1.2.R,Nürnberg Röthenbach,1,
13-60-j26-1,T0#6,17.T0.13-60-j26-1.2.R,Nürnberg Röthenbach,1,
13-60-j26-1,T0#6,18.T0.13-60-j26-1.2.R,Nürnberg Röthenbach,1,
13-60-j26-1,T0#6,19.T0.13-60-j26-1.2.R,Nürnberg Röthenbach,1,
13-60-j26-1,T0#6,2.T0.13-60-j26-1.1.H,Nürnberg Bremer Str. Wende,0,
13-60-j26-1,T0#6,20.T0.13-60-j26-1.2.R,Nürnberg Röthenbach,1,
13-60-j26-1,T0#6,3.T0.13-60-j26-1.1.H,Nürnberg Bremer Str. Wende,0,
13-60-j26-1,T0#6,4.T0.13-60-j26-1.1.H,Nürnberg Bremer Str. Wende,0,
13-60-j26-1,T0#6,5.T0.13-60-j26-1.1.H,Nürnberg Bremer Str. Wende,0,
13-60-j26-1,T0#6,6.T0.13-60-j26-1.1.H,Nürnberg Bremer Str. Wende,0,
13-60-j26-1,T0#6,7.T0.13-60-j26-1.1.H,Nürnberg Bremer Str. Wende,0,
13-60-j26-1,T0#6,8.T0.13-60-j26-1.1.H,Nürnberg Bremer Str. Wende,0,
13-60-j26-1,T0#6,9.T0.13-60-j26-1.1.H,Nürnberg Bremer Str. Wende,0,
13-61-j26-3,T0#25,1.T0.13-61-j26-3.3.H,"Schwabach, Schwabach Bf.",0,
13-61-j26-3,T0#25,10.T0.13-61-j26-3.9.H,Wolkersdorf Schleife,0,
13-61-j26-3,T0+01#9,100.T0.13-61-j26-3.19.R,Nürnberg Röthenbach,1,
13-61-j26-3,T0#25,101.T0.13-61-j26-3.7.R,Nürnberg Röthenbach,1,
13-61-j26-3,T0#25,102.T0.13-61-j26-3.16.R,Nürnberg Röthenbach,1,
13-61-j26-3,T0#25,103.T0.13-61-j26-3.7.R,Nürnberg Röthenbach,1,
13-61-j26-3,T0#25,104.T0.13-61-j26-3.16.R,Nürnberg Röthenbach,1,
13-61-j26-3,T0#25,105.T0.13-61-j26-3.5.R,Nürnberg Röthenbach,1,
13-61-j26-3,T0#25,106.T0.13-61-j26-3.6.R,Nürnberg Röthenbach,1,
13-61-j26-3,T0#25,107.T0.13-61-j26-3.5.R,Nürnberg Röthenbach,1,
13-61-j26-3,T0#25,108.T0.13-61-j26-3.6.R,Nürnberg Röthenbach,1,
13-61-j26-3,T0#25,109.T0.13-61-j26-3.5.R,Nürnberg Röthenbach,1,
13-61-j26-3,T0#25,110.T0.13-61-j26-3.6.R,Nürnberg Röthenbach,1,
13-61-j26-3,T0#25,111.T0.13-61-j26-3.5.R,Nürnberg Röthenbach,1,
13-61-j26-3,T0#25,112.T0.13-61-j26-3.6.R,Nürnberg Röthenbach,1,
13-61-j26-3,T0#25,113.T0.13-61-j26-3.5.R,Nürnberg Röthenbach,1,
13-61-j26-3,T0#25,114.T0.13-61-j26-3.6.R,Nürnberg Röthenbach,1,
13-61-j26-3,T0+01#9,115.T0.13-61-j26-3.20.R,Nürnberg Koppenhof,1,
13-61-j26-3,T0#25,116.T0.13-61-j26-3.5.R,Nürnberg Röthenbach,1,
13-61-j26-3,T0#25,117.T0.13-61-j26-3.6.R,Nürnberg Röthenbach,1,
13-61-j26-3,T0#25,118.T0.13-61-j26-3.5.R,Nürnberg Röthenbach,1,
13-61-j26-3,T0+01#9,119.T0.13-61-j26-3.18.R,Nürnberg Röthenbach,1,
13-61-j26-3,T0+01#9,12.T0.13-61-j26-3.11.H,Schwabach Wolfram-von-Eschenbach-Gymnasium,0,
13-61-j26-3,T0+01#9,121.T0.13-61-j26-3.19.R,Nürnberg Röthenbach,1,
13-61-j26-3,T0+01#9,122.T0.13-61-j26-3.18.R,Nürnberg Röthenbach,1,
13-61-j26-3,T0#25,123.T0.13-61-j26-3.5.R,Nürnberg Röthenbach,1,
13-61-j26-3,T0#25,124.T0.13-61-j26-3.6.R,Nürnberg Röthenbach,1,
13-61-j26-3,T0#25,125.T0.13-61-j26-3.5.R,Nürnberg Röthenbach,1,
13-61-j26-3,T0#25,126.T0.13-61-j26-3.6.R,Nürnberg Röthenbach,1,
13-61-j26-3,T0#25,127.T0.13-61-j26-3.5.R,Nürnberg Röthenbach,1,
13-61-j26-3,T0#25,128.T0.13-61-j26-3.6.R,Nürnberg Röthenbach,1,
13-61-j26-3,T0#25,129.T0.13-61-j26-3.16.R,Nürnberg Röthenbach,1,
13-61-j26-3,T0+01#9,13.T0.13-61-j26-3.12.H,Schwabach Nördlinger S.,0,
13-61-j26-3,T0#25,130.T0.13-61-j26-3.7.R,Nürnberg Röthenbach,1,
13-61-j26-3,T0#25,131.T0.13-61-j26-3.16.R,Nürnberg Röthenbach,1,
13-61-j26-3,T0#25,132.T0.13-61-j26-3.7.R,Nürnberg Röthenbach,1,
13-61-j26-3,T0#25,133.T0.13-61-j26-3.16.R,Nürnberg Röthenbach,1,
13-61-j26-3,T0#25,134.T0.13-61-j26-3.7.R,Nürnberg Röthenbach,1,
13-61-j26-3,T0#25,135.T0.13-61-j26-3.16.R,Nürnberg Röthenbach,1,
13-61-j26-3,T0#25,136.T0.13-61-j26-3.7.R,Nürnberg Röthenbach,1,
13-61-j26-3,T0#25,137.T0.13-61-j26-3.16.R,Nürnberg Röthenbach,1,
13-61-j26-3,T0#25,138.T0.13-61-j26-3.7.R,Nürnberg Röthenbach,1,
13-61-j26-3,T0#25,139.T0.13-61-j26-3.16.R,Nürnberg Röthenbach,1,
13-61-j26-3,T0#25,14.T0.13-61-j26-3.9.H,Wolkersdorf Schleife,0,
13-61-j26-3,T0#25,140.T0.13-61-j26-3.7.R,Nürnberg Röthenbach,1,
13-61-j26-3,T0#25,141.T0.13-61-j26-3.16.R,Nürnberg Röthenbach,1,
13-61-j26-3,T0#25,142.T0.13-61-j26-3.7.R,Nürnberg Röthenbach,1,
13-61-j26-3,T0#25,143.T0.13-61-j26-3.16.R,Nürnberg Röthenbach,1,
13-61-j26-3,T0#25,144.T0.13-61-j26-3.7.R,Nürnberg Röthenbach,1,
13-61-j26-3,T0#25,145.T0.13-61-j26-3.16.R,Nürnberg Röthenbach,1,
13-61-j26-3,T0#25,146.T0.13-61-j26-3.7.R,Nürnberg Röthenbach,1,
13-61-j26-3,T0#25,147.T0.13-61-j26-3.16.R,Nürnberg Röthenbach,1,
13-61-j26-3,T0#25,148.T0.13-61-j26-3.16.R,Nürnberg Röthenbach,1,
13-61-j26-3,T0#25,149.T0.13-61-j26-3.7.R,Nürnberg Röthenbach,1,
13-61-j26-3,T0#25,15.T0.13-61-j26-3.3.H,"Schwabach, Schwabach Bf.",0,
13-61-j26-3,T0#25,150.T0.13-61-j26-3.5.R,Nürnberg Röthenbach,1,
13-61-j26-3,T0#25,151.T0.13-61-j26-3.7.R,Nürnberg Röthenbach,1,
13-61-j26-3,T0#25,152.T0.13-61-j26-3.5.R,Nürnberg Röthenbach,1,
13-61-j26-3,T0#25,153.T0.13-61-j26-3.7.R,Nürnberg Röthenbach,1,
13-61-j26-3,T0#25,154.T0.13-61-j26-3.7.R,Nürnberg Röthenbach,1,
13-61-j26-3,T0#25,155.T0.13-61-j26-3.7.R,Nürnberg Röthenbach,1,
13-61-j26-3,T0#25,156.T0.13-61-j26-3.7.R,Nürnberg Röthenbach,1,
13-61-j26-3,T0#25,157.T0.13-61-j26-3.7.R,Nürnberg Röthenbach,1,
13-61-j26-3,T0#25,158.T0.13-61-j26-3.7.R,Nürnberg Röthenbach,1,
13-61-j26-3,T0#25,159.T0.13-61-j26-3.7.R,Nürnberg Röthenbach,1,
13-61-j26-3,T0#25,16.T0.13-61-j26-3.9.H,Wolkersdorf Schleife,0,
13-61-j26-3,T0+01#9,160.T0.13-61-j26-3.22.H,Schwabach Wolfram-von-Eschenbach-Gymnasium,0,
13-61-j26-3,T0+01#9,161.T0.13-61-j26-3.19.R,Nürnberg Röthenbach,1,
13-61-j26-3,T0#25,17.T0.13-61-j26-3.3.H,"Schwabach, Schwabach Bf.",0,
13-61-j26-3,T0#25,18.T0.13-61-j26-3.9.H,Wolkersdorf Schleife,0,
13-61-j26-3,T0#25,19.T0.13-61-j26-3.9.H,Wolkersdorf Schleife,0,
13-61-j26-3,T0#25,2.T0.13-61-j26-3.3.H,"Schwabach, Schwabach Bf.",0,
13-61-j26-3,T0#25,20.T0.13-61-j26-3.3.H,"Schwabach, Schwabach Bf.",0,
13-61-j26-3,T0#25,21.T0.13-61-j26-3.4.H,Nürnberg Holzheim Schleife,0,
13-61-j26-3,T0#25,22.T0.13-61-j26-3.3.H,"Schwabach, Schwabach Bf.",0,
13-61-j26-3,T0#25,23.T0.13-61-j26-3.4.H,Nürnberg Holzheim Schleife,0,
13-61-j26-3,T0#25,24.T0.13-61-j26-3.3.H,"Schwabach, Schwabach Bf.",0,
13-61-j26-3,T0#25,25.T0.13-61-j26-3.4.H,Nürnberg Holzheim Schleife,0,
13-61-j26-3,T0#25,26.T0.13-61-j26-3.3.H,"Schwabach, Schwabach Bf.",0,
13-61-j26-3,T0#25,27.T0.13-61-j26-3.4.H,Nürnberg Holzheim Schleife,0,
13-61-j26-3,T0#25,28.T0.13-61-j26-3.3.H,"Schwabach, Schwabach Bf.",0,
13-61-j26-3,T0#25,29.T0.13-61-j26-3.4.H,Nürnberg Holzheim Schleife,0,
13-61-j26-3,T0#25,3.T0.13-61-j26-3.3.H,"Schwabach, Schwabach Bf.",0,
13-61-j26-3,T0+01#9,30.T0.13-61-j26-3.13.H,Schwabach Wolfram-von-Eschenbach-Gymnasium,0,
13-61-j26-3,T0#25,31.T0.13-61-j26-3.3.H,"Schwabach, Schwabach Bf.",0,
13-61-j26-3,T0#25,32.T0.13-61-j26-3.4.H,Nürnberg Holzheim Schleife,0,
13-61-j26-3,T0+01#9,33.T0.13-61-j26-3.14.H,Schwabach Nördlinger S.,0,
13-61-j26-3,T0+01#9,35.T0.13-61-j26-3.14.H,Schwabach Nördlinger S.,0,
13-61-j26-3,T0#25,36.T0.13-61-j26-3.4.H,Nürnberg Holzheim Schleife,0,
13-61-j26-3,T0#25,37.T0.13-61-j26-3.3.H,"Schwabach, Schwabach Bf.",0,
13-61-j26-3,T0#25,38.T0.13-61-j26-3.4.H,Nürnberg Holzheim Schleife,0,
13-61-j26-3,T0+01#9,39.T0.13-61-j26-3.9.H,Wolkersdorf Schleife,0,
13-61-j26-3,T0#25,4.T0.13-61-j26-3.3.H,"Schwabach, Schwabach Bf.",0,
13-61-j26-3,T0#25,40.T0.13-61-j26-3.3.H,"Schwabach, Schwabach Bf.",0,
13-61-j26-3,T0+01#9,41.T0.13-61-j26-3.4.H,Nürnberg Holzheim Schleife,0,
13-61-j26-3,T0+01#9,42.T0.13-61-j26-3.4.H,Nürnberg Holzheim Schleife,0,
13-61-j26-3,T0#25,43.T0.13-61-j26-3.4.H,Nürnberg Holzheim Schleife,0,
13-61-j26-3,T0#25,44.T0.13-61-j26-3.3.H,"Schwabach, Schwabach Bf.",0,
13-61-j26-3,T0#25,45.T0.13-61-j26-3.4.H,Nürnberg Holzheim Schleife,0,
13-61-j26-3,T0#25,46.T0.13-61-j26-3.3.H,"Schwabach, Schwabach Bf.",0,
13-61-j26-3,T0#25,47.T0.13-61-j26-3.9.H,Wolkersdorf Schleife,0,
13-61-j26-3,T0#25,48.T0.13-61-j26-3.3.H,"Schwabach, Schwabach Bf.",0,
13-61-j26-3,T0#25,49.T0.13-61-j26-3.9.H,Wolkersdorf Schleife,0,
13-61-j26-3,T0#25,5.T0.13-61-j26-3.3.H,"Schwabach, Schwabach Bf.",0,
13-61-j26-3,T0#25,50.T0.13-61-j26-3.3.H,"Schwabach, Schwabach Bf.",0,
13-61-j26-3,T0#25,51.T0.13-61-j26-3.9.H,Wolkersdorf Schleife,0,
13-61-j26-3,T0#25,52.T0.13-61-j26-3.3.H,"Schwabach, Schwabach Bf.",0,
13-61-j26-3,T0#25,53.T0.13-61-j26-3.9.H,Wolkersdorf Schleife,0,
13-61-j26-3,T0#25,54.T0.13-61-j26-3.3.H,"Schwabach, Schwabach Bf.",0,
13-61-j26-3,T0#25,55.T0.13-61-j26-3.9.H,Wolkersdorf Schleife,0,
13-61-j26-3,T0#25,56.T0.13-61-j26-3.3.H,"Schwabach, Schwabach Bf.",0,
13-61-j26-3,T0#25,57.T0.13-61-j26-3.9.H,Wolkersdorf Schleife,0,
13-61-j26-3,T0#25,58.T0.13-61-j26-3.3.H,"Schwabach, Schwabach Bf.",0,
13-61-j26-3,T0#25,59.T0.13-61-j26-3.9.H,Wolkersdorf Schleife,0,
13-61-j26-3,T0#25,6.T0.13-61-j26-3.9.H,Wolkersdorf Schleife,0,
13-61-j26-3,T0#25,60.T0.13-61-j26-3.3.H,"Schwabach, Schwabach Bf.",0,
13-61-j26-3,T0#25,61.T0.13-61-j26-3.9.H,Wolkersdorf Schleife,0,
13-61-j26-3,T0#25,62.T0.13-61-j26-3.3.H,"Schwabach, Schwabach Bf.",0,
13-61-j26-3,T0#25,63.T0.13-61-j26-3.9.H,Wolkersdorf Schleife,0,
13-61-j26-3,T0#25,64.T0.13-61-j26-3.3.H,"Schwabach, Schwabach Bf.",0,
13-61-j26-3,T0#25,65.T0.13-61-j26-3.9.H,Wolkersdorf Schleife,0,
13-61-j26-3,T0#25,66.T0.13-61-j26-3.9.H,Wolkersdorf Schleife,0,
13-61-j26-3,T0#25,67.T0.13-61-j26-3.4.H,Nürnberg Holzheim Schleife,0,
13-61-j26-3,T0#25,68.T0.13-61-j26-3.3.H,"Schwabach, Schwabach Bf.",0,
13-61-j26-3,T0#25,69.T0.13-61-j26-3.4.H,Nürnberg Holzheim Schleife,0,
13-61-j26-3,T0#25,7.T0.13-61-j26-3.3.H,"Schwabach, Schwabach Bf.",0,
13-61-j26-3,T0#25,70.T0.13-61-j26-3.3.H,"Schwabach, Schwabach Bf.",0,
13-61-j26-3,T0#25,71.T0.13-61-j26-3.4.H,Nürnberg Holzheim Schleife,0,
13-61-j26-3,T0#25,72.T0.13-61-j26-3.3.H,"Schwabach, Schwabach Bf.",0,
13-61-j26-3,T0#25,73.T0.13-61-j26-3.4.H,Nürnberg Holzheim Schleife,0,
13-61-j26-3,T0#25,74.T0.13-61-j26-3.3.H,"Schwabach, Schwabach Bf.",0,
13-61-j26-3,T0#25,75.T0.13-61-j26-3.3.H,"Schwabach, Schwabach Bf.",0,
13-61-j26-3,T0#25,76.T0.13-61-j26-3.3.H,"Schwabach, Schwabach Bf.",0,
13-61-j26-3,T0#25,77.T0.13-61-j26-3.3.H,"Schwabach, Schwabach Bf.",0,
13-61-j26-3,T0#25,78.T0.13-61-j26-3.3.H,"Schwabach, Schwabach Bf.",0,
13-61-j26-3,T0#25,79.T0.13-61-j26-3.9.H,Wolkersdorf Schleife,0,
13-61-j26-3,T0#25,80.T0.13-61-j26-3.4.H,Nürnberg Holzheim Schleife,0,
13-61-j26-3,T0#25,81.T0.13-61-j26-3.15.R,Nürnberg Röthenbach,1,
13-61-j26-3,T0#25,82.T0.13-61-j26-3.16.R,Nürnberg Röthenbach,1,
13-61-j26-3,T0#25,83.T0.13-61-j26-3.17.R,Nürnberg Röthenbach,1,
13-61-j26-3,T0#25,84.T0.13-61-j26-3.5.R,Nürnberg Röthenbach,1,
13-61-j26-3,T0#25,85.T0.13-61-j26-3.7.R,Nürnberg Röthenbach,1,
13-61-j26-3,T0#25,86.T0.13-61-j26-3.7.R,Nürnberg Röthenbach,1,
13-61-j26-3,T0#25,87.T0.13-61-j26-3.7.R,Nürnberg Röthenbach,1,
13-61-j26-3,T0#25,88.T0.13-61-j26-3.16.R,Nürnberg Röthenbach,1,
13-61-j26-3,T0#25,89.T0.13-61-j26-3.7.R,Nürnberg Röthenbach,1,
13-61-j26-3,T0+01#9,9.T0.13-61-j26-3.10.H,"Schwabach, Schwabach Bf.",0,
13-61-j26-3,T0#25,90.T0.13-61-j26-3.16.R,Nürnberg Röthenbach,1,
13-61-j26-3,T0#25,91.T0.13-61-j26-3.7.R,Nürnberg Röthenbach,1,
13-61-j26-3,T0#25,92.T0.13-61-j26-3.16.R,Nürnberg Röthenbach,1,
13-61-j26-3,T0#25,93.T0.13-61-j26-3.7.R,Nürnberg Röthenbach,1,
13-61-j26-3,T0#25,94.T0.13-61-j26-3.16.R,Nürnberg Röthenbach,1,
13-61-j26-3,T0#25,95.T0.13-61-j26-3.7.R,Nürnberg Röthenbach,1,
13-61-j26-3,T0#25,96.T0.13-61-j26-3.16.R,Nürnberg Röthenbach,1,
13-61-j26-3,T0+01#9,98.T0.13-61-j26-3.18.R,Nürnberg Röthenbach,1,
13-61-j26-3,T0#25,99.T0.13-61-j26-3.16.R,Nürnberg Röthenbach,1,
13-62-j26-2,T0#21,1.T0.13-62-j26-2.8.H,Nürnb. Kornburg Schleife,0,
13-62-j26-2,T0#21,10.T0.13-62-j26-2.9.H,Nürnb. Kornburg Schleife,0,
13-62-j26-2,T0#21,100.T0.13-62-j26-2.13.R,Nürnberg Röthenbach,1,
13-62-j26-2,T0#21,101.T0.13-62-j26-2.13.R,Nürnberg Röthenbach,1,
13-62-j26-2,T0#21,102.T0.13-62-j26-2.13.R,Nürnberg Röthenbach,1,
13-62-j26-2,T0#21,103.T0.13-62-j26-2.13.R,Nürnberg Röthenbach,1,
13-62-j26-2,T0#21,104.T0.13-62-j26-2.13.R,Nürnberg Röthenbach,1,
13-62-j26-2,T0#21,105.T0.13-62-j26-2.13.R,Nürnberg Röthenbach,1,
13-62-j26-2,T0#21,106.T0.13-62-j26-2.14.R,Nürnberg Röthenbach,1,
13-62-j26-2,T0#21,107.T0.13-62-j26-2.13.R,Nürnberg Röthenbach,1,
13-62-j26-2,T0#21,108.T0.13-62-j26-2.13.R,Nürnberg Röthenbach,1,
13-62-j26-2,T0#21,109.T0.13-62-j26-2.13.R,Nürnberg Röthenbach,1,
13-62-j26-2,T0#21,11.T0.13-62-j26-2.9.H,Nürnb. Kornburg Schleife,0,
13-62-j26-2,T0#21,110.T0.13-62-j26-2.13.R,Nürnberg Röthenbach,1,
13-62-j26-2,T0#21,111.T0.13-62-j26-2.12.R,Nürnberg Röthenbach,1,
13-62-j26-2,T0#21,112.T0.13-62-j26-2.13.R,Nürnberg Röthenbach,1,
13-62-j26-2,T0#21,113.T0.13-62-j26-2.12.R,Nürnberg Röthenbach,1,
13-62-j26-2,T0#21,114.T0.13-62-j26-2.13.R,Nürnberg Röthenbach,1,
13-62-j26-2,T0#21,115.T0.13-62-j26-2.12.R,Nürnberg Röthenbach,1,
13-62-j26-2,T0#21,116.T0.13-62-j26-2.13.R,Nürnberg Röthenbach,1,
13-62-j26-2,T0#21,117.T0.13-62-j26-2.12.R,Nürnberg Röthenbach,1,
13-62-j26-2,T0#21,118.T0.13-62-j26-2.13.R,Nürnberg Röthenbach,1,
13-62-j26-2,T0#21,119.T0.13-62-j26-2.12.R,Nürnberg Röthenbach,1,
13-62-j26-2,T0#21,12.T0.13-62-j26-2.9.H,Nürnb. Kornburg Schleife,0,
13-62-j26-2,T0#21,120.T0.13-62-j26-2.13.R,Nürnberg Röthenbach,1,
13-62-j26-2,T0#21,121.T0.13-62-j26-2.12.R,Nürnberg Röthenbach,1,
13-62-j26-2,T0#21,122.T0.13-62-j26-2.13.R,Nürnberg Röthenbach,1,
13-62-j26-2,T0#21,123.T0.13-62-j26-2.12.R,Nürnberg Röthenbach,1,
13-62-j26-2,T0#21,124.T0.13-62-j26-2.13.R,Nürnberg Röthenbach,1,
13-62-j26-2,T0#21,125.T0.13-62-j26-2.13.R,Nürnberg Röthenbach,1,
13-62-j26-2,T0#21,126.T0.13-62-j26-2.13.R,Nürnberg Röthenbach,1,
13-62-j26-2,T0#21,127.T0.13-62-j26-2.13.R,Nürnberg Röthenbach,1,
13-62-j26-2,T0#21,128.T0.13-62-j26-2.13.R,Nürnberg Röthenbach,1,
13-62-j26-2,T0#21,129.T0.13-62-j26-2.13.R,Nürnberg Röthenbach,1,
13-62-j26-2,T0#21,13.T0.13-62-j26-2.9.H,Nürnb. Kornburg Schleife,0,
13-62-j26-2,T0#21,130.T0.13-62-j26-2.13.R,Nürnberg Röthenbach,1,
13-62-j26-2,T0#21,131.T0.13-62-j26-2.13.R,Nürnberg Röthenbach,1,
13-62-j26-2,T0#21,132.T0.13-62-j26-2.13.R,Nürnberg Röthenbach,1,
13-62-j26-2,T0#21,133.T0.13-62-j26-2.13.R,Nürnberg Röthenbach,1,
13-62-j26-2,T0#21,134.T0.13-62-j26-2.13.R,Nürnberg Röthenbach,1,
13-62-j26-2,T0#21,135.T0.13-62-j26-2.13.R,Nürnberg Röthenbach,1,
13-62-j26-2,T0#21,136.T0.13-62-j26-2.13.R,Nürnberg Röthenbach,1,
13-62-j26-2,T0#21,137.T0.13-62-j26-2.13.R,Nürnberg Röthenbach,1,
13-62-j26-2,T0#21,138.T0.13-62-j26-2.13.R,Nürnberg Röthenbach,1,
13-62-j26-2,T0#21,14.T0.13-62-j26-2.10.H,Nürnberg Katzwang Süd,0,
13-62-j26-2,T0#21,15.T0.13-62-j26-2.9.H,Nürnb. Kornburg Schleife,0,
13-62-j26-2,T0#21,16.T0.13-62-j26-2.11.H,Nürnberg Katzwang Süd,0,
13-62-j26-2,T0#21,17.T0.13-62-j26-2.9.H,Nürnb. Kornburg Schleife,0,
13-62-j26-2,T0#21,18.T0.13-62-j26-2.9.H,Nürnb. Kornburg Schleife,0,
13-62-j26-2,T0#21,19.T0.13-62-j26-2.9.H,Nürnb. Kornburg Schleife,0,
13-62-j26-2,T0#21,2.T0.13-62-j26-2.9.H,Nürnb. Kornburg Schleife,0,
13-62-j26-2,T0#21,20.T0.13-62-j26-2.9.H,Nürnb. Kornburg Schleife,0,
13-62-j26-2,T0#21,21.T0.13-62-j26-2.9.H,Nürnb. Kornburg Schleife,0,
13-62-j26-2,T0#21,22.T0.13-62-j26-2.9.H,Nürnb. Kornburg Schleife,0,
13-62-j26-2,T0#21,23.T0.13-62-j26-2.9.H,Nürnb. Kornburg Schleife,0,
13-62-j26-2,T0#21,24.T0.13-62-j26-2.9.H,Nürnb. Kornburg Schleife,0,
13-62-j26-2,T0#21,25.T0.13-62-j26-2.9.H,Nürnb. Kornburg Schleife,0,
13-62-j26-2,T0#21,26.T0.13-62-j26-2.9.H,Nürnb. Kornburg Schleife,0,
13-62-j26-2,T0#21,27.T0.13-62-j26-2.9.H,Nürnb. Kornburg Schleife,0,
13-62-j26-2,T0#21,28.T0.13-62-j26-2.9.H,Nürnb. Kornburg Schleife,0,
13-62-j26-2,T0#21,29.T0.13-62-j26-2.9.H,Nürnb. Kornburg Schleife,0,
13-62-j26-2,T0#21,3.T0.13-62-j26-2.9.H,Nürnb. Kornburg Schleife,0,
13-62-j26-2,T0#21,30.T0.13-62-j26-2.9.H,Nürnb. Kornburg Schleife,0,
13-62-j26-2,T0#21,31.T0.13-62-j26-2.9.H,Nürnb. Kornburg Schleife,0,
13-62-j26-2,T0#21,32.T0.13-62-j26-2.9.H,Nürnb. Kornburg Schleife,0,
13-62-j26-2,T0#21,33.T0.13-62-j26-2.9.H,Nürnb. Kornburg Schleife,0,
13-62-j26-2,T0#21,34.T0.13-62-j26-2.11.H,Nürnberg Katzwang Süd,0,
13-62-j26-2,T0#21,35.T0.13-62-j26-2.9.H,Nürnb. Kornburg Schleife,0,
13-62-j26-2,T0#21,36.T0.13-62-j26-2.9.H,Nürnb. Kornburg Schleife,0,
13-62-j26-2,T0#21,37.T0.13-62-j26-2.9.H,Nürnb. Kornburg Schleife,0,
13-62-j26-2,T0#21,38.T0.13-62-j26-2.9.H,Nürnb. Kornburg Schleife,0,
13-62-j26-2,T0#21,39.T0.13-62-j26-2.9.H,Nürnb. Kornburg Schleife,0,
13-62-j26-2,T0#21,4.T0.13-62-j26-2.9.H,Nürnb. Kornburg Schleife,0,
13-62-j26-2,T0#21,40.T0.13-62-j26-2.11.H,Nürnberg Katzwang Süd,0,
13-62-j26-2,T0#21,41.T0.13-62-j26-2.9.H,Nürnb. Kornburg Schleife,0,
13-62-j26-2,T0#21,42.T0.13-62-j26-2.11.H,Nürnberg Katzwang Süd,0,
13-62-j26-2,T0#21,43.T0.13-62-j26-2.9.H,Nürnb. Kornburg Schleife,0,
13-62-j26-2,T0#21,44.T0.13-62-j26-2.11.H,Nürnberg Katzwang Süd,0,
13-62-j26-2,T0#21,45.T0.13-62-j26-2.9.H,Nürnb. Kornburg Schleife,0,
13-62-j26-2,T0#21,46.T0.13-62-j26-2.11.H,Nürnberg Katzwang Süd,0,
13-62-j26-2,T0#21,47.T0.13-62-j26-2.9.H,Nürnb. Kornburg Schleife,0,
13-62-j26-2,T0#21,48.T0.13-62-j26-2.11.H,Nürnberg Katzwang Süd,0,
13-62-j26-2,T0#21,49.T0.13-62-j26-2.9.H,Nürnb. Kornburg Schleife,0,
13-62-j26-2,T0#21,5.T0.13-62-j26-2.9.H,Nürnb. Kornburg Schleife,0,
13-62-j26-2,T0#21,50.T0.13-62-j26-2.11.H,Nürnberg Katzwang Süd,0,
13-62-j26-2,T0#21,51.T0.13-62-j26-2.9.H,Nürnb. Kornburg Schleife,0,
13-62-j26-2,T0#21,52.T0.13-62-j26-2.11.H,Nürnberg Katzwang Süd,0,
13-62-j26-2,T0#21,53.T0.13-62-j26-2.9.H,Nürnb. Kornburg Schleife,0,
13-62-j26-2,T0#21,54.T0.13-62-j26-2.11.H,Nürnberg Katzwang Süd,0,
13-62-j26-2,T0#21,55.T0.13-62-j26-2.9.H,Nürnb. Kornburg Schleife,0,
13-62-j26-2,T0#21,56.T0.13-62-j26-2.9.H,Nürnb. Kornburg Schleife,0,
13-62-j26-2,T0#21,57.T0.13-62-j26-2.9.H,Nürnb. Kornburg Schleife,0,
13-62-j26-2,T0#21,58.T0.13-62-j26-2.9.H,Nürnb. Kornburg Schleife,0,
13-62-j26-2,T0#21,59.T0.13-62-j26-2.9.H,Nürnb. Kornburg Schleife,0,
13-62-j26-2,T0#21,6.T0.13-62-j26-2.9.H,Nürnb. Kornburg Schleife,0,
13-62-j26-2,T0#21,60.T0.13-62-j26-2.9.H,Nürnb. Kornburg Schleife,0,
13-62-j26-2,T0#21,61.T0.13-62-j26-2.9.H,Nürnb. Kornburg Schleife,0,
13-62-j26-2,T0#21,62.T0.13-62-j26-2.9.H,Nürnb. Kornburg Schleife,0,
13-62-j26-2,T0#21,63.T0.13-62-j26-2.9.H,Nürnb. Kornburg Schleife,0,
13-62-j26-2,T0#21,64.T0.13-62-j26-2.9.H,Nürnb. Kornburg Schleife,0,
13-62-j26-2,T0#21,65.T0.13-62-j26-2.9.H,Nürnb. Kornburg Schleife,0,
13-62-j26-2,T0#21,66.T0.13-62-j26-2.9.H,Nürnb. Kornburg Schleife,0,
13-62-j26-2,T0#21,67.T0.13-62-j26-2.9.H,Nürnb. Kornburg Schleife,0,
13-62-j26-2,T0#21,68.T0.13-62-j26-2.9.H,Nürnb. Kornburg Schleife,0,
13-62-j26-2,T0#21,69.T0.13-62-j26-2.9.H,Nürnb. Kornburg Schleife,0,
13-62-j26-2,T0#21,7.T0.13-62-j26-2.9.H,Nürnb. Kornburg Schleife,0,
13-62-j26-2,T0#21,70.T0.13-62-j26-2.12.R,Nürnberg Röthenbach,1,
13-62-j26-2,T0#21,71.T0.13-62-j26-2.13.R,Nürnberg Röthenbach,1,
13-62-j26-2,T0#21,72.T0.13-62-j26-2.13.R,Nürnberg Röthenbach,1,
13-62-j26-2,T0#21,73.T0.13-62-j26-2.13.R,Nürnberg Röthenbach,1,
13-62-j26-2,T0#21,74.T0.13-62-j26-2.13.R,Nürnberg Röthenbach,1,
13-62-j26-2,T0#21,75.T0.13-62-j26-2.12.R,Nürnberg Röthenbach,1,
13-62-j26-2,T0#21,76.T0.13-62-j26-2.13.R,Nürnberg Röthenbach,1,
13-62-j26-2,T0#21,77.T0.13-62-j26-2.13.R,Nürnberg Röthenbach,1,
13-62-j26-2,T0#21,78.T0.13-62-j26-2.13.R,Nürnberg Röthenbach,1,
13-62-j26-2,T0#21,79.T0.13-62-j26-2.13.R,Nürnberg Röthenbach,1,
13-62-j26-2,T0#21,8.T0.13-62-j26-2.9.H,Nürnb. Kornburg Schleife,0,
13-62-j26-2,T0#21,80.T0.13-62-j26-2.13.R,Nürnberg Röthenbach,1,
13-62-j26-2,T0#21,81.T0.13-62-j26-2.13.R,Nürnberg Röthenbach,1,
13-62-j26-2,T0#21,82.T0.13-62-j26-2.13.R,Nürnberg Röthenbach,1,
13-62-j26-2,T0#21,83.T0.13-62-j26-2.13.R,Nürnberg Röthenbach,1,
13-62-j26-2,T0#21,84.T0.13-62-j26-2.13.R,Nürnberg Röthenbach,1,
13-62-j26-2,T0#21,85.T0.13-62-j26-2.13.R,Nürnberg Röthenbach,1,
13-62-j26-2,T0#21,86.T0.13-62-j26-2.13.R,Nürnberg Röthenbach,1,
13-62-j26-2,T0#21,87.T0.13-62-j26-2.12.R,Nürnberg Röthenbach,1,
13-62-j26-2,T0#21,88.T0.13-62-j26-2.13.R,Nürnberg Röthenbach,1,
13-62-j26-2,T0#21,89.T0.13-62-j26-2.12.R,Nürnberg Röthenbach,1,
13-62-j26-2,T0#21,9.T0.13-62-j26-2.9.H,Nürnb. Kornburg Schleife,0,
13-62-j26-2,T0#21,90.T0.13-62-j26-2.13.R,Nürnberg Röthenbach,1,
13-62-j26-2,T0#21,91.T0.13-62-j26-2.13.R,Nürnberg Röthenbach,1,
13-62-j26-2,T0#21,92.T0.13-62-j26-2.13.R,Nürnberg Röthenbach,1,
13-62-j26-2,T0#21,93.T0.13-62-j26-2.13.R,Nürnberg Röthenbach,1,
13-62-j26-2,T0#21,94.T0.13-62-j26-2.13.R,Nürnberg Röthenbach,1,
13-62-j26-2,T0#21,95.T0.13-62-j26-2.13.R,Nürnberg Röthenbach,1,
13-62-j26-2,T0#21,96.T0.13-62-j26-2.13.R,Nürnberg Röthenbach,1,
13-62-j26-2,T0#21,97.T0.13-62-j26-2.13.R,Nürnberg Röthenbach,1,
13-62-j26-2,T0#21,98.T0.13-62-j26-2.13.R,Nürnberg Röthenbach,1,
13-62-j26-2,T0#21,99.T0.13-62-j26-2.13.R,Nürnberg Röthenbach,1,
13-65-j26-1,T0#6,1.T0.13-65-j26-1.1.H,"Nürnberg, Nordostbahnhof",0,
13-65-j26-1,T0#6,10.T0.13-65-j26-1.2.H,"Nürnberg, Nordostbahnhof",0,
13-65-j26-1,T0#6,100.T0.13-65-j26-1.8.R,Nürnberg Röthenbach,1,
13-65-j26-1,T0#6,101.T0.13-65-j26-1.8.R,Nürnberg Röthenbach,1,
13-65-j26-1,T0#6,102.T0.13-65-j26-1.8.R,Nürnberg Röthenbach,1,
13-65-j26-1,T0#6,103.T0.13-65-j26-1.8.R,Nürnberg Röthenbach,1,
13-65-j26-1,T0#6,104.T0.13-65-j26-1.8.R,Nürnberg Röthenbach,1,
13-65-j26-1,T0#6,105.T0.13-65-j26-1.8.R,Nürnberg Röthenbach,1,
13-65-j26-1,T0#6,106.T0.13-65-j26-1.8.R,Nürnberg Röthenbach,1,
13-65-j26-1,T0#6,107.T0.13-65-j26-1.8.R,Nürnberg Röthenbach,1,
13-65-j26-1,T0#6,108.T0.13-65-j26-1.8.R,Nürnberg Röthenbach,1,
13-65-j26-1,T0#6,109.T0.13-65-j26-1.8.R,Nürnberg Röthenbach,1,
13-65-j26-1,T0#6,11.T0.13-65-j26-1.2.H,"Nürnberg, Nordostbahnhof",0,
13-65-j26-1,T0#6,110.T0.13-65-j26-1.8.R,Nürnberg Röthenbach,1,
13-65-j26-1,T0#6,111.T0.13-65-j26-1.8.R,Nürnberg Röthenbach,1,
13-65-j26-1,T0#6,112.T0.13-65-j26-1.8.R,Nürnberg Röthenbach,1,
13-65-j26-1,T0#6,113.T0.13-65-j26-1.8.R,Nürnberg Röthenbach,1,
13-65-j26-1,T0#6,114.T0.13-65-j26-1.8.R,Nürnberg Röthenbach,1,
13-65-j26-1,T0#6,115.T0.13-65-j26-1.8.R,Nürnberg Röthenbach,1,
13-65-j26-1,T0#6,116.T0.13-65-j26-1.8.R,Nürnberg Röthenbach,1,
13-65-j26-1,T0#6,117.T0.13-65-j26-1.8.R,Nürnberg Röthenbach,1,
13-65-j26-1,T0#6,118.T0.13-65-j26-1.8.R,Nürnberg Röthenbach,1,
13-65-j26-1,T0#6,119.T0.13-65-j26-1.8.R,Nürnberg Röthenbach,1,
13-65-j26-1,T0#6,12.T0.13-65-j26-1.2.H,"Nürnberg, Nordostbahnhof",0,
13-65-j26-1,T0#6,120.T0.13-65-j26-1.8.R,Nürnberg Röthenbach,1,
13-65-j26-1,T0#6,121.T0.13-65-j26-1.8.R,Nürnberg Röthenbach,1,
13-65-j26-1,T0#6,122.T0.13-65-j26-1.8.R,Nürnberg Röthenbach,1,
13-65-j26-1,T0#6,123.T0.13-65-j26-1.8.R,Nürnberg Röthenbach,1,
13-65-j26-1,T0#6,124.T0.13-65-j26-1.8.R,Nürnberg Röthenbach,1,
13-65-j26-1,T0#6,125.T0.13-65-j26-1.8.R,Nürnberg Röthenbach,1,
13-65-j26-1,T0#6,126.T0.13-65-j26-1.8.R,Nürnberg Röthenbach,1,
13-65-j26-1,T0#6,127.T0.13-65-j26-1.8.R,Nürnberg Röthenbach,1,
13-65-j26-1,T0#6,128.T0.13-65-j26-1.8.R,Nürnberg Röthenbach,1,
13-65-j26-1,T0#6,129.T0.13-65-j26-1.8.R,Nürnberg Röthenbach,1,
13-65-j26-1,T0#6,13.T0.13-65-j26-1.2.H,"Nürnberg, Nordostbahnhof",0,
13-65-j26-1,T0#6,130.T0.13-65-j26-1.8.R,Nürnberg Röthenbach,1,
13-65-j26-1,T0#6,131.T0.13-65-j26-1.8.R,Nürnberg Röthenbach,1,
13-65-j26-1,T0#6,132.T0.13-65-j26-1.8.R,Nürnberg Röthenbach,1,
13-65-j26-1,T0#6,133.T0.13-65-j26-1.8.R,Nürnberg Röthenbach,1,
13-65-j26-1,T0#6,134.T0.13-65-j26-1.8.R,Nürnberg Röthenbach,1,
13-65-j26-1,T0#6,135.T0.13-65-j26-1.8.R,Nürnberg Röthenbach,1,
13-65-j26-1,T0#6,136.T0.13-65-j26-1.8.R,Nürnberg Röthenbach,1,
13-65-j26-1,T0#6,137.T0.13-65-j26-1.8.R,Nürnberg Röthenbach,1,
13-65-j26-1,T0#6,138.T0.13-65-j26-1.8.R,Nürnberg Röthenbach,1,
13-65-j26-1,T0#6,139.T0.13-65-j26-1.8.R,Nürnberg Röthenbach,1,
13-65-j26-1,T0#6,14.T0.13-65-j26-1.2.H,"Nürnberg, Nordostbahnhof",0,
13-65-j26-1,T0#6,140.T0.13-65-j26-1.8.R,Nürnberg Röthenbach,1,
13-65-j26-1,T0#6,141.T0.13-65-j26-1.8.R,Nürnberg Röthenbach,1,
13-65-j26-1,T0#6,142.T0.13-65-j26-1.8.R,Nürnberg Röthenbach,1,
13-65-j26-1,T0#6,143.T0.13-65-j26-1.8.R,Nürnberg Röthenbach,1,
13-65-j26-1,T0#6,144.T0.13-65-j26-1.8.R,Nürnberg Röthenbach,1,
13-65-j26-1,T0#6,145.T0.13-65-j26-1.8.R,Nürnberg Röthenbach,1,
13-65-j26-1,T0#6,146.T0.13-65-j26-1.8.R,Nürnberg Röthenbach,1,
13-65-j26-1,T0#6,147.T0.13-65-j26-1.8.R,Nürnberg Röthenbach,1,
13-65-j26-1,T0#6,148.T0.13-65-j26-1.8.R,Nürnberg Röthenbach,1,
13-65-j26-1,T0+01,149.T0.13-65-j26-1.6.R,Nürnberg Röthenbach,1,
13-65-j26-1,T0#6,15.T0.13-65-j26-1.2.H,"Nürnberg, Nordostbahnhof",0,
13-65-j26-1,T0#6,150.T0.13-65-j26-1.8.R,Nürnberg Röthenbach,1,
13-65-j26-1,T0#6,151.T0.13-65-j26-1.8.R,Nürnberg Röthenbach,1,
13-65-j26-1,T0#6,152.T0.13-65-j26-1.8.R,Nürnberg Röthenbach,1,
13-65-j26-1,T0#6,153.T0.13-65-j26-1.8.R,Nürnberg Röthenbach,1,
13-65-j26-1,T0#6,154.T0.13-65-j26-1.8.R,Nürnberg Röthenbach,1,
13-65-j26-1,T0#6,155.T0.13-65-j26-1.8.R,Nürnberg Röthenbach,1,
13-65-j26-1,T0#6,156.T0.13-65-j26-1.8.R,Nürnberg Röthenbach,1,
13-65-j26-1,T0#6,157.T0.13-65-j26-1.8.R,Nürnberg Röthenbach,1,
13-65-j26-1,T0#6,158.T0.13-65-j26-1.8.R,Nürnberg Röthenbach,1,
13-65-j26-1,T0#6,159.T0.13-65-j26-1.8.R,Nürnberg Röthenbach,1,
13-65-j26-1,T0#6,16.T0.13-65-j26-1.2.H,"Nürnberg, Nordostbahnhof",0,
13-65-j26-1,T0#6,160.T0.13-65-j26-1.8.R,Nürnberg Röthenbach,1,
13-65-j26-1,T0#6,161.T0.13-65-j26-1.8.R,Nürnberg Röthenbach,1,
13-65-j26-1,T0#6,162.T0.13-65-j26-1.8.R,Nürnberg Röthenbach,1,
13-65-j26-1,T0#6,163.T0.13-65-j26-1.8.R,Nürnberg Röthenbach,1,
13-65-j26-1,T0#6,164.T0.13-65-j26-1.8.R,Nürnberg Röthenbach,1,
13-65-j26-1,T0#6,165.T0.13-65-j26-1.8.R,Nürnberg Röthenbach,1,
13-65-j26-1,T0#6,166.T0.13-65-j26-1.8.R,Nürnberg Röthenbach,1,
13-65-j26-1,T0#6,167.T0.13-65-j26-1.8.R,Nürnberg Röthenbach,1,
13-65-j26-1,T0#6,168.T0.13-65-j26-1.8.R,Nürnberg Röthenbach,1,
13-65-j26-1,T0#6,169.T0.13-65-j26-1.8.R,Nürnberg Röthenbach,1,
13-65-j26-1,T0#6,17.T0.13-65-j26-1.2.H,"Nürnberg, Nordostbahnhof",0,
13-65-j26-1,T0#6,170.T0.13-65-j26-1.8.R,Nürnberg Röthenbach,1,
13-65-j26-1,T0#6,171.T0.13-65-j26-1.8.R,Nürnberg Röthenbach,1,
13-65-j26-1,T0#6,172.T0.13-65-j26-1.8.R,Nürnberg Röthenbach,1,
13-65-j26-1,T0#6,173.T0.13-65-j26-1.8.R,Nürnberg Röthenbach,1,
13-65-j26-1,T0#6,174.T0.13-65-j26-1.8.R,Nürnberg Röthenbach,1,
13-65-j26-1,T0#6,175.T0.13-65-j26-1.8.R,Nürnberg Röthenbach,1,
13-65-j26-1,T0#6,176.T0.13-65-j26-1.8.R,Nürnberg Röthenbach,1,
13-65-j26-1,T0#6,177.T0.13-65-j26-1.8.R,Nürnberg Röthenbach,1,
13-65-j26-1,T0#6,178.T0.13-65-j26-1.8.R,Nürnberg Röthenbach,1,
13-65-j26-1,T0#6,179.T0.13-65-j26-1.8.R,Nürnberg Röthenbach,1,
13-65-j26-1,T0#6,18.T0.13-65-j26-1.2.H,"Nürnberg, Nordostbahnhof",0,
13-65-j26-1,T0#6,180.T0.13-65-j26-1.8.R,Nürnberg Röthenbach,1,
13-65-j26-1,T0#6,181.T0.13-65-j26-1.8.R,Nürnberg Röthenbach,1,
13-65-j26-1,T0#6,182.T0.13-65-j26-1.8.R,Nürnberg Röthenbach,1,
13-65-j26-1,T0#6,183.T0.13-65-j26-1.8.R,Nürnberg Röthenbach,1,
13-65-j26-1,T0#6,184.T0.13-65-j26-1.8.R,Nürnberg Röthenbach,1,
13-65-j26-1,T0#6,185.T0.13-65-j26-1.8.R,Nürnberg Röthenbach,1,
13-65-j26-1,T0#6,186.T0.13-65-j26-1.8.R,Nürnberg Röthenbach,1,
13-65-j26-1,T0#6,187.T0.13-65-j26-1.8.R,Nürnberg Röthenbach,1,
13-65-j26-1,T0#6,188.T0.13-65-j26-1.8.R,Nürnberg Röthenbach,1,
13-65-j26-1,T0#6,189.T0.13-65-j26-1.8.R,Nürnberg Röthenbach,1,
13-65-j26-1,T0#6,19.T0.13-65-j26-1.2.H,"Nürnberg, Nordostbahnhof",0,
13-65-j26-1,T0#6,190.T0.13-65-j26-1.8.R,Nürnberg Röthenbach,1,
13-65-j26-1,T0#6,191.T0.13-65-j26-1.8.R,Nürnberg Röthenbach,1,
13-65-j26-1,T0#6,192.T0.13-65-j26-1.8.R,Nürnberg Röthenbach,1,
13-65-j26-1,T0#6,193.T0.13-65-j26-1.8.R,Nürnberg Röthenbach,1,
13-65-j26-1,T0#6,194.T0.13-65-j26-1.8.R,Nürnberg Röthenbach,1,
13-65-j26-1,T0#6,195.T0.13-65-j26-1.8.R,Nürnberg Röthenbach,1,
13-65-j26-1,T0#6,196.T0.13-65-j26-1.8.R,Nürnberg Röthenbach,1,
13-65-j26-1,T0#6,197.T0.13-65-j26-1.8.R,Nürnberg Röthenbach,1,
13-65-j26-1,T0#6,198.T0.13-65-j26-1.8.R,Nürnberg Röthenbach,1,
13-65-j26-1,T0#6,199.T0.13-65-j26-1.8.R,Nürnberg Röthenbach,1,
13-65-j26-1,T0#6,2.T0.13-65-j26-1.2.H,"Nürnberg, Nordostbahnhof",0,
13-65-j26-1,T0#6,20.T0.13-65-j26-1.2.H,"Nürnberg, Nordostbahnhof",0,
13-65-j26-1,T0#6,21.T0.13-65-j26-1.2.H,"Nürnberg, Nordostbahnhof",0,
13-65-j26-1,T0#6,22.T0.13-65-j26-1.2.H,"Nürnberg, Nordostbahnhof",0,
13-65-j26-1,T0#6,23.T0.13-65-j26-1.2.H,"Nürnberg, Nordostbahnhof",0,
13-65-j26-1,T0#6,24.T0.13-65-j26-1.2.H,"Nürnberg, Nordostbahnhof",0,
13-65-j26-1,T0#6,25.T0.13-65-j26-1.2.H,"Nürnberg, Nordostbahnhof",0,
13-65-j26-1,T0#6,26.T0.13-65-j26-1.2.H,"Nürnberg, Nordostbahnhof",0,
13-65-j26-1,T0#6,27.T0.13-65-j26-1.2.H,"Nürnberg, Nordostbahnhof",0,
13-65-j26-1,T0#6,28.T0.13-65-j26-1.2.H,"Nürnberg, Nordostbahnhof",0,
13-65-j26-1,T0#6,29.T0.13-65-j26-1.2.H,"Nürnberg, Nordostbahnhof",0,
13-65-j26-1,T0#6,3.T0.13-65-j26-1.2.H,"Nürnberg, Nordostbahnhof",0,
13-65-j26-1,T0#6,30.T0.13-65-j26-1.2.H,"Nürnberg, Nordostbahnhof",0,
13-65-j26-1,T0#6,31.T0.13-65-j26-1.2.H,"Nürnberg, Nordostbahnhof",0,
13-65-j26-1,T0#6,32.T0.13-65-j26-1.2.H,"Nürnberg, Nordostbahnhof",0,
13-65-j26-1,T0#6,33.T0.13-65-j26-1.2.H,"Nürnberg, Nordostbahnhof",0,
13-65-j26-1,T0#6,34.T0.13-65-j26-1.2.H,"Nürnberg, Nordostbahnhof",0,
13-65-j26-1,T0#6,35.T0.13-65-j26-1.2.H,"Nürnberg, Nordostbahnhof",0,
13-65-j26-1,T0#6,36.T0.13-65-j26-1.2.H,"Nürnberg, Nordostbahnhof",0,
13-65-j26-1,T0#6,37.T0.13-65-j26-1.2.H,"Nürnberg, Nordostbahnhof",0,
13-65-j26-1,T0#6,38.T0.13-65-j26-1.2.H,"Nürnberg, Nordostbahnhof",0,
13-65-j26-1,T0#6,39.T0.13-65-j26-1.2.H,"Nürnberg, Nordostbahnhof",0,
13-65-j26-1,T0#6,4.T0.13-65-j26-1.2.H,"Nürnberg, Nordostbahnhof",0,
13-65-j26-1,T0#6,40.T0.13-65-j26-1.2.H,"Nürnberg, Nordostbahnhof",0,
13-65-j26-1,T0#6,41.T0.13-65-j26-1.2.H,"Nürnberg, Nordostbahnhof",0,
13-65-j26-1,T0#6,42.T0.13-65-j26-1.2.H,"Nürnberg, Nordostbahnhof",0,
13-65-j26-1,T0#6,43.T0.13-65-j26-1.2.H,"Nürnberg, Nordostbahnhof",0,
13-65-j26-1,T0#6,44.T0.13-65-j26-1.2.H,"Nürnberg, Nordostbahnhof",0,
13-65-j26-1,T0#6,45.T0.13-65-j26-1.2.H,"Nürnberg, Nordostbahnhof",0,
13-65-j26-1,T0#6,46.T0.13-65-j26-1.2.H,"Nürnberg, Nordostbahnhof",0,
13-65-j26-1,T0#6,47.T0.13-65-j26-1.2.H,"Nürnberg, Nordostbahnhof",0,
13-65-j26-1,T0#6,48.T0.13-65-j26-1.2.H,"Nürnberg, Nordostbahnhof",0,
13-65-j26-1,T0#6,49.T0.13-65-j26-1.2.H,"Nürnberg, Nordostbahnhof",0,
13-65-j26-1,T0#6,5.T0.13-65-j26-1.2.H,"Nürnberg, Nordostbahnhof",0,
13-65-j26-1,T0#6,50.T0.13-65-j26-1.2.H,"Nürnberg, Nordostbahnhof",0,
13-65-j26-1,T0#6,51.T0.13-65-j26-1.2.H,"Nürnberg, Nordostbahnhof",0,
13-65-j26-1,T0+01,52.T0.13-65-j26-1.3.H,"Nürnberg, Nordostbahnhof",0,
13-65-j26-1,T0#6,53.T0.13-65-j26-1.2.H,"Nürnberg, Nordostbahnhof",0,
13-65-j26-1,T0#6,54.T0.13-65-j26-1.2.H,"Nürnberg, Nordostbahnhof",0,
13-65-j26-1,T0#6,55.T0.13-65-j26-1.2.H,"Nürnberg, Nordostbahnhof",0,
13-65-j26-1,T0#6,56.T0.13-65-j26-1.2.H,"Nürnberg, Nordostbahnhof",0,
13-65-j26-1,T0#6,57.T0.13-65-j26-1.2.H,"Nürnberg, Nordostbahnhof",0,
13-65-j26-1,T0#6,58.T0.13-65-j26-1.2.H,"Nürnberg, Nordostbahnhof",0,
13-65-j26-1,T0#6,59.T0.13-65-j26-1.2.H,"Nürnberg, Nordostbahnhof",0,
13-65-j26-1,T0#6,6.T0.13-65-j26-1.2.H,"Nürnberg, Nordostbahnhof",0,
13-65-j26-1,T0#6,60.T0.13-65-j26-1.2.H,"Nürnberg, Nordostbahnhof",0,
13-65-j26-1,T0#6,61.T0.13-65-j26-1.2.H,"Nürnberg, Nordostbahnhof",0,
13-65-j26-1,T0#6,62.T0.13-65-j26-1.2.H,"Nürnberg, Nordostbahnhof",0,
13-65-j26-1,T0#6,63.T0.13-65-j26-1.2.H,"Nürnberg, Nordostbahnhof",0,
13-65-j26-1,T0#6,64.T0.13-65-j26-1.2.H,"Nürnberg, Nordostbahnhof",0,
13-65-j26-1,T0#6,65.T0.13-65-j26-1.2.H,"Nürnberg, Nordostbahnhof",0,
13-65-j26-1,T0#6,66.T0.13-65-j26-1.2.H,"Nürnberg, Nordostbahnhof",0,
13-65-j26-1,T0#6,67.T0.13-65-j26-1.2.H,"Nürnberg, Nordostbahnhof",0,
13-65-j26-1,T0#6,68.T0.13-65-j26-1.2.H,"Nürnberg, Nordostbahnhof",0,
13-65-j26-1,T0#6,69.T0.13-65-j26-1.2.H,"Nürnberg, Nordostbahnhof",0,
13-65-j26-1,T0#6,7.T0.13-65-j26-1.2.H,"Nürnberg, Nordostbahnhof",0,
13-65-j26-1,T0#6,70.T0.13-65-j26-1.2.H,"Nürnberg, Nordostbahnhof",0,
13-65-j26-1,T0#6,71.T0.13-65-j26-1.2.H,"Nürnberg, Nordostbahnhof",0,
13-65-j26-1,T0#6,72.T0.13-65-j26-1.2.H,"Nürnberg, Nordostbahnhof",0,
13-65-j26-1,T0#6,73.T0.13-65-j26-1.2.H,"Nürnberg, Nordostbahnhof",0,
13-65-j26-1,T0#6,74.T0.13-65-j26-1.2.H,"Nürnberg, Nordostbahnhof",0,
13-65-j26-1,T0#6,75.T0.13-65-j26-1.2.H,"Nürnberg, Nordostbahnhof",0,
13-65-j26-1,T0#6,76.T0.13-65-j26-1.2.H,"Nürnberg, Nordostbahnhof",0,
13-65-j26-1,T0#6,77.T0.13-65-j26-1.2.H,"Nürnberg, Nordostbahnhof",0,
13-65-j26-1,T0#6,78.T0.13-65-j26-1.2.H,"Nürnberg, Nordostbahnhof",0,
13-65-j26-1,T0#6,79.T0.13-65-j26-1.2.H,"Nürnberg, Nordostbahnhof",0,
13-65-j26-1,T0#6,8.T0.13-65-j26-1.2.H,"Nürnberg, Nordostbahnhof",0,
13-65-j26-1,T0#6,80.T0.13-65-j26-1.2.H,"Nürnberg, Nordostbahnhof",0,
13-65-j26-1,T0#6,81.T0.13-65-j26-1.2.H,"Nürnberg, Nordostbahnhof",0,
13-65-j26-1,T0#6,82.T0.13-65-j26-1.2.H,"Nürnberg, Nordostbahnhof",0,
13-65-j26-1,T0#6,83.T0.13-65-j26-1.2.H,"Nürnberg, Nordostbahnhof",0,
13-65-j26-1,T0#6,84.T0.13-65-j26-1.2.H,"Nürnberg, Nordostbahnhof",0,
13-65-j26-1,T0#6,85.T0.13-65-j26-1.2.H,"Nürnberg, Nordostbahnhof",0,
13-65-j26-1,T0#6,86.T0.13-65-j26-1.2.H,"Nürnberg, Nordostbahnhof",0,
13-65-j26-1,T0#6,87.T0.13-65-j26-1.2.H,"Nürnberg, Nordostbahnhof",0,
13-65-j26-1,T0#6,88.T0.13-65-j26-1.2.H,"Nürnberg, Nordostbahnhof",0,
13-65-j26-1,T0#6,89.T0.13-65-j26-1.2.H,"Nürnberg, Nordostbahnhof",0,
13-65-j26-1,T0#6,9.T0.13-65-j26-1.2.H,"Nürnberg, Nordostbahnhof",0,
13-65-j26-1,T0#6,90.T0.13-65-j26-1.2.H,"Nürnberg, Nordostbahnhof",0,
13-65-j26-1,T0#6,91.T0.13-65-j26-1.2.H,"Nürnberg, Nordostbahnhof",0,
13-65-j26-1,T0#6,92.T0.13-65-j26-1.2.H,"Nürnberg, Nordostbahnhof",0,
13-65-j26-1,T0#6,93.T0.13-65-j26-1.2.H,"Nürnberg, Nordostbahnhof",0,
13-65-j26-1,T0#6,94.T0.13-65-j26-1.2.H,"Nürnberg, Nordostbahnhof",0,
13-65-j26-1,T0#6,95.T0.13-65-j26-1.2.H,"Nürnberg, Nordostbahnhof",0,
13-65-j26-1,T0#6,96.T0.13-65-j26-1.2.H,"Nürnberg, Nordostbahnhof",0,
13-65-j26-1,T0#6,97.T0.13-65-j26-1.2.H,"Nürnberg, Nordostbahnhof",0,
13-65-j26-1,T0#6,98.T0.13-65-j26-1.2.H,"Nürnberg, Nordostbahnhof",0,
13-65-j26-1,T0#6,99.T0.13-65-j26-1.2.H,"Nürnberg, Nordostbahnhof",0,
13-66-j26-1,T0#6,1.T0.13-66-j26-1.1.H,Nürnberg Königshof,0,
13-66-j26-1,T0#6,10.T0.13-66-j26-1.1.H,Nürnberg Königshof,0,
13-66-j26-1,T0#6,100.T0.13-66-j26-1.7.R,Nürnberg Röthenbach,1,
13-66-j26-1,T0#6,101.T0.13-66-j26-1.8.R,Nürnberg Röthenbach,1,25
13-66-j26-1,T0#6,102.T0.13-66-j26-1.7.R,Nürnberg Röthenbach,1,
13-66-j26-1,T0#6,103.T0.13-66-j26-1.8.R,Nürnberg Röthenbach,1,26
13-66-j26-1,T0#6,104.T0.13-66-j26-1.7.R,Nürnberg Röthenbach,1,
13-66-j26-1,T0#6,105.T0.13-66-j26-1.8.R,Nürnberg Röthenbach,1,27
13-66-j26-1,T0#6,106.T0.13-66-j26-1.7.R,Nürnberg Röthenbach,1,
13-66-j26-1,T0#6,107.T0.13-66-j26-1.8.R,Nürnberg Röthenbach,1,28
13-66-j26-1,T0#6,108.T0.13-66-j26-1.7.R,Nürnberg Röthenbach,1,
13-66-j26-1,T0#6,109.T0.13-66-j26-1.8.R,Nürnberg Röthenbach,1,29
13-66-j26-1,T0#6,11.T0.13-66-j26-1.2.H,Nürnberg Pillenreuth,0,8
13-66-j26-1,T0#6,110.T0.13-66-j26-1.7.R,Nürnberg Röthenbach,1,
13-66-j26-1,T0#6,111.T0.13-66-j26-1.8.R,Nürnberg Röthenbach,1,
13-66-j26-1,T0#6,112.T0.13-66-j26-1.7.R,Nürnberg Röthenbach,1,
13-66-j26-1,T0#6,113.T0.13-66-j26-1.7.R,Nürnberg Röthenbach,1,
13-66-j26-1,T0#6,114.T0.13-66-j26-1.7.R,Nürnberg Röthenbach,1,
13-66-j26-1,T0#6,115.T0.13-66-j26-1.7.R,Nürnberg Röthenbach,1,
13-66-j26-1,T0#6,116.T0.13-66-j26-1.7.R,Nürnberg Röthenbach,1,
13-66-j26-1,T0#6,117.T0.13-66-j26-1.7.R,Nürnberg Röthenbach,1,
13-66-j26-1,T0#6,118.T0.13-66-j26-1.7.R,Nürnberg Röthenbach,1,
13-66-j26-1,T0#6,12.T0.13-66-j26-1.1.H,Nürnberg Königshof,0,
13-66-j26-1,T0#6,13.T0.13-66-j26-1.2.H,Nürnberg Pillenreuth,0,9
13-66-j26-1,T0#6,14.T0.13-66-j26-1.1.H,Nürnberg Königshof,0,
13-66-j26-1,T0#6,15.T0.13-66-j26-1.2.H,Nürnberg Pillenreuth,0,10
13-66-j26-1,T0#6,16.T0.13-66-j26-1.1.H,Nürnberg Königshof,0,
13-66-j26-1,T0#6,17.T0.13-66-j26-1.2.H,Nürnberg Pillenreuth,0,11
13-66-j26-1,T0#6,18.T0.13-66-j26-1.1.H,Nürnberg Königshof,0,
13-66-j26-1,T0#6,19.T0.13-66-j26-1.2.H,Nürnberg Pillenreuth,0,12
13-66-j26-1,T0#6,2.T0.13-66-j26-1.2.H,Nürnberg Pillenreuth,0,1
13-66-j26-1,T0#6,20.T0.13-66-j26-1.1.H,Nürnberg Königshof,0,
13-66-j26-1,T0#6,21.T0.13-66-j26-1.2.H,Nürnberg Pillenreuth,0,13
13-66-j26-1,T0#6,22.T0.13-66-j26-1.1.H,Nürnberg Königshof,0,
13-66-j26-1,T0#6,23.T0.13-66-j26-1.2.H,Nürnberg Pillenreuth,0,14
13-66-j26-1,T0#6,24.T0.13-66-j26-1.2.H,Nürnberg Pillenreuth,0,15
13-66-j26-1,T0#6,25.T0.13-66-j26-1.2.H,Nürnberg Pillenreuth,0,16
13-66-j26-1,T0#6,26.T0.13-66-j26-1.2.H,Nürnberg Pillenreuth,0,17
13-66-j26-1,T0#6,27.T0.13-66-j26-1.2.H,Nürnberg Pillenreuth,0,18
13-66-j26-1,T0#6,28.T0.13-66-j26-1.2.H,Nürnberg Pillenreuth,0,19
13-66-j26-1,T0#6,29.T0.13-66-j26-1.2.H,Nürnberg Pillenreuth,0,20
13-66-j26-1,T0#6,3.T0.13-66-j26-1.2.H,Nürnberg Pillenreuth,0,2
13-66-j26-1,T0#6,30.T0.13-66-j26-1.2.H,Nürnberg Pillenreuth,0,21
13-66-j26-1,T0#6,31.T0.13-66-j26-1.2.H,Nürnberg Pillenreuth,0,22
13-66-j26-1,T0#6,32.T0.13-66-j26-1.1.H,Nürnberg Königshof,0,
13-66-j26-1,T0#6,33.T0.13-66-j26-1.2.H,Nürnberg Pillenreuth,0,23
13-66-j26-1,T0#6,34.T0.13-66-j26-1.1.H,Nürnberg Königshof,0,
13-66-j26-1,T0#6,35.T0.13-66-j26-1.2.H,Nürnberg Pillenreuth,0,24
13-66-j26-1,T0#6,36.T0.13-66-j26-1.1.H,Nürnberg Königshof,0,
13-66-j26-1,T0#6,37.T0.13-66-j26-1.2.H,Nürnberg Pillenreuth,0,25
13-66-j26-1,T0#6,38.T0.13-66-j26-1.1.H,Nürnberg Königshof,0,
13-66-j26-1,T0#6,39.T0.13-66-j26-1.2.H,Nürnberg Pillenreuth,0,26
13-66-j26-1,T0#6,4.T0.13-66-j26-1.2.H,Nürnberg Pillenreuth,0,3
13-66-j26-1,T0#6,40.T0.13-66-j26-1.1.H,Nürnberg Königshof,0,
13-66-j26-1,T0#6,41.T0.13-66-j26-1.2.H,Nürnberg Pillenreuth,0,27
13-66-j26-1,T0#6,42.T0.13-66-j26-1.1.H,Nürnberg Königshof,0,
13-66-j26-1,T0#6,43.T0.13-66-j26-1.2.H,Nürnberg Pillenreuth,0,28
13-66-j26-1,T0#6,44.T0.13-66-j26-1.1.H,Nürnberg Königshof,0,
13-66-j26-1,T0#6,45.T0.13-66-j26-1.2.H,Nürnberg Pillenreuth,0,29
13-66-j26-1,T0#6,46.T0.13-66-j26-1.1.H,Nürnberg Königshof,0,
13-66-j26-1,T0#6,47.T0.13-66-j26-1.2.H,Nürnberg Pillenreuth,0,
13-66-j26-1,T0#6,48.T0.13-66-j26-1.1.H,Nürnberg Königshof,0,
13-66-j26-1,T0#6,49.T0.13-66-j26-1.1.H,Nürnberg Königshof,0,
13-66-j26-1,T0#6,5.T0.13-66-j26-1.2.H,Nürnberg Pillenreuth,0,4
13-66-j26-1,T0#6,50.T0.13-66-j26-1.1.H,Nürnberg Königshof,0,
13-66-j26-1,T0#6,51.T0.13-66-j26-1.1.H,Nürnberg Königshof,0,
13-66-j26-1,T0#6,52.T0.13-66-j26-1.1.H,Nürnberg Königshof,0,
13-66-j26-1,T0#6,53.T0.13-66-j26-1.1.H,Nürnberg Königshof,0,
13-66-j26-1,T0#6,54.T0.13-66-j26-1.1.H,Nürnberg Königshof,0,
13-66-j26-1,T0#6,55.T0.13-66-j26-1.1.H,Nürnberg Königshof,0,
13-66-j26-1,T0#6,56.T0.13-66-j26-1.4.R,Nürnberg Röthenbach,1,
13-66-j26-1,T0#6,57.T0.13-66-j26-1.7.R,Nürnberg Röthenbach,1,
13-66-j26-1,T0#6,58.T0.13-66-j26-1.7.R,Nürnberg Röthenbach,1,
13-66-j26-1,T0#6,59.T0.13-66-j26-1.7.R,Nürnberg Röthenbach,1,
13-66-j26-1,T0#6,6.T0.13-66-j26-1.2.H,Nürnberg Pillenreuth,0,5
13-66-j26-1,T0#6,60.T0.13-66-j26-1.8.R,Nürnberg Röthenbach,1,1
13-66-j26-1,T0#6,61.T0.13-66-j26-1.8.R,Nürnberg Röthenbach,1,2
13-66-j26-1,T0#6,62.T0.13-66-j26-1.8.R,Nürnberg Röthenbach,1,3
13-66-j26-1,T0#6,63.T0.13-66-j26-1.8.R,Nürnberg Röthenbach,1,4
13-66-j26-1,T0#6,64.T0.13-66-j26-1.8.R,Nürnberg Röthenbach,1,5
13-66-j26-1,T0#6,65.T0.13-66-j26-1.8.R,Nürnberg Röthenbach,1,6
13-66-j26-1,T0#6,66.T0.13-66-j26-1.8.R,Nürnberg Röthenbach,1,7
13-66-j26-1,T0#6,67.T0.13-66-j26-1.7.R,Nürnberg Röthenbach,1,
13-66-j26-1,T0#6,68.T0.13-66-j26-1.8.R,Nürnberg Röthenbach,1,8
13-66-j26-1,T0#6,69.T0.13-66-j26-1.7.R,Nürnberg Röthenbach,1,
13-66-j26-1,T0#6,7.T0.13-66-j26-1.2.H,Nürnberg Pillenreuth,0,6
13-66-j26-1,T0#6,70.T0.13-66-j26-1.8.R,Nürnberg Röthenbach,1,9
13-66-j26-1,T0#6,71.T0.13-66-j26-1.7.R,Nürnberg Röthenbach,1,
13-66-j26-1,T0#6,72.T0.13-66-j26-1.8.R,Nürnberg Röthenbach,1,10
13-66-j26-1,T0#6,73.T0.13-66-j26-1.7.R,Nürnberg Röthenbach,1,
13-66-j26-1,T0#6,74.T0.13-66-j26-1.8.R,Nürnberg Röthenbach,1,11
13-66-j26-1,T0#6,75.T0.13-66-j26-1.7.R,Nürnberg Röthenbach,1,
13-66-j26-1,T0#6,76.T0.13-66-j26-1.8.R,Nürnberg Röthenbach,1,12
13-66-j26-1,T0#6,77.T0.13-66-j26-1.7.R,Nürnberg Röthenbach,1,
13-66-j26-1,T0#6,78.T0.13-66-j26-1.8.R,Nürnberg Röthenbach,1,13
13-66-j26-1,T0#6,79.T0.13-66-j26-1.7.R,Nürnberg Röthenbach,1,
13-66-j26-1,T0#6,8.T0.13-66-j26-1.2.H,Nürnberg Pillenreuth,0,7
13-66-j26-1,T0+01,80.T0.13-66-j26-1.4.R,Nürnberg Röthenbach,1,
13-66-j26-1,T0#6,81.T0.13-66-j26-1.8.R,Nürnberg Röthenbach,1,14
13-66-j26-1,T0#6,82.T0.13-66-j26-1.8.R,Nürnberg Röthenbach,1,15
13-66-j26-1,T0+01,83.T0.13-66-j26-1.9.R,Nürnberg Röthenbach,1,
13-66-j26-1,T0#6,84.T0.13-66-j26-1.8.R,Nürnberg Röthenbach,1,16
13-66-j26-1,T0+01,85.T0.13-66-j26-1.10.R,Nürnberg Röthenbach,1,
13-66-j26-1,T0+01,86.T0.13-66-j26-1.11.R,Nürnberg Röthenbach,1,
13-66-j26-1,T0#6,87.T0.13-66-j26-1.8.R,Nürnberg Röthenbach,1,17
13-66-j26-1,T0#6,88.T0.13-66-j26-1.8.R,Nürnberg Röthenbach,1,18
13-66-j26-1,T0#6,89.T0.13-66-j26-1.8.R,Nürnberg Röthenbach,1,19
13-66-j26-1,T0+01,9.T0.13-66-j26-1.3.H,Nürnberg Schulzentr. Südwest,0,
13-66-j26-1,T0+01,90.T0.13-66-j26-1.12.R,Nürnberg Röthenbach,1,
13-66-j26-1,T0#6,91.T0.13-66-j26-1.8.R,Nürnberg Röthenbach,1,20
13-66-j26-1,T0#6,92.T0.13-66-j26-1.8.R,Nürnberg Röthenbach,1,21
13-66-j26-1,T0#6,93.T0.13-66-j26-1.8.R,Nürnberg Röthenbach,1,22
13-66-j26-1,T0#6,94.T0.13-66-j26-1.7.R,Nürnberg Röthenbach,1,
13-66-j26-1,T0#6,95.T0.13-66-j26-1.8.R,Nürnberg Röthenbach,1,23
13-66-j26-1,T0+01,96.T0.13-66-j26-1.11.R,Nürnberg Röthenbach,1,
13-66-j26-1,T0#6,97.T0.13-66-j26-1.7.R,Nürnberg Röthenbach,1,
13-66-j26-1,T0+01,98.T0.13-66-j26-1.11.R,Nürnberg Röthenbach,1,
13-66-j26-1,T0#6,99.T0.13-66-j26-1.8.R,Nürnberg Röthenbach,1,24
13-67-j26-1,T0#6,1.T0.13-67-j26-1.1.H,Fürth Hauptbahnhof,0,
13-67-j26-1,T0#6,10.T0.13-67-j26-1.2.H,Fürth Hauptbahnhof,0,
13-67-j26-1,T0#6,100.T0.13-67-j26-1.10.R,"Nürnberg, Frankenstraße",1,
13-67-j26-1,T0#6,101.T0.13-67-j26-1.13.R,Nürnberg Röthenbach,1,
13-67-j26-1,T0#6,102.T0.13-67-j26-1.10.R,"Nürnberg, Frankenstraße",1,
13-67-j26-1,T0#6,103.T0.13-67-j26-1.10.R,"Nürnberg, Frankenstraße",1,
13-67-j26-1,T0#6,104.T0.13-67-j26-1.10.R,"Nürnberg, Frankenstraße",1,
13-67-j26-1,T0#6,105.T0.13-67-j26-1.10.R,"Nürnberg, Frankenstraße",1,
13-67-j26-1,T0#6,106.T0.13-67-j26-1.10.R,"Nürnberg, Frankenstraße",1,
13-67-j26-1,T0#6,107.T0.13-67-j26-1.10.R,"Nürnberg, Frankenstraße",1,
13-67-j26-1,T0#6,108.T0.13-67-j26-1.10.R,"Nürnberg, Frankenstraße",1,
13-67-j26-1,T0#6,109.T0.13-67-j26-1.10.R,"Nürnberg, Frankenstraße",1,
13-67-j26-1,T0#6,11.T0.13-67-j26-1.2.H,Fürth Hauptbahnhof,0,
13-67-j26-1,T0#6,110.T0.13-67-j26-1.10.R,"Nürnberg, Frankenstraße",1,
13-67-j26-1,T0#6,111.T0.13-67-j26-1.10.R,"Nürnberg, Frankenstraße",1,
13-67-j26-1,T0#6,112.T0.13-67-j26-1.10.R,"Nürnberg, Frankenstraße",1,
13-67-j26-1,T0#6,113.T0.13-67-j26-1.10.R,"Nürnberg, Frankenstraße",1,
13-67-j26-1,T0#6,114.T0.13-67-j26-1.10.R,"Nürnberg, Frankenstraße",1,
13-67-j26-1,T0#6,115.T0.13-67-j26-1.10.R,"Nürnberg, Frankenstraße",1,
13-67-j26-1,T0#6,116.T0.13-67-j26-1.10.R,"Nürnberg, Frankenstraße",1,
13-67-j26-1,T0#6,117.T0.13-67-j26-1.10.R,"Nürnberg, Frankenstraße",1,
13-67-j26-1,T0+01,118.T0.13-67-j26-1.14.R,Nürnberg Röthenbach,1,
13-67-j26-1,T0#6,119.T0.13-67-j26-1.10.R,"Nürnberg, Frankenstraße",1,
13-67-j26-1,T0#6,12.T0.13-67-j26-1.2.H,Fürth Hauptbahnhof,0,
13-67-j26-1,T0#6,120.T0.13-67-j26-1.10.R,"Nürnberg, Frankenstraße",1,
13-67-j26-1,T0#6,121.T0.13-67-j26-1.10.R,"Nürnberg, Frankenstraße",1,
13-67-j26-1,T0#6,122.T0.13-67-j26-1.12.R,"Nürnberg, Frankenstraße",1,
13-67-j26-1,T0#6,123.T0.13-67-j26-1.10.R,"Nürnberg, Frankenstraße",1,
13-67-j26-1,T0#6,124.T0.13-67-j26-1.10.R,"Nürnberg, Frankenstraße",1,
13-67-j26-1,T0#6,125.T0.13-67-j26-1.12.R,"Nürnberg, Frankenstraße",1,
13-67-j26-1,T0#6,126.T0.13-67-j26-1.10.R,"Nürnberg, Frankenstraße",1,
13-67-j26-1,T0#6,127.T0.13-67-j26-1.10.R,"Nürnberg, Frankenstraße",1,
13-67-j26-1,T0#6,128.T0.13-67-j26-1.10.R,"Nürnberg, Frankenstraße",1,
13-67-j26-1,T0#6,129.T0.13-67-j26-1.10.R,"Nürnberg, Frankenstraße",1,
13-67-j26-1,T0#6,13.T0.13-67-j26-1.2.H,Fürth Hauptbahnhof,0,
13-67-j26-1,T0#6,130.T0.13-67-j26-1.10.R,"Nürnberg, Frankenstraße",1,
13-67-j26-1,T0#6,131.T0.13-67-j26-1.10.R,"Nürnberg, Frankenstraße",1,
13-67-j26-1,T0#6,132.T0.13-67-j26-1.10.R,"Nürnberg, Frankenstraße",1,
13-67-j26-1,T0#6,133.T0.13-67-j26-1.10.R,"Nürnberg, Frankenstraße",1,
13-67-j26-1,T0#6,134.T0.13-67-j26-1.10.R,"Nürnberg, Frankenstraße",1,
13-67-j26-1,T0#6,135.T0.13-67-j26-1.10.R,"Nürnberg, Frankenstraße",1,
13-67-j26-1,T0#6,136.T0.13-67-j26-1.10.R,"Nürnberg, Frankenstraße",1,
13-67-j26-1,T0#6,137.T0.13-67-j26-1.10.R,"Nürnberg, Frankenstraße",1,
13-67-j26-1,T0#6,138.T0.13-67-j26-1.10.R,"Nürnberg, Frankenstraße",1,
13-67-j26-1,T0#6,139.T0.13-67-j26-1.10.R,"Nürnberg, Frankenstraße",1,
13-67-j26-1,T0#6,14.T0.13-67-j26-1.2.H,Fürth Hauptbahnhof,0,
13-67-j26-1,T0#6,140.T0.13-67-j26-1.10.R,"Nürnberg, Frankenstraße",1,
13-67-j26-1,T0#6,141.T0.13-67-j26-1.10.R,"Nürnberg, Frankenstraße",1,
13-67-j26-1,T0#6,142.T0.13-67-j26-1.10.R,"Nürnberg, Frankenstraße",1,
13-67-j26-1,T0#6,143.T0.13-67-j26-1.10.R,"Nürnberg, Frankenstraße",1,
13-67-j26-1,T0#6,144.T0.13-67-j26-1.13.R,Nürnberg Röthenbach,1,
13-67-j26-1,T0#6,145.T0.13-67-j26-1.10.R,"Nürnberg, Frankenstraße",1,
13-67-j26-1,T0#6,146.T0.13-67-j26-1.13.R,Nürnberg Röthenbach,1,
13-67-j26-1,T0#6,147.T0.13-67-j26-1.10.R,"Nürnberg, Frankenstraße",1,
13-67-j26-1,T0#6,148.T0.13-67-j26-1.10.R,"Nürnberg, Frankenstraße",1,
13-67-j26-1,T0#6,149.T0.13-67-j26-1.10.R,"Nürnberg, Frankenstraße",1,
13-67-j26-1,T0#6,15.T0.13-67-j26-1.2.H,Fürth Hauptbahnhof,0,
13-67-j26-1,T0#6,150.T0.13-67-j26-1.10.R,"Nürnberg, Frankenstraße",1,
13-67-j26-1,T0#6,151.T0.13-67-j26-1.10.R,"Nürnberg, Frankenstraße",1,
13-67-j26-1,T0#6,152.T0.13-67-j26-1.10.R,"Nürnberg, Frankenstraße",1,
13-67-j26-1,T0#6,153.T0.13-67-j26-1.10.R,"Nürnberg, Frankenstraße",1,
13-67-j26-1,T0#6,154.T0.13-67-j26-1.10.R,"Nürnberg, Frankenstraße",1,
13-67-j26-1,T0#6,155.T0.13-67-j26-1.10.R,"Nürnberg, Frankenstraße",1,
13-67-j26-1,T0#6,156.T0.13-67-j26-1.10.R,"Nürnberg, Frankenstraße",1,
13-67-j26-1,T0#6,157.T0.13-67-j26-1.10.R,"Nürnberg, Frankenstraße",1,
13-67-j26-1,T0#6,158.T0.13-67-j26-1.10.R,"Nürnberg, Frankenstraße",1,
13-67-j26-1,T0#6,159.T0.13-67-j26-1.13.R,Nürnberg Röthenbach,1,
13-67-j26-1,T0#6,16.T0.13-67-j26-1.2.H,Fürth Hauptbahnhof,0,
13-67-j26-1,T0#6,17.T0.13-67-j26-1.2.H,Fürth Hauptbahnhof,0,
13-67-j26-1,T0#6,18.T0.13-67-j26-1.2.H,Fürth Hauptbahnhof,0,
13-67-j26-1,T0#6,19.T0.13-67-j26-1.2.H,Fürth Hauptbahnhof,0,
13-67-j26-1,T0#6,2.T0.13-67-j26-1.2.H,Fürth Hauptbahnhof,0,
13-67-j26-1,T0#6,20.T0.13-67-j26-1.3.H,Nürnberg Röthenbach,0,
13-67-j26-1,T0#6,21.T0.13-67-j26-1.2.H,Fürth Hauptbahnhof,0,
13-67-j26-1,T0#6,22.T0.13-67-j26-1.3.H,Nürnberg Röthenbach,0,
13-67-j26-1,T0#6,23.T0.13-67-j26-1.2.H,Fürth Hauptbahnhof,0,
13-67-j26-1,T0#6,24.T0.13-67-j26-1.2.H,Fürth Hauptbahnhof,0,
13-67-j26-1,T0#6,25.T0.13-67-j26-1.2.H,Fürth Hauptbahnhof,0,
13-67-j26-1,T0#6,26.T0.13-67-j26-1.2.H,Fürth Hauptbahnhof,0,
13-67-j26-1,T0#6,27.T0.13-67-j26-1.2.H,Fürth Hauptbahnhof,0,
13-67-j26-1,T0#6,28.T0.13-67-j26-1.2.H,Fürth Hauptbahnhof,0,
13-67-j26-1,T0#6,29.T0.13-67-j26-1.2.H,Fürth Hauptbahnhof,0,
13-67-j26-1,T0#6,3.T0.13-67-j26-1.1.H,Fürth Hauptbahnhof,0,
13-67-j26-1,T0#6,30.T0.13-67-j26-1.2.H,Fürth Hauptbahnhof,0,
13-67-j26-1,T0#6,31.T0.13-67-j26-1.2.H,Fürth Hauptbahnhof,0,
13-67-j26-1,T0#6,32.T0.13-67-j26-1.2.H,Fürth Hauptbahnhof,0,
13-67-j26-1,T0#6,33.T0.13-67-j26-1.2.H,Fürth Hauptbahnhof,0,
13-67-j26-1,T0#6,34.T0.13-67-j26-1.2.H,Fürth Hauptbahnhof,0,
13-67-j26-1,T0#6,35.T0.13-67-j26-1.2.H,Fürth Hauptbahnhof,0,
13-67-j26-1,T0#6,36.T0.13-67-j26-1.2.H,Fürth Hauptbahnhof,0,
13-67-j26-1,T0#6,37.T0.13-67-j26-1.2.H,Fürth Hauptbahnhof,0,
13-67-j26-1,T0+01,38.T0.13-67-j26-1.8.H,Fürth Süd,0,
13-67-j26-1,T0#6,39.T0.13-67-j26-1.2.H,Fürth Hauptbahnhof,0,
13-67-j26-1,T0#6,4.T0.13-67-j26-1.2.H,Fürth Hauptbahnhof,0,
13-67-j26-1,T0#6,40.T0.13-67-j26-1.2.H,Fürth Hauptbahnhof,0,
13-67-j26-1,T0#6,41.T0.13-67-j26-1.2.H,Fürth Hauptbahnhof,0,
13-67-j26-1,T0#6,42.T0.13-67-j26-1.2.H,Fürth Hauptbahnhof,0,
13-67-j26-1,T0#6,43.T0.13-67-j26-1.2.H,Fürth Hauptbahnhof,0,
13-67-j26-1,T0#6,44.T0.13-67-j26-1.2.H,Fürth Hauptbahnhof,0,
13-67-j26-1,T0#6,45.T0.13-67-j26-1.2.H,Fürth Hauptbahnhof,0,
13-67-j26-1,T0#6,46.T0.13-67-j26-1.2.H,Fürth Hauptbahnhof,0,
13-67-j26-1,T0#6,47.T0.13-67-j26-1.2.H,Fürth Hauptbahnhof,0,
13-67-j26-1,T0#6,48.T0.13-67-j26-1.2.H,Fürth Hauptbahnhof,0,
13-67-j26-1,T0#6,49.T0.13-67-j26-1.2.H,Fürth Hauptbahnhof,0,
13-67-j26-1,T0#6,5.T0.13-67-j26-1.2.H,Fürth Hauptbahnhof,0,
13-67-j26-1,T0#6,50.T0.13-67-j26-1.2.H,Fürth Hauptbahnhof,0,
13-67-j26-1,T0#6,51.T0.13-67-j26-1.2.H,Fürth Hauptbahnhof,0,
13-67-j26-1,T0#6,52.T0.13-67-j26-1.2.H,Fürth Hauptbahnhof,0,
13-67-j26-1,T0#6,53.T0.13-67-j26-1.2.H,Fürth Hauptbahnhof,0,
13-67-j26-1,T0#6,54.T0.13-67-j26-1.2.H,Fürth Hauptbahnhof,0,
13-67-j26-1,T0#6,55.T0.13-67-j26-1.2.H,Fürth Hauptbahnhof,0,
13-67-j26-1,T0#6,56.T0.13-67-j26-1.2.H,Fürth Hauptbahnhof,0,
13-67-j26-1,T0#6,57.T0.13-67-j26-1.2.H,Fürth Hauptbahnhof,0,
13-67-j26-1,T0#6,58.T0.13-67-j26-1.2.H,Fürth Hauptbahnhof,0,
13-67-j26-1,T0#6,59.T0.13-67-j26-1.2.H,Fürth Hauptbahnhof,0,
13-67-j26-1,T0#6,6.T0.13-67-j26-1.2.H,Fürth Hauptbahnhof,0,
13-67-j26-1,T0#6,60.T0.13-67-j26-1.2.H,Fürth Hauptbahnhof,0,
13-67-j26-1,T0#6,61.T0.13-67-j26-1.2.H,Fürth Hauptbahnhof,0,
13-67-j26-1,T0#6,62.T0.13-67-j26-1.2.H,Fürth Hauptbahnhof,0,
13-67-j26-1,T0#6,63.T0.13-67-j26-1.2.H,Fürth Hauptbahnhof,0,
13-67-j26-1,T0#6,64.T0.13-67-j26-1.2.H,Fürth Hauptbahnhof,0,
13-67-j26-1,T0#6,65.T0.13-67-j26-1.2.H,Fürth Hauptbahnhof,0,
13-67-j26-1,T0#6,66.T0.13-67-j26-1.2.H,Fürth Hauptbahnhof,0,
13-67-j26-1,T0#6,67.T0.13-67-j26-1.2.H,Fürth Hauptbahnhof,0,
13-67-j26-1,T0#6,68.T0.13-67-j26-1.2.H,Fürth Hauptbahnhof,0,
13-67-j26-1,T0#6,69.T0.13-67-j26-1.2.H,Fürth Hauptbahnhof,0,
13-67-j26-1,T0#6,7.T0.13-67-j26-1.2.H,Fürth Hauptbahnhof,0,
13-67-j26-1,T0#6,70.T0.13-67-j26-1.2.H,Fürth Hauptbahnhof,0,
13-67-j26-1,T0#6,71.T0.13-67-j26-1.2.H,Fürth Hauptbahnhof,0,
13-67-j26-1,T0#6,72.T0.13-67-j26-1.2.H,Fürth Hauptbahnhof,0,
13-67-j26-1,T0#6,73.T0.13-67-j26-1.2.H,Fürth Hauptbahnhof,0,
13-67-j26-1,T0#6,74.T0.13-67-j26-1.2.H,Fürth Hauptbahnhof,0,
13-67-j26-1,T0#6,75.T0.13-67-j26-1.2.H,Fürth Hauptbahnhof,0,
13-67-j26-1,T0#6,76.T0.13-67-j26-1.2.H,Fürth Hauptbahnhof,0,
13-67-j26-1,T0#6,77.T0.13-67-j26-1.2.H,Fürth Hauptbahnhof,0,
13-67-j26-1,T0#6,78.T0.13-67-j26-1.10.R,"Nürnberg, Frankenstraße",1,
13-67-j26-1,T0#6,79.T0.13-67-j26-1.11.R,"Nürnberg, Frankenstraße",1,
13-67-j26-1,T0#6,8.T0.13-67-j26-1.2.H,Fürth Hauptbahnhof,0,
13-67-j26-1,T0#6,80.T0.13-67-j26-1.12.R,"Nürnberg, Frankenstraße",1,
13-67-j26-1,T0#6,81.T0.13-67-j26-1.10.R,"Nürnberg, Frankenstraße",1,
13-67-j26-1,T0#6,82.T0.13-67-j26-1.11.R,"Nürnberg, Frankenstraße",1,
13-67-j26-1,T0#6,83.T0.13-67-j26-1.10.R,"Nürnberg, Frankenstraße",1,
13-67-j26-1,T0#6,84.T0.13-67-j26-1.11.R,"Nürnberg, Frankenstraße",1,
13-67-j26-1,T0#6,85.T0.13-67-j26-1.10.R,"Nürnberg, Frankenstraße",1,
13-67-j26-1,T0#6,86.T0.13-67-j26-1.10.R,"Nürnberg, Frankenstraße",1,
13-67-j26-1,T0#6,87.T0.13-67-j26-1.10.R,"Nürnberg, Frankenstraße",1,
13-67-j26-1,T0#6,88.T0.13-67-j26-1.10.R,"Nürnberg, Frankenstraße",1,
13-67-j26-1,T0#6,89.T0.13-67-j26-1.10.R,"Nürnberg, Frankenstraße",1,
13-67-j26-1,T0#6,9.T0.13-67-j26-1.2.H,Fürth Hauptbahnhof,0,
13-67-j26-1,T0#6,90.T0.13-67-j26-1.10.R,"Nürnberg, Frankenstraße",1,
13-67-j26-1,T0#6,91.T0.13-67-j26-1.10.R,"Nürnberg, Frankenstraße",1,
13-67-j26-1,T0#6,92.T0.13-67-j26-1.10.R,"Nürnberg, Frankenstraße",1,
13-67-j26-1,T0#6,93.T0.13-67-j26-1.10.R,"Nürnberg, Frankenstraße",1,
13-67-j26-1,T0#6,94.T0.13-67-j26-1.10.R,"Nürnberg, Frankenstraße",1,
13-67-j26-1,T0#6,95.T0.13-67-j26-1.10.R,"Nürnberg, Frankenstraße",1,
13-67-j26-1,T0#6,96.T0.13-67-j26-1.10.R,"Nürnberg, Frankenstraße",1,
13-67-j26-1,T0#6,97.T0.13-67-j26-1.10.R,"Nürnberg, Frankenstraße",1,
13-67-j26-1,T0#6,98.T0.13-67-j26-1.10.R,"Nürnberg, Frankenstraße",1,
13-67-j26-1,T0#6,99.T0.13-67-j26-1.13.R,Nürnberg Röthenbach,1,
13-68-j26-2,T0#29,1.T0.13-68-j26-2.15.H,Nürnb. Langwasser Mitte,0,
13-68-j26-2,T0+01#12,10.T0.13-68-j26-2.19.H,Nürnb. Langwasser Mitte,0,
13-68-j26-2,T0#29,100.T0.13-68-j26-2.24.R,"Nürnberg, Gustav-Adolf-Str.",1,
13-68-j26-2,T0#29,101.T0.13-68-j26-2.24.R,"Nürnberg, Gustav-Adolf-Str.",1,
13-68-j26-2,T0#29,102.T0.13-68-j26-2.24.R,"Nürnberg, Gustav-Adolf-Str.",1,
13-68-j26-2,T0#29,103.T0.13-68-j26-2.24.R,"Nürnberg, Gustav-Adolf-Str.",1,
13-68-j26-2,T0#29,104.T0.13-68-j26-2.24.R,"Nürnberg, Gustav-Adolf-Str.",1,
13-68-j26-2,T0#29,105.T0.13-68-j26-2.24.R,"Nürnberg, Gustav-Adolf-Str.",1,
13-68-j26-2,T0#29,106.T0.13-68-j26-2.24.R,"Nürnberg, Gustav-Adolf-Str.",1,
13-68-j26-2,T0#29,107.T0.13-68-j26-2.26.R,Nürnberg Dianaplatz,1,
13-68-j26-2,T0#29,108.T0.13-68-j26-2.24.R,"Nürnberg, Gustav-Adolf-Str.",1,
13-68-j26-2,T0#29,109.T0.13-68-j26-2.24.R,"Nürnberg, Gustav-Adolf-Str.",1,
13-68-j26-2,T0+01#12,11.T0.13-68-j26-2.20.H,Nürnb. Langwasser Mitte,0,
13-68-j26-2,T0#29,110.T0.13-68-j26-2.24.R,"Nürnberg, Gustav-Adolf-Str.",1,
13-68-j26-2,T0#29,111.T0.13-68-j26-2.24.R,"Nürnberg, Gustav-Adolf-Str.",1,
13-68-j26-2,T0#29,112.T0.13-68-j26-2.24.R,"Nürnberg, Gustav-Adolf-Str.",1,
13-68-j26-2,T0#29,113.T0.13-68-j26-2.24.R,"Nürnberg, Gustav-Adolf-Str.",1,
13-68-j26-2,T0#29,114.T0.13-68-j26-2.24.R,"Nürnberg, Gustav-Adolf-Str.",1,
13-68-j26-2,T0#29,115.T0.13-68-j26-2.24.R,"Nürnberg, Gustav-Adolf-Str.",1,
13-68-j26-2,T0#29,116.T0.13-68-j26-2.24.R,"Nürnberg, Gustav-Adolf-Str.",1,
13-68-j26-2,T0#29,117.T0.13-68-j26-2.24.R,"Nürnberg, Gustav-Adolf-Str.",1,
13-68-j26-2,T0#29,118.T0.13-68-j26-2.24.R,"Nürnberg, Gustav-Adolf-Str.",1,
13-68-j26-2,T0#29,119.T0.13-68-j26-2.28.R,Nürnberg Schweinau,1,
13-68-j26-2,T0#29,12.T0.13-68-j26-2.17.H,Nürnb. Langwasser Mitte,0,
13-68-j26-2,T0#29,120.T0.13-68-j26-2.28.R,Nürnberg Schweinau,1,
13-68-j26-2,T0#29,121.T0.13-68-j26-2.26.R,Nürnberg Dianaplatz,1,
13-68-j26-2,T0#29,122.T0.13-68-j26-2.26.R,Nürnberg Dianaplatz,1,
13-68-j26-2,T0+01#12,13.T0.13-68-j26-2.18.H,Nürnb. Langwasser Mitte,0,
13-68-j26-2,T0#29,14.T0.13-68-j26-2.17.H,Nürnb. Langwasser Mitte,0,
13-68-j26-2,T0+01#12,15.T0.13-68-j26-2.15.H,Nürnb. Langwasser Mitte,0,
13-68-j26-2,T0#29,16.T0.13-68-j26-2.17.H,Nürnb. Langwasser Mitte,0,
13-68-j26-2,T0#29,17.T0.13-68-j26-2.17.H,Nürnb. Langwasser Mitte,0,
13-68-j26-2,T0#29,18.T0.13-68-j26-2.17.H,Nürnb. Langwasser Mitte,0,
13-68-j26-2,T0#29,19.T0.13-68-j26-2.17.H,Nürnb. Langwasser Mitte,0,
13-68-j26-2,T0#29,2.T0.13-68-j26-2.15.H,Nürnb. Langwasser Mitte,0,
13-68-j26-2,T0#29,20.T0.13-68-j26-2.17.H,Nürnb. Langwasser Mitte,0,
13-68-j26-2,T0#29,21.T0.13-68-j26-2.17.H,Nürnb. Langwasser Mitte,0,
13-68-j26-2,T0#29,22.T0.13-68-j26-2.17.H,Nürnb. Langwasser Mitte,0,
13-68-j26-2,T0#29,23.T0.13-68-j26-2.17.H,Nürnb. Langwasser Mitte,0,
13-68-j26-2,T0#29,24.T0.13-68-j26-2.17.H,Nürnb. Langwasser Mitte,0,
13-68-j26-2,T0#29,25.T0.13-68-j26-2.17.H,Nürnb. Langwasser Mitte,0,
13-68-j26-2,T0#29,26.T0.13-68-j26-2.17.H,Nürnb. Langwasser Mitte,0,
13-68-j26-2,T0#29,27.T0.13-68-j26-2.17.H,Nürnb. Langwasser Mitte,0,
13-68-j26-2,T0#29,28.T0.13-68-j26-2.17.H,Nürnb. Langwasser Mitte,0,
13-68-j26-2,T0#29,29.T0.13-68-j26-2.17.H,Nürnb. Langwasser Mitte,0,
13-68-j26-2,T0#29,3.T0.13-68-j26-2.16.H,Nürnb. Langwasser Mitte,0,
13-68-j26-2,T0#29,30.T0.13-68-j26-2.17.H,Nürnb. Langwasser Mitte,0,
13-68-j26-2,T0+01#12,31.T0.13-68-j26-2.21.H,Nürnb. Langwasser Mitte,0,
13-68-j26-2,T0+01#12,33.T0.13-68-j26-2.19.H,Nürnb. Langwasser Mitte,0,
13-68-j26-2,T0+01#12,34.T0.13-68-j26-2.17.H,Nürnb. Langwasser Mitte,0,
13-68-j26-2,T0+01#12,36.T0.13-68-j26-2.21.H,Nürnb. Langwasser Mitte,0,
13-68-j26-2,T0#29,37.T0.13-68-j26-2.17.H,Nürnb. Langwasser Mitte,0,
13-68-j26-2,T0+01#12,38.T0.13-68-j26-2.22.H,Nürnb. Langwasser Mitte,0,
13-68-j26-2,T0#29,39.T0.13-68-j26-2.17.H,Nürnb. Langwasser Mitte,0,
13-68-j26-2,T0#29,4.T0.13-68-j26-2.17.H,Nürnb. Langwasser Mitte,0,
13-68-j26-2,T0#29,40.T0.13-68-j26-2.17.H,Nürnb. Langwasser Mitte,0,
13-68-j26-2,T0#29,41.T0.13-68-j26-2.17.H,Nürnb. Langwasser Mitte,0,
13-68-j26-2,T0#29,42.T0.13-68-j26-2.17.H,Nürnb. Langwasser Mitte,0,
13-68-j26-2,T0#29,43.T0.13-68-j26-2.17.H,Nürnb. Langwasser Mitte,0,
13-68-j26-2,T0#29,44.T0.13-68-j26-2.16.H,Nürnb. Langwasser Mitte,0,
13-68-j26-2,T0#29,45.T0.13-68-j26-2.17.H,Nürnb. Langwasser Mitte,0,
13-68-j26-2,T0#29,46.T0.13-68-j26-2.17.H,Nürnb. Langwasser Mitte,0,
13-68-j26-2,T0#29,47.T0.13-68-j26-2.17.H,Nürnb. Langwasser Mitte,0,
13-68-j26-2,T0#29,48.T0.13-68-j26-2.17.H,Nürnb. Langwasser Mitte,0,
13-68-j26-2,T0#29,49.T0.13-68-j26-2.17.H,Nürnb. Langwasser Mitte,0,
13-68-j26-2,T0#29,5.T0.13-68-j26-2.17.H,Nürnb. Langwasser Mitte,0,
13-68-j26-2,T0#29,50.T0.13-68-j26-2.17.H,Nürnb. Langwasser Mitte,0,
13-68-j26-2,T0#29,51.T0.13-68-j26-2.17.H,Nürnb. Langwasser Mitte,0,
13-68-j26-2,T0#29,52.T0.13-68-j26-2.17.H,Nürnb. Langwasser Mitte,0,
13-68-j26-2,T0#29,53.T0.13-68-j26-2.17.H,Nürnb. Langwasser Mitte,0,
13-68-j26-2,T0#29,54.T0.13-68-j26-2.17.H,Nürnb. Langwasser Mitte,0,
13-68-j26-2,T0#29,55.T0.13-68-j26-2.17.H,Nürnb. Langwasser Mitte,0,
13-68-j26-2,T0#29,56.T0.13-68-j26-2.17.H,Nürnb. Langwasser Mitte,0,
13-68-j26-2,T0#29,57.T0.13-68-j26-2.17.H,Nürnb. Langwasser Mitte,0,
13-68-j26-2,T0#29,58.T0.13-68-j26-2.17.H,Nürnb. Langwasser Mitte,0,
13-68-j26-2,T0#29,59.T0.13-68-j26-2.17.H,Nürnb. Langwasser Mitte,0,
13-68-j26-2,T0#29,6.T0.13-68-j26-2.17.H,Nürnb. Langwasser Mitte,0,
13-68-j26-2,T0#29,60.T0.13-68-j26-2.17.H,Nürnb. Langwasser Mitte,0,
13-68-j26-2,T0#29,61.T0.13-68-j26-2.23.H,Nürnberg Schweinau,0,
13-68-j26-2,T0#29,62.T0.13-68-j26-2.24.R,"Nürnberg, Gustav-Adolf-Str.",1,
13-68-j26-2,T0#29,63.T0.13-68-j26-2.25.R,"Nürnberg, Gustav-Adolf-Str.",1,
13-68-j26-2,T0#29,64.T0.13-68-j26-2.24.R,"Nürnberg, Gustav-Adolf-Str.",1,
13-68-j26-2,T0#29,65.T0.13-68-j26-2.24.R,"Nürnberg, Gustav-Adolf-Str.",1,
13-68-j26-2,T0#29,66.T0.13-68-j26-2.24.R,"Nürnberg, Gustav-Adolf-Str.",1,
13-68-j26-2,T0#29,67.T0.13-68-j26-2.24.R,"Nürnberg, Gustav-Adolf-Str.",1,
13-68-j26-2,T0#29,68.T0.13-68-j26-2.24.R,"Nürnberg, Gustav-Adolf-Str.",1,
13-68-j26-2,T0#29,69.T0.13-68-j26-2.24.R,"Nürnberg, Gustav-Adolf-Str.",1,
13-68-j26-2,T0#29,7.T0.13-68-j26-2.17.H,Nürnb. Langwasser Mitte,0,
13-68-j26-2,T0+01#12,70.T0.13-68-j26-2.24.R,"Nürnberg, Gustav-Adolf-Str.",1,
13-68-j26-2,T0+01#12,72.T0.13-68-j26-2.24.R,"Nürnberg, Gustav-Adolf-Str.",1,
13-68-j26-2,T0#29,73.T0.13-68-j26-2.24.R,"Nürnberg, Gustav-Adolf-Str.",1,
13-68-j26-2,T0#29,75.T0.13-68-j26-2.24.R,"Nürnberg, Gustav-Adolf-Str.",1,
13-68-j26-2,T0+01#12,76.T0.13-68-j26-2.26.R,Nürnberg Dianaplatz,1,
13-68-j26-2,T0#29,77.T0.13-68-j26-2.24.R,"Nürnberg, Gustav-Adolf-Str.",1,
13-68-j26-2,T0#29,78.T0.13-68-j26-2.24.R,"Nürnberg, Gustav-Adolf-Str.",1,
13-68-j26-2,T0#29,79.T0.13-68-j26-2.24.R,"Nürnberg, Gustav-Adolf-Str.",1,
13-68-j26-2,T0+01#12,8.T0.13-68-j26-2.18.H,Nürnb. Langwasser Mitte,0,
13-68-j26-2,T0#29,80.T0.13-68-j26-2.24.R,"Nürnberg, Gustav-Adolf-Str.",1,
13-68-j26-2,T0#29,81.T0.13-68-j26-2.24.R,"Nürnberg, Gustav-Adolf-Str.",1,
13-68-j26-2,T0#29,82.T0.13-68-j26-2.24.R,"Nürnberg, Gustav-Adolf-Str.",1,
13-68-j26-2,T0#29,83.T0.13-68-j26-2.24.R,"Nürnberg, Gustav-Adolf-Str.",1,
13-68-j26-2,T0#29,84.T0.13-68-j26-2.24.R,"Nürnberg, Gustav-Adolf-Str.",1,
13-68-j26-2,T0#29,85.T0.13-68-j26-2.24.R,"Nürnberg, Gustav-Adolf-Str.",1,
13-68-j26-2,T0#29,86.T0.13-68-j26-2.24.R,"Nürnberg, Gustav-Adolf-Str.",1,
13-68-j26-2,T0#29,87.T0.13-68-j26-2.24.R,"Nürnberg, Gustav-Adolf-Str.",1,
13-68-j26-2,T0#29,88.T0.13-68-j26-2.24.R,"Nürnberg, Gustav-Adolf-Str.",1,
13-68-j26-2,T0#29,89.T0.13-68-j26-2.24.R,"Nürnberg, Gustav-Adolf-Str.",1,
13-68-j26-2,T0#29,90.T0.13-68-j26-2.24.R,"Nürnberg, Gustav-Adolf-Str.",1,
13-68-j26-2,T0#29,91.T0.13-68-j26-2.24.R,"Nürnberg, Gustav-Adolf-Str.",1,
13-68-j26-2,T0+01#12,92.T0.13-68-j26-2.24.R,"Nürnberg, Gustav-Adolf-Str.",1,
13-68-j26-2,T0+01#12,93.T0.13-68-j26-2.27.R,"Nürnberg, Gustav-Adolf-Str.",1,
13-68-j26-2,T0#29,94.T0.13-68-j26-2.24.R,"Nürnberg, Gustav-Adolf-Str.",1,
13-68-j26-2,T0+01#12,95.T0.13-68-j26-2.28.R,Nürnberg Schweinau,1,
13-68-j26-2,T0#29,96.T0.13-68-j26-2.24.R,"Nürnberg, Gustav-Adolf-Str.",1,
13-68-j26-2,T0#29,97.T0.13-68-j26-2.28.R,Nürnberg Schweinau,1,
13-68-j26-2,T0#29,98.T0.13-68-j26-2.24.R,"Nürnberg, Gustav-Adolf-Str.",1,
13-68-j26-2,T0+01#12,99.T0.13-68-j26-2.28.R,Nürnberg Schweinau,1,
13-69-j26-1,T0#6,1.T0.13-69-j26-1.3.H,Nürnberg Röthenbach,0,
13-69-j26-1,T0#6,10.T0.13-69-j26-1.5.H,Nürnberg Röthenbach,0,
13-69-j26-1,T0#6,100.T0.13-69-j26-1.4.R,"Nürnberg, Gustav-Adolf-Str.",1,
13-69-j26-1,T0#6,101.T0.13-69-j26-1.4.R,"Nürnberg, Gustav-Adolf-Str.",1,
13-69-j26-1,T0#6,102.T0.13-69-j26-1.4.R,"Nürnberg, Gustav-Adolf-Str.",1,
13-69-j26-1,T0#6,103.T0.13-69-j26-1.4.R,"Nürnberg, Gustav-Adolf-Str.",1,
13-69-j26-1,T0#6,104.T0.13-69-j26-1.4.R,"Nürnberg, Gustav-Adolf-Str.",1,
13-69-j26-1,T0#6,105.T0.13-69-j26-1.4.R,"Nürnberg, Gustav-Adolf-Str.",1,
13-69-j26-1,T0#6,106.T0.13-69-j26-1.4.R,"Nürnberg, Gustav-Adolf-Str.",1,
13-69-j26-1,T0#6,107.T0.13-69-j26-1.4.R,"Nürnberg, Gustav-Adolf-Str.",1,
13-69-j26-1,T0#6,108.T0.13-69-j26-1.4.R,"Nürnberg, Gustav-Adolf-Str.",1,
13-69-j26-1,T0#6,109.T0.13-69-j26-1.4.R,"Nürnberg, Gustav-Adolf-Str.",1,
13-69-j26-1,T0#6,11.T0.13-69-j26-1.3.H,Nürnberg Röthenbach,0,
13-69-j26-1,T0#6,110.T0.13-69-j26-1.4.R,"Nürnberg, Gustav-Adolf-Str.",1,
13-69-j26-1,T0#6,111.T0.13-69-j26-1.4.R,"Nürnberg, Gustav-Adolf-Str.",1,
13-69-j26-1,T0#6,112.T0.13-69-j26-1.7.R,"Nürnberg, Gustav-Adolf-Str.",1,
13-69-j26-1,T0#6,113.T0.13-69-j26-1.4.R,"Nürnberg, Gustav-Adolf-Str.",1,
13-69-j26-1,T0#6,114.T0.13-69-j26-1.7.R,"Nürnberg, Gustav-Adolf-Str.",1,
13-69-j26-1,T0#6,115.T0.13-69-j26-1.4.R,"Nürnberg, Gustav-Adolf-Str.",1,
13-69-j26-1,T0#6,116.T0.13-69-j26-1.7.R,"Nürnberg, Gustav-Adolf-Str.",1,
13-69-j26-1,T0#6,117.T0.13-69-j26-1.4.R,"Nürnberg, Gustav-Adolf-Str.",1,
13-69-j26-1,T0#6,118.T0.13-69-j26-1.7.R,"Nürnberg, Gustav-Adolf-Str.",1,
13-69-j26-1,T0#6,119.T0.13-69-j26-1.4.R,"Nürnberg, Gustav-Adolf-Str.",1,
13-69-j26-1,T0#6,12.T0.13-69-j26-1.5.H,Nürnberg Röthenbach,0,
13-69-j26-1,T0#6,120.T0.13-69-j26-1.7.R,"Nürnberg, Gustav-Adolf-Str.",1,
13-69-j26-1,T0#6,121.T0.13-69-j26-1.4.R,"Nürnberg, Gustav-Adolf-Str.",1,
13-69-j26-1,T0#6,122.T0.13-69-j26-1.7.R,"Nürnberg, Gustav-Adolf-Str.",1,
13-69-j26-1,T0#6,123.T0.13-69-j26-1.4.R,"Nürnberg, Gustav-Adolf-Str.",1,
13-69-j26-1,T0#6,124.T0.13-69-j26-1.7.R,"Nürnberg, Gustav-Adolf-Str.",1,
13-69-j26-1,T0#6,125.T0.13-69-j26-1.4.R,"Nürnberg, Gustav-Adolf-Str.",1,
13-69-j26-1,T0#6,126.T0.13-69-j26-1.7.R,"Nürnberg, Gustav-Adolf-Str.",1,
13-69-j26-1,T0#6,127.T0.13-69-j26-1.4.R,"Nürnberg, Gustav-Adolf-Str.",1,
13-69-j26-1,T0#6,128.T0.13-69-j26-1.7.R,"Nürnberg, Gustav-Adolf-Str.",1,
13-69-j26-1,T0#6,129.T0.13-69-j26-1.4.R,"Nürnberg, Gustav-Adolf-Str.",1,
13-69-j26-1,T0#6,13.T0.13-69-j26-1.3.H,Nürnberg Röthenbach,0,
13-69-j26-1,T0#6,130.T0.13-69-j26-1.7.R,"Nürnberg, Gustav-Adolf-Str.",1,
13-69-j26-1,T0#6,131.T0.13-69-j26-1.4.R,"Nürnberg, Gustav-Adolf-Str.",1,
13-69-j26-1,T0#6,132.T0.13-69-j26-1.4.R,"Nürnberg, Gustav-Adolf-Str.",1,
13-69-j26-1,T0#6,133.T0.13-69-j26-1.4.R,"Nürnberg, Gustav-Adolf-Str.",1,
13-69-j26-1,T0#6,134.T0.13-69-j26-1.4.R,"Nürnberg, Gustav-Adolf-Str.",1,
13-69-j26-1,T0#6,135.T0.13-69-j26-1.4.R,"Nürnberg, Gustav-Adolf-Str.",1,
13-69-j26-1,T0#6,136.T0.13-69-j26-1.4.R,"Nürnberg, Gustav-Adolf-Str.",1,
13-69-j26-1,T0#6,137.T0.13-69-j26-1.4.R,"Nürnberg, Gustav-Adolf-Str.",1,
13-69-j26-1,T0#6,138.T0.13-69-j26-1.4.R,"Nürnberg, Gustav-Adolf-Str.",1,
13-69-j26-1,T0#6,139.T0.13-69-j26-1.4.R,"Nürnberg, Gustav-Adolf-Str.",1,
13-69-j26-1,T0#6,14.T0.13-69-j26-1.5.H,Nürnberg Röthenbach,0,
13-69-j26-1,T0#6,140.T0.13-69-j26-1.4.R,"Nürnberg, Gustav-Adolf-Str.",1,
13-69-j26-1,T0#6,141.T0.13-69-j26-1.4.R,"Nürnberg, Gustav-Adolf-Str.",1,
13-69-j26-1,T0#6,142.T0.13-69-j26-1.4.R,"Nürnberg, Gustav-Adolf-Str.",1,
13-69-j26-1,T0#6,143.T0.13-69-j26-1.4.R,"Nürnberg, Gustav-Adolf-Str.",1,
13-69-j26-1,T0#6,144.T0.13-69-j26-1.4.R,"Nürnberg, Gustav-Adolf-Str.",1,
13-69-j26-1,T0#6,145.T0.13-69-j26-1.4.R,"Nürnberg, Gustav-Adolf-Str.",1,
13-69-j26-1,T0#6,15.T0.13-69-j26-1.3.H,Nürnberg Röthenbach,0,
13-69-j26-1,T0#6,16.T0.13-69-j26-1.5.H,Nürnberg Röthenbach,0,
13-69-j26-1,T0#6,17.T0.13-69-j26-1.3.H,Nürnberg Röthenbach,0,
13-69-j26-1,T0#6,18.T0.13-69-j26-1.5.H,Nürnberg Röthenbach,0,
13-69-j26-1,T0#6,19.T0.13-69-j26-1.3.H,Nürnberg Röthenbach,0,
13-69-j26-1,T0#6,2.T0.13-69-j26-1.5.H,Nürnberg Röthenbach,0,
13-69-j26-1,T0#6,20.T0.13-69-j26-1.5.H,Nürnberg Röthenbach,0,
13-69-j26-1,T0#6,21.T0.13-69-j26-1.3.H,Nürnberg Röthenbach,0,
13-69-j26-1,T0#6,22.T0.13-69-j26-1.3.H,Nürnberg Röthenbach,0,
13-69-j26-1,T0#6,23.T0.13-69-j26-1.3.H,Nürnberg Röthenbach,0,
13-69-j26-1,T0#6,24.T0.13-69-j26-1.3.H,Nürnberg Röthenbach,0,
13-69-j26-1,T0#6,25.T0.13-69-j26-1.3.H,Nürnberg Röthenbach,0,
13-69-j26-1,T0#6,26.T0.13-69-j26-1.3.H,Nürnberg Röthenbach,0,
13-69-j26-1,T0#6,27.T0.13-69-j26-1.3.H,Nürnberg Röthenbach,0,
13-69-j26-1,T0#6,28.T0.13-69-j26-1.3.H,Nürnberg Röthenbach,0,
13-69-j26-1,T0#6,29.T0.13-69-j26-1.3.H,Nürnberg Röthenbach,0,
13-69-j26-1,T0#6,3.T0.13-69-j26-1.3.H,Nürnberg Röthenbach,0,
13-69-j26-1,T0#6,30.T0.13-69-j26-1.3.H,Nürnberg Röthenbach,0,
13-69-j26-1,T0#6,31.T0.13-69-j26-1.3.H,Nürnberg Röthenbach,0,
13-69-j26-1,T0#6,32.T0.13-69-j26-1.3.H,Nürnberg Röthenbach,0,
13-69-j26-1,T0#6,33.T0.13-69-j26-1.3.H,Nürnberg Röthenbach,0,
13-69-j26-1,T0#6,34.T0.13-69-j26-1.3.H,Nürnberg Röthenbach,0,
13-69-j26-1,T0#6,35.T0.13-69-j26-1.3.H,Nürnberg Röthenbach,0,
13-69-j26-1,T0#6,36.T0.13-69-j26-1.3.H,Nürnberg Röthenbach,0,
13-69-j26-1,T0+01,38.T0.13-69-j26-1.6.H,Nürnberg Röthenbach,0,
13-69-j26-1,T0#6,39.T0.13-69-j26-1.3.H,Nürnberg Röthenbach,0,
13-69-j26-1,T0#6,4.T0.13-69-j26-1.5.H,Nürnberg Röthenbach,0,
13-69-j26-1,T0#6,40.T0.13-69-j26-1.3.H,Nürnberg Röthenbach,0,
13-69-j26-1,T0#6,41.T0.13-69-j26-1.3.H,Nürnberg Röthenbach,0,
13-69-j26-1,T0#6,42.T0.13-69-j26-1.3.H,Nürnberg Röthenbach,0,
13-69-j26-1,T0#6,43.T0.13-69-j26-1.3.H,Nürnberg Röthenbach,0,
13-69-j26-1,T0#6,44.T0.13-69-j26-1.3.H,Nürnberg Röthenbach,0,
13-69-j26-1,T0#6,45.T0.13-69-j26-1.3.H,Nürnberg Röthenbach,0,
13-69-j26-1,T0#6,46.T0.13-69-j26-1.3.H,Nürnberg Röthenbach,0,
13-69-j26-1,T0#6,47.T0.13-69-j26-1.3.H,Nürnberg Röthenbach,0,
13-69-j26-1,T0#6,48.T0.13-69-j26-1.3.H,Nürnberg Röthenbach,0,
13-69-j26-1,T0#6,49.T0.13-69-j26-1.3.H,Nürnberg Röthenbach,0,
13-69-j26-1,T0#6,5.T0.13-69-j26-1.3.H,Nürnberg Röthenbach,0,
13-69-j26-1,T0#6,50.T0.13-69-j26-1.3.H,Nürnberg Röthenbach,0,
13-69-j26-1,T0#6,51.T0.13-69-j26-1.3.H,Nürnberg Röthenbach,0,
13-69-j26-1,T0#6,52.T0.13-69-j26-1.3.H,Nürnberg Röthenbach,0,
13-69-j26-1,T0#6,53.T0.13-69-j26-1.3.H,Nürnberg Röthenbach,0,
13-69-j26-1,T0#6,54.T0.13-69-j26-1.3.H,Nürnberg Röthenbach,0,
13-69-j26-1,T0#6,55.T0.13-69-j26-1.3.H,Nürnberg Röthenbach,0,
13-69-j26-1,T0#6,56.T0.13-69-j26-1.3.H,Nürnberg Röthenbach,0,
13-69-j26-1,T0#6,57.T0.13-69-j26-1.3.H,Nürnberg Röthenbach,0,
13-69-j26-1,T0#6,58.T0.13-69-j26-1.3.H,Nürnberg Röthenbach,0,
13-69-j26-1,T0#6,59.T0.13-69-j26-1.3.H,Nürnberg Röthenbach,0,
13-69-j26-1,T0#6,6.T0.13-69-j26-1.5.H,Nürnberg Röthenbach,0,
13-69-j26-1,T0#6,60.T0.13-69-j26-1.3.H,Nürnberg Röthenbach,0,
13-69-j26-1,T0#6,61.T0.13-69-j26-1.3.H,Nürnberg Röthenbach,0,
13-69-j26-1,T0#6,62.T0.13-69-j26-1.3.H,Nürnberg Röthenbach,0,
13-69-j26-1,T0#6,63.T0.13-69-j26-1.3.H,Nürnberg Röthenbach,0,
13-69-j26-1,T0#6,64.T0.13-69-j26-1.3.H,Nürnberg Röthenbach,0,
13-69-j26-1,T0#6,65.T0.13-69-j26-1.3.H,Nürnberg Röthenbach,0,
13-69-j26-1,T0#6,66.T0.13-69-j26-1.3.H,Nürnberg Röthenbach,0,
13-69-j26-1,T0#6,67.T0.13-69-j26-1.3.H,Nürnberg Röthenbach,0,
13-69-j26-1,T0#6,68.T0.13-69-j26-1.3.H,Nürnberg Röthenbach,0,
13-69-j26-1,T0#6,69.T0.13-69-j26-1.3.H,Nürnberg Röthenbach,0,
13-69-j26-1,T0#6,7.T0.13-69-j26-1.3.H,Nürnberg Röthenbach,0,
13-69-j26-1,T0#6,70.T0.13-69-j26-1.3.H,Nürnberg Röthenbach,0,
13-69-j26-1,T0#6,71.T0.13-69-j26-1.3.H,Nürnberg Röthenbach,0,
13-69-j26-1,T0#6,72.T0.13-69-j26-1.3.H,Nürnberg Röthenbach,0,
13-69-j26-1,T0#6,73.T0.13-69-j26-1.3.H,Nürnberg Röthenbach,0,
13-69-j26-1,T0#6,74.T0.13-69-j26-1.4.R,"Nürnberg, Gustav-Adolf-Str.",1,
13-69-j26-1,T0#6,75.T0.13-69-j26-1.4.R,"Nürnberg, Gustav-Adolf-Str.",1,
13-69-j26-1,T0#6,76.T0.13-69-j26-1.4.R,"Nürnberg, Gustav-Adolf-Str.",1,
13-69-j26-1,T0#6,77.T0.13-69-j26-1.4.R,"Nürnberg, Gustav-Adolf-Str.",1,
13-69-j26-1,T0#6,78.T0.13-69-j26-1.4.R,"Nürnberg, Gustav-Adolf-Str.",1,
13-69-j26-1,T0#6,79.T0.13-69-j26-1.4.R,"Nürnberg, Gustav-Adolf-Str.",1,
13-69-j26-1,T0#6,8.T0.13-69-j26-1.5.H,Nürnberg Röthenbach,0,
13-69-j26-1,T0#6,80.T0.13-69-j26-1.4.R,"Nürnberg, Gustav-Adolf-Str.",1,
13-69-j26-1,T0#6,81.T0.13-69-j26-1.4.R,"Nürnberg, Gustav-Adolf-Str.",1,
13-69-j26-1,T0#6,82.T0.13-69-j26-1.4.R,"Nürnberg, Gustav-Adolf-Str.",1,
13-69-j26-1,T0#6,83.T0.13-69-j26-1.4.R,"Nürnberg, Gustav-Adolf-Str.",1,
13-69-j26-1,T0#6,84.T0.13-69-j26-1.4.R,"Nürnberg, Gustav-Adolf-Str.",1,
13-69-j26-1,T0#6,85.T0.13-69-j26-1.4.R,"Nürnberg, Gustav-Adolf-Str.",1,
13-69-j26-1,T0#6,86.T0.13-69-j26-1.4.R,"Nürnberg, Gustav-Adolf-Str.",1,
13-69-j26-1,T0#6,87.T0.13-69-j26-1.4.R,"Nürnberg, Gustav-Adolf-Str.",1,
13-69-j26-1,T0#6,88.T0.13-69-j26-1.4.R,"Nürnberg, Gustav-Adolf-Str.",1,
13-69-j26-1,T0#6,89.T0.13-69-j26-1.4.R,"Nürnberg, Gustav-Adolf-Str.",1,
13-69-j26-1,T0#6,9.T0.13-69-j26-1.3.H,Nürnberg Röthenbach,0,
13-69-j26-1,T0#6,90.T0.13-69-j26-1.4.R,"Nürnberg, Gustav-Adolf-Str.",1,
13-69-j26-1,T0#6,91.T0.13-69-j26-1.4.R,"Nürnberg, Gustav-Adolf-Str.",1,
13-69-j26-1,T0#6,92.T0.13-69-j26-1.4.R,"Nürnberg, Gustav-Adolf-Str.",1,
13-69-j26-1,T0#6,93.T0.13-69-j26-1.4.R,"Nürnberg, Gustav-Adolf-Str.",1,
13-69-j26-1,T0#6,94.T0.13-69-j26-1.4.R,"Nürnberg, Gustav-Adolf-Str.",1,
13-69-j26-1,T0#6,95.T0.13-69-j26-1.4.R,"Nürnberg, Gustav-Adolf-Str.",1,
13-69-j26-1,T0#6,96.T0.13-69-j26-1.4.R,"Nürnberg, Gustav-Adolf-Str.",1,
13-69-j26-1,T0#6,97.T0.13-69-j26-1.4.R,"Nürnberg, Gustav-Adolf-Str.",1,
13-69-j26-1,T0#6,98.T0.13-69-j26-1.4.R,"Nürnberg, Gustav-Adolf-Str.",1,
13-69-j26-1,T0#6,99.T0.13-69-j26-1.4.R,"Nürnberg, Gustav-Adolf-Str.",1,
13-70-j26-3,T0#31,1.T0.13-70-j26-3.9.H,Zirndorf Kneippallee,0,37
13-70-j26-3,T0#31,10.T0.13-70-j26-3.10.H,Zirndorf Kneippallee,0,
13-70-j26-3,T0#31,11.T0.13-70-j26-3.13.H,Zirndorf Kneippallee,0,
13-70-j26-3,T0#31,12.T0.13-70-j26-3.10.H,Zirndorf Kneippallee,0,
13-70-j26-3,T0#31,13.T0.13-70-j26-3.10.H,Zirndorf Kneippallee,0,
13-70-j26-3,T0#31,14.T0.13-70-j26-3.10.H,Zirndorf Kneippallee,0,
13-70-j26-3,T0#31,15.T0.13-70-j26-3.10.H,Zirndorf Kneippallee,0,
13-70-j26-3,T0#31,16.T0.13-70-j26-3.10.H,Zirndorf Kneippallee,0,
13-70-j26-3,T0#31,17.T0.13-70-j26-3.10.H,Zirndorf Kneippallee,0,
13-70-j26-3,T0#31,18.T0.13-70-j26-3.10.H,Zirndorf Kneippallee,0,
13-70-j26-3,T0#31,19.T0.13-70-j26-3.10.H,Zirndorf Kneippallee,0,
13-70-j26-3,T0#31,2.T0.13-70-j26-3.9.H,Zirndorf Kneippallee,0,38
13-70-j26-3,T0#31,20.T0.13-70-j26-3.10.H,Zirndorf Kneippallee,0,
13-70-j26-3,T0#31,21.T0.13-70-j26-3.10.H,Zirndorf Kneippallee,0,
13-70-j26-3,T0+01#14,22.T0.13-70-j26-3.10.H,Zirndorf Kneippallee,0,
13-70-j26-3,T0#31,23.T0.13-70-j26-3.10.H,Zirndorf Kneippallee,0,
13-70-j26-3,T0#31,24.T0.13-70-j26-3.10.H,Zirndorf Kneippallee,0,
13-70-j26-3,T0#31,25.T0.13-70-j26-3.10.H,Zirndorf Kneippallee,0,
13-70-j26-3,T0#31,26.T0.13-70-j26-3.10.H,Zirndorf Kneippallee,0,
13-70-j26-3,T0#31,27.T0.13-70-j26-3.10.H,Zirndorf Kneippallee,0,
13-70-j26-3,T0#31,28.T0.13-70-j26-3.10.H,Zirndorf Kneippallee,0,
13-70-j26-3,T0#31,29.T0.13-70-j26-3.10.H,Zirndorf Kneippallee,0,
13-70-j26-3,T0#31,3.T0.13-70-j26-3.9.H,Zirndorf Kneippallee,0,39
13-70-j26-3,T0#31,30.T0.13-70-j26-3.10.H,Zirndorf Kneippallee,0,
13-70-j26-3,T0#31,31.T0.13-70-j26-3.10.H,Zirndorf Kneippallee,0,
13-70-j26-3,T0#31,32.T0.13-70-j26-3.10.H,Zirndorf Kneippallee,0,
13-70-j26-3,T0#31,33.T0.13-70-j26-3.10.H,Zirndorf Kneippallee,0,
13-70-j26-3,T0#31,34.T0.13-70-j26-3.10.H,Zirndorf Kneippallee,0,
13-70-j26-3,T0#31,35.T0.13-70-j26-3.10.H,Zirndorf Kneippallee,0,
13-70-j26-3,T0#31,36.T0.13-70-j26-3.13.H,Zirndorf Kneippallee,0,
13-70-j26-3,T0#31,37.T0.13-70-j26-3.10.H,Zirndorf Kneippallee,0,
13-70-j26-3,T0#31,38.T0.13-70-j26-3.10.H,Zirndorf Kneippallee,0,
13-70-j26-3,T0#31,39.T0.13-70-j26-3.13.H,Zirndorf Kneippallee,0,
13-70-j26-3,T0#31,4.T0.13-70-j26-3.10.H,Zirndorf Kneippallee,0,40
13-70-j26-3,T0#31,40.T0.13-70-j26-3.13.H,Zirndorf Kneippallee,0,
13-70-j26-3,T0#31,41.T0.13-70-j26-3.10.H,Zirndorf Kneippallee,0,
13-70-j26-3,T0#31,42.T0.13-70-j26-3.10.H,Zirndorf Kneippallee,0,
13-70-j26-3,T0#31,43.T0.13-70-j26-3.10.H,Zirndorf Kneippallee,0,
13-70-j26-3,T0#31,44.T0.13-70-j26-3.10.H,Zirndorf Kneippallee,0,
13-70-j26-3,T0#31,45.T0.13-70-j26-3.10.H,Zirndorf Kneippallee,0,
13-70-j26-3,T0#31,46.T0.13-70-j26-3.10.H,Zirndorf Kneippallee,0,
13-70-j26-3,T0#31,47.T0.13-70-j26-3.14.R,"Nürnberg, Gustav-Adolf-Str.",1,37
13-70-j26-3,T0#31,48.T0.13-70-j26-3.14.R,"Nürnberg, Gustav-Adolf-Str.",1,38
13-70-j26-3,T0#31,49.T0.13-70-j26-3.14.R,"Nürnberg, Gustav-Adolf-Str.",1,39
13-70-j26-3,T0#31,5.T0.13-70-j26-3.11.H,Zirndorf Kneippallee,0,42
13-70-j26-3,T0#31,50.T0.13-70-j26-3.14.R,"Nürnberg, Gustav-Adolf-Str.",1,42
13-70-j26-3,T0#31,51.T0.13-70-j26-3.14.R,"Nürnberg, Gustav-Adolf-Str.",1,40
13-70-j26-3,T0#31,52.T0.13-70-j26-3.14.R,"Nürnberg, Gustav-Adolf-Str.",1,41
13-70-j26-3,T0#31,53.T0.13-70-j26-3.14.R,"Nürnberg, Gustav-Adolf-Str.",1,43
13-70-j26-3,T0#31,54.T0.13-70-j26-3.14.R,"Nürnberg, Gustav-Adolf-Str.",1,
13-70-j26-3,T0#31,55.T0.13-70-j26-3.14.R,"Nürnberg, Gustav-Adolf-Str.",1,
13-70-j26-3,T0#31,56.T0.13-70-j26-3.14.R,"Nürnberg, Gustav-Adolf-Str.",1,
13-70-j26-3,T0#31,57.T0.13-70-j26-3.14.R,"Nürnberg, Gustav-Adolf-Str.",1,
13-70-j26-3,T0#31,58.T0.13-70-j26-3.14.R,"Nürnberg, Gustav-Adolf-Str.",1,
13-70-j26-3,T0#31,59.T0.13-70-j26-3.14.R,"Nürnberg, Gustav-Adolf-Str.",1,
13-70-j26-3,T0#31,6.T0.13-70-j26-3.10.H,Zirndorf Kneippallee,0,41
13-70-j26-3,T0#31,60.T0.13-70-j26-3.14.R,"Nürnberg, Gustav-Adolf-Str.",1,
13-70-j26-3,T0#31,61.T0.13-70-j26-3.14.R,"Nürnberg, Gustav-Adolf-Str.",1,
13-70-j26-3,T0#31,62.T0.13-70-j26-3.14.R,"Nürnberg, Gustav-Adolf-Str.",1,
13-70-j26-3,T0#31,63.T0.13-70-j26-3.14.R,"Nürnberg, Gustav-Adolf-Str.",1,
13-70-j26-3,T0#31,64.T0.13-70-j26-3.14.R,"Nürnberg, Gustav-Adolf-Str.",1,
13-70-j26-3,T0#31,65.T0.13-70-j26-3.14.R,"Nürnberg, Gustav-Adolf-Str.",1,
13-70-j26-3,T0#31,67.T0.13-70-j26-3.14.R,"Nürnberg, Gustav-Adolf-Str.",1,
13-70-j26-3,T0+01#14,68.T0.13-70-j26-3.15.R,"Nürnberg, Gustav-Adolf-Str.",1,
13-70-j26-3,T0#31,69.T0.13-70-j26-3.14.R,"Nürnberg, Gustav-Adolf-Str.",1,
13-70-j26-3,T0#31,7.T0.13-70-j26-3.10.H,Zirndorf Kneippallee,0,
13-70-j26-3,T0#31,70.T0.13-70-j26-3.14.R,"Nürnberg, Gustav-Adolf-Str.",1,
13-70-j26-3,T0#31,71.T0.13-70-j26-3.14.R,"Nürnberg, Gustav-Adolf-Str.",1,
13-70-j26-3,T0#31,72.T0.13-70-j26-3.14.R,"Nürnberg, Gustav-Adolf-Str.",1,
13-70-j26-3,T0#31,73.T0.13-70-j26-3.14.R,"Nürnberg, Gustav-Adolf-Str.",1,
13-70-j26-3,T0#31,74.T0.13-70-j26-3.14.R,"Nürnberg, Gustav-Adolf-Str.",1,
13-70-j26-3,T0#31,75.T0.13-70-j26-3.14.R,"Nürnberg, Gustav-Adolf-Str.",1,
13-70-j26-3,T0#31,76.T0.13-70-j26-3.14.R,"Nürnberg, Gustav-Adolf-Str.",1,
13-70-j26-3,T0#31,77.T0.13-70-j26-3.14.R,"Nürnberg, Gustav-Adolf-Str.",1,
13-70-j26-3,T0#31,78.T0.13-70-j26-3.14.R,"Nürnberg, Gustav-Adolf-Str.",1,
13-70-j26-3,T0#31,79.T0.13-70-j26-3.14.R,"Nürnberg, Gustav-Adolf-Str.",1,
13-70-j26-3,T0#31,8.T0.13-70-j26-3.12.H,Zirndorf Kneippallee,0,43
13-70-j26-3,T0#31,80.T0.13-70-j26-3.14.R,"Nürnberg, Gustav-Adolf-Str.",1,
13-70-j26-3,T0#31,81.T0.13-70-j26-3.14.R,"Nürnberg, Gustav-Adolf-Str.",1,
13-70-j26-3,T0#31,82.T0.13-70-j26-3.14.R,"Nürnberg, Gustav-Adolf-Str.",1,
13-70-j26-3,T0#31,83.T0.13-70-j26-3.14.R,"Nürnberg, Gustav-Adolf-Str.",1,
13-70-j26-3,T0#31,84.T0.13-70-j26-3.14.R,"Nürnberg, Gustav-Adolf-Str.",1,
13-70-j26-3,T0#31,85.T0.13-70-j26-3.14.R,"Nürnberg, Gustav-Adolf-Str.",1,
13-70-j26-3,T0#31,86.T0.13-70-j26-3.14.R,"Nürnberg, Gustav-Adolf-Str.",1,
13-70-j26-3,T0#31,87.T0.13-70-j26-3.14.R,"Nürnberg, Gustav-Adolf-Str.",1,
13-70-j26-3,T0#31,88.T0.13-70-j26-3.14.R,"Nürnberg, Gustav-Adolf-Str.",1,
13-70-j26-3,T0#31,89.T0.13-70-j26-3.14.R,"Nürnberg, Gustav-Adolf-Str.",1,
13-70-j26-3,T0#31,9.T0.13-70-j26-3.10.H,Zirndorf Kneippallee,0,
13-70-j26-3,T0#31,90.T0.13-70-j26-3.14.R,"Nürnberg, Gustav-Adolf-Str.",1,
13-71-j26-2,T0#31,1.T0.13-71-j26-2.7.H,Oberasbach Leipziger Pl.,0,
13-71-j26-2,T0#31,10.T0.13-71-j26-2.8.H,Oberasbach Leipziger Pl.,0,
13-71-j26-2,T0#31,11.T0.13-71-j26-2.8.H,Oberasbach Leipziger Pl.,0,
13-71-j26-2,T0#31,12.T0.13-71-j26-2.8.H,Oberasbach Leipziger Pl.,0,
13-71-j26-2,T0#31,13.T0.13-71-j26-2.8.H,Oberasbach Leipziger Pl.,0,
13-71-j26-2,T0#31,14.T0.13-71-j26-2.8.H,Oberasbach Leipziger Pl.,0,
13-71-j26-2,T0#31,15.T0.13-71-j26-2.8.H,Oberasbach Leipziger Pl.,0,
13-71-j26-2,T0#31,16.T0.13-71-j26-2.8.H,Oberasbach Leipziger Pl.,0,
13-71-j26-2,T0#31,17.T0.13-71-j26-2.8.H,Oberasbach Leipziger Pl.,0,
13-71-j26-2,T0#31,18.T0.13-71-j26-2.8.H,Oberasbach Leipziger Pl.,0,
13-71-j26-2,T0#31,19.T0.13-71-j26-2.8.H,Oberasbach Leipziger Pl.,0,
13-71-j26-2,T0#31,2.T0.13-71-j26-2.8.H,Oberasbach Leipziger Pl.,0,
13-71-j26-2,T0+01#14,20.T0.13-71-j26-2.8.H,Oberasbach Leipziger Pl.,0,
13-71-j26-2,T0#31,21.T0.13-71-j26-2.8.H,Oberasbach Leipziger Pl.,0,
13-71-j26-2,T0#31,22.T0.13-71-j26-2.8.H,Oberasbach Leipziger Pl.,0,
13-71-j26-2,T0#31,23.T0.13-71-j26-2.8.H,Oberasbach Leipziger Pl.,0,
13-71-j26-2,T0#31,24.T0.13-71-j26-2.8.H,Oberasbach Leipziger Pl.,0,
13-71-j26-2,T0#31,25.T0.13-71-j26-2.8.H,Oberasbach Leipziger Pl.,0,
13-71-j26-2,T0#31,26.T0.13-71-j26-2.8.H,Oberasbach Leipziger Pl.,0,
13-71-j26-2,T0#31,27.T0.13-71-j26-2.8.H,Oberasbach Leipziger Pl.,0,
13-71-j26-2,T0#31,28.T0.13-71-j26-2.8.H,Oberasbach Leipziger Pl.,0,
13-71-j26-2,T0#31,29.T0.13-71-j26-2.8.H,Oberasbach Leipziger Pl.,0,
13-71-j26-2,T0#31,3.T0.13-71-j26-2.8.H,Oberasbach Leipziger Pl.,0,
13-71-j26-2,T0#31,30.T0.13-71-j26-2.8.H,Oberasbach Leipziger Pl.,0,
13-71-j26-2,T0#31,31.T0.13-71-j26-2.8.H,Oberasbach Leipziger Pl.,0,
13-71-j26-2,T0#31,32.T0.13-71-j26-2.8.H,Oberasbach Leipziger Pl.,0,
13-71-j26-2,T0#31,33.T0.13-71-j26-2.8.H,Oberasbach Leipziger Pl.,0,
13-71-j26-2,T0#31,34.T0.13-71-j26-2.8.H,Oberasbach Leipziger Pl.,0,
13-71-j26-2,T0#31,35.T0.13-71-j26-2.8.H,Oberasbach Leipziger Pl.,0,
13-71-j26-2,T0#31,36.T0.13-71-j26-2.8.H,Oberasbach Leipziger Pl.,0,
13-71-j26-2,T0#31,37.T0.13-71-j26-2.8.H,Oberasbach Leipziger Pl.,0,
13-71-j26-2,T0#31,38.T0.13-71-j26-2.9.H,Oberasbach Leipziger Pl.,0,
13-71-j26-2,T0#31,39.T0.13-71-j26-2.9.H,Oberasbach Leipziger Pl.,0,
13-71-j26-2,T0#31,4.T0.13-71-j26-2.7.H,Oberasbach Leipziger Pl.,0,
13-71-j26-2,T0#31,40.T0.13-71-j26-2.9.H,Oberasbach Leipziger Pl.,0,
13-71-j26-2,T0#31,41.T0.13-71-j26-2.9.H,Oberasbach Leipziger Pl.,0,
13-71-j26-2,T0#31,42.T0.13-71-j26-2.9.H,Oberasbach Leipziger Pl.,0,
13-71-j26-2,T0#31,43.T0.13-71-j26-2.9.H,Oberasbach Leipziger Pl.,0,
13-71-j26-2,T0#31,44.T0.13-71-j26-2.10.R,"Nürnberg, Gustav-Adolf-Str.",1,
13-71-j26-2,T0#31,45.T0.13-71-j26-2.10.R,"Nürnberg, Gustav-Adolf-Str.",1,
13-71-j26-2,T0#31,46.T0.13-71-j26-2.10.R,"Nürnberg, Gustav-Adolf-Str.",1,
13-71-j26-2,T0#31,47.T0.13-71-j26-2.10.R,"Nürnberg, Gustav-Adolf-Str.",1,
13-71-j26-2,T0#31,48.T0.13-71-j26-2.10.R,"Nürnberg, Gustav-Adolf-Str.",1,
13-71-j26-2,T0+01#14,49.T0.13-71-j26-2.11.R,"Nürnberg, Gustav-Adolf-Str.",1,
13-71-j26-2,T0#31,5.T0.13-71-j26-2.8.H,Oberasbach Leipziger Pl.,0,
13-71-j26-2,T0#31,50.T0.13-71-j26-2.10.R,"Nürnberg, Gustav-Adolf-Str.",1,
13-71-j26-2,T0#31,51.T0.13-71-j26-2.10.R,"Nürnberg, Gustav-Adolf-Str.",1,
13-71-j26-2,T0#31,52.T0.13-71-j26-2.10.R,"Nürnberg, Gustav-Adolf-Str.",1,
13-71-j26-2,T0#31,53.T0.13-71-j26-2.10.R,"Nürnberg, Gustav-Adolf-Str.",1,
13-71-j26-2,T0#31,54.T0.13-71-j26-2.10.R,"Nürnberg, Gustav-Adolf-Str.",1,
13-71-j26-2,T0#31,55.T0.13-71-j26-2.10.R,"Nürnberg, Gustav-Adolf-Str.",1,
13-71-j26-2,T0#31,56.T0.13-71-j26-2.10.R,"Nürnberg, Gustav-Adolf-Str.",1,
13-71-j26-2,T0#31,57.T0.13-71-j26-2.10.R,"Nürnberg, Gustav-Adolf-Str.",1,
13-71-j26-2,T0#31,58.T0.13-71-j26-2.10.R,"Nürnberg, Gustav-Adolf-Str.",1,
13-71-j26-2,T0#31,59.T0.13-71-j26-2.10.R,"Nürnberg, Gustav-Adolf-Str.",1,
13-71-j26-2,T0#31,6.T0.13-71-j26-2.8.H,Oberasbach Leipziger Pl.,0,
13-71-j26-2,T0#31,60.T0.13-71-j26-2.10.R,"Nürnberg, Gustav-Adolf-Str.",1,
13-71-j26-2,T0#31,61.T0.13-71-j26-2.10.R,"Nürnberg, Gustav-Adolf-Str.",1,
13-71-j26-2,T0#31,62.T0.13-71-j26-2.10.R,"Nürnberg, Gustav-Adolf-Str.",1,
13-71-j26-2,T0+01#14,63.T0.13-71-j26-2.12.R,Oberasbach Humboldtstr.,1,
13-71-j26-2,T0#31,64.T0.13-71-j26-2.10.R,"Nürnberg, Gustav-Adolf-Str.",1,
13-71-j26-2,T0#31,65.T0.13-71-j26-2.10.R,"Nürnberg, Gustav-Adolf-Str.",1,
13-71-j26-2,T0#31,66.T0.13-71-j26-2.10.R,"Nürnberg, Gustav-Adolf-Str.",1,
13-71-j26-2,T0#31,67.T0.13-71-j26-2.10.R,"Nürnberg, Gustav-Adolf-Str.",1,
13-71-j26-2,T0#31,68.T0.13-71-j26-2.10.R,"Nürnberg, Gustav-Adolf-Str.",1,
13-71-j26-2,T0#31,69.T0.13-71-j26-2.10.R,"Nürnberg, Gustav-Adolf-Str.",1,
13-71-j26-2,T0#31,7.T0.13-71-j26-2.8.H,Oberasbach Leipziger Pl.,0,
13-71-j26-2,T0#31,70.T0.13-71-j26-2.10.R,"Nürnberg, Gustav-Adolf-Str.",1,
13-71-j26-2,T0#31,71.T0.13-71-j26-2.10.R,"Nürnberg, Gustav-Adolf-Str.",1,
13-71-j26-2,T0#31,72.T0.13-71-j26-2.10.R,"Nürnberg, Gustav-Adolf-Str.",1,
13-71-j26-2,T0#31,73.T0.13-71-j26-2.10.R,"Nürnberg, Gustav-Adolf-Str.",1,
13-71-j26-2,T0#31,74.T0.13-71-j26-2.10.R,"Nürnberg, Gustav-Adolf-Str.",1,
13-71-j26-2,T0#31,75.T0.13-71-j26-2.10.R,"Nürnberg, Gustav-Adolf-Str.",1,
13-71-j26-2,T0#31,76.T0.13-71-j26-2.12.R,Oberasbach Humboldtstr.,1,
13-71-j26-2,T0#31,77.T0.13-71-j26-2.10.R,"Nürnberg, Gustav-Adolf-Str.",1,
13-71-j26-2,T0#31,78.T0.13-71-j26-2.10.R,"Nürnberg, Gustav-Adolf-Str.",1,
13-71-j26-2,T0#31,79.T0.13-71-j26-2.10.R,"Nürnberg, Gustav-Adolf-Str.",1,
13-71-j26-2,T0+01#14,8.T0.13-71-j26-2.7.H,Oberasbach Leipziger Pl.,0,
13-71-j26-2,T0#31,80.T0.13-71-j26-2.13.R,Fürth Süd,1,
13-71-j26-2,T0#31,81.T0.13-71-j26-2.13.R,Fürth Süd,1,
13-71-j26-2,T0#31,82.T0.13-71-j26-2.13.R,Fürth Süd,1,
13-71-j26-2,T0#31,83.T0.13-71-j26-2.13.R,Fürth Süd,1,
13-71-j26-2,T0#31,84.T0.13-71-j26-2.13.R,Fürth Süd,1,
13-71-j26-2,T0#31,85.T0.13-71-j26-2.13.R,Fürth Süd,1,
13-71-j26-2,T0#31,86.T0.13-71-j26-2.12.R,Oberasbach Humboldtstr.,1,
13-71-j26-2,T0#31,9.T0.13-71-j26-2.8.H,Oberasbach Leipziger Pl.,0,
13-72-j26-2,T0#31,1.T0.13-72-j26-2.6.H,Zirndorf Realschule,0,
13-72-j26-2,T0#31,10.T0.13-72-j26-2.8.H,Zirndorf Realschule,0,
13-72-j26-2,T0#31,11.T0.13-72-j26-2.8.H,Zirndorf Realschule,0,
13-72-j26-2,T0#31,12.T0.13-72-j26-2.8.H,Zirndorf Realschule,0,
13-72-j26-2,T0#31,13.T0.13-72-j26-2.8.H,Zirndorf Realschule,0,
13-72-j26-2,T0#31,14.T0.13-72-j26-2.8.H,Zirndorf Realschule,0,
13-72-j26-2,T0#31,15.T0.13-72-j26-2.8.H,Zirndorf Realschule,0,
13-72-j26-2,T0#31,16.T0.13-72-j26-2.8.H,Zirndorf Realschule,0,
13-72-j26-2,T0#31,17.T0.13-72-j26-2.8.H,Zirndorf Realschule,0,
13-72-j26-2,T0#31,18.T0.13-72-j26-2.8.H,Zirndorf Realschule,0,
13-72-j26-2,T0#31,19.T0.13-72-j26-2.8.H,Zirndorf Realschule,0,
13-72-j26-2,T0#31,2.T0.13-72-j26-2.7.H,Zirndorf Realschule,0,
13-72-j26-2,T0#31,20.T0.13-72-j26-2.8.H,Zirndorf Realschule,0,
13-72-j26-2,T0#31,21.T0.13-72-j26-2.8.H,Zirndorf Realschule,0,
13-72-j26-2,T0#31,22.T0.13-72-j26-2.8.H,Zirndorf Realschule,0,
13-72-j26-2,T0#31,23.T0.13-72-j26-2.8.H,Zirndorf Realschule,0,
13-72-j26-2,T0#31,24.T0.13-72-j26-2.8.H,Zirndorf Realschule,0,
13-72-j26-2,T0#31,25.T0.13-72-j26-2.8.H,Zirndorf Realschule,0,
13-72-j26-2,T0#31,26.T0.13-72-j26-2.8.H,Zirndorf Realschule,0,
13-72-j26-2,T0#31,27.T0.13-72-j26-2.8.H,Zirndorf Realschule,0,
13-72-j26-2,T0#31,28.T0.13-72-j26-2.8.H,Zirndorf Realschule,0,
13-72-j26-2,T0#31,29.T0.13-72-j26-2.8.H,Zirndorf Realschule,0,
13-72-j26-2,T0#31,3.T0.13-72-j26-2.8.H,Zirndorf Realschule,0,
13-72-j26-2,T0#31,30.T0.13-72-j26-2.8.H,Zirndorf Realschule,0,
13-72-j26-2,T0#31,31.T0.13-72-j26-2.8.H,Zirndorf Realschule,0,
13-72-j26-2,T0#31,32.T0.13-72-j26-2.8.H,Zirndorf Realschule,0,
13-72-j26-2,T0#31,33.T0.13-72-j26-2.9.R,"Nürnberg, Gustav-Adolf-Str.",1,
13-72-j26-2,T0#31,34.T0.13-72-j26-2.9.R,"Nürnberg, Gustav-Adolf-Str.",1,
13-72-j26-2,T0#31,35.T0.13-72-j26-2.9.R,"Nürnberg, Gustav-Adolf-Str.",1,
13-72-j26-2,T0#31,36.T0.13-72-j26-2.9.R,"Nürnberg, Gustav-Adolf-Str.",1,
13-72-j26-2,T0#31,37.T0.13-72-j26-2.9.R,"Nürnberg, Gustav-Adolf-Str.",1,
13-72-j26-2,T0#31,38.T0.13-72-j26-2.9.R,"Nürnberg, Gustav-Adolf-Str.",1,
13-72-j26-2,T0#31,39.T0.13-72-j26-2.9.R,"Nürnberg, Gustav-Adolf-Str.",1,
13-72-j26-2,T0#31,4.T0.13-72-j26-2.6.H,Zirndorf Realschule,0,
13-72-j26-2,T0#31,40.T0.13-72-j26-2.9.R,"Nürnberg, Gustav-Adolf-Str.",1,
13-72-j26-2,T0#31,41.T0.13-72-j26-2.9.R,"Nürnberg, Gustav-Adolf-Str.",1,
13-72-j26-2,T0#31,42.T0.13-72-j26-2.9.R,"Nürnberg, Gustav-Adolf-Str.",1,
13-72-j26-2,T0#31,43.T0.13-72-j26-2.9.R,"Nürnberg, Gustav-Adolf-Str.",1,
13-72-j26-2,T0#31,44.T0.13-72-j26-2.9.R,"Nürnberg, Gustav-Adolf-Str.",1,
13-72-j26-2,T0#31,45.T0.13-72-j26-2.9.R,"Nürnberg, Gustav-Adolf-Str.",1,
13-72-j26-2,T0#31,46.T0.13-72-j26-2.9.R,"Nürnberg, Gustav-Adolf-Str.",1,
13-72-j26-2,T0#31,47.T0.13-72-j26-2.9.R,"Nürnberg, Gustav-Adolf-Str.",1,
13-72-j26-2,T0+01#14,48.T0.13-72-j26-2.10.R,Fürth Süd,1,
13-72-j26-2,T0#31,49.T0.13-72-j26-2.9.R,"Nürnberg, Gustav-Adolf-Str.",1,
13-72-j26-2,T0#31,5.T0.13-72-j26-2.8.H,Zirndorf Realschule,0,
13-72-j26-2,T0#31,50.T0.13-72-j26-2.9.R,"Nürnberg, Gustav-Adolf-Str.",1,
13-72-j26-2,T0#31,51.T0.13-72-j26-2.9.R,"Nürnberg, Gustav-Adolf-Str.",1,
13-72-j26-2,T0#31,52.T0.13-72-j26-2.9.R,"Nürnberg, Gustav-Adolf-Str.",1,
13-72-j26-2,T0#31,53.T0.13-72-j26-2.9.R,"Nürnberg, Gustav-Adolf-Str.",1,
13-72-j26-2,T0#31,54.T0.13-72-j26-2.9.R,"Nürnberg, Gustav-Adolf-Str.",1,
13-72-j26-2,T0#31,55.T0.13-72-j26-2.9.R,"Nürnberg, Gustav-Adolf-Str.",1,
13-72-j26-2,T0#31,56.T0.13-72-j26-2.9.R,"Nürnberg, Gustav-Adolf-Str.",1,
13-72-j26-2,T0#31,57.T0.13-72-j26-2.9.R,"Nürnberg, Gustav-Adolf-Str.",1,
13-72-j26-2,T0#31,58.T0.13-72-j26-2.9.R,"Nürnberg, Gustav-Adolf-Str.",1,
13-72-j26-2,T0#31,59.T0.13-72-j26-2.9.R,"Nürnberg, Gustav-Adolf-Str.",1,
13-72-j26-2,T0#31,6.T0.13-72-j26-2.8.H,Zirndorf Realschule,0,
13-72-j26-2,T0#31,60.T0.13-72-j26-2.9.R,"Nürnberg, Gustav-Adolf-Str.",1,
13-72-j26-2,T0#31,61.T0.13-72-j26-2.9.R,"Nürnberg, Gustav-Adolf-Str.",1,
13-72-j26-2,T0#31,62.T0.13-72-j26-2.9.R,"Nürnberg, Gustav-Adolf-Str.",1,
13-72-j26-2,T0#31,63.T0.13-72-j26-2.9.R,"Nürnberg, Gustav-Adolf-Str.",1,
13-72-j26-2,T0#31,64.T0.13-72-j26-2.9.R,"Nürnberg, Gustav-Adolf-Str.",1,
13-72-j26-2,T0#31,7.T0.13-72-j26-2.8.H,Zirndorf Realschule,0,
13-72-j26-2,T0#31,8.T0.13-72-j26-2.8.H,Zirndorf Realschule,0,
13-72-j26-2,T0#31,9.T0.13-72-j26-2.8.H,Zirndorf Realschule,0,
13-73-j26-4,T0#31,1.T0.13-73-j26-4.5.H,Fürth Stadtgrenze,0,
13-73-j26-4,T0#31,10.T0.13-73-j26-4.5.H,Fürth Stadtgrenze,0,
13-73-j26-4,T0#31,11.T0.13-73-j26-4.5.H,Fürth Stadtgrenze,0,
13-73-j26-4,T0#31,12.T0.13-73-j26-4.5.H,Fürth Stadtgrenze,0,
13-73-j26-4,T0#31,13.T0.13-73-j26-4.5.H,Fürth Stadtgrenze,0,
13-73-j26-4,T0#31,14.T0.13-73-j26-4.5.H,Fürth Stadtgrenze,0,
13-73-j26-4,T0#31,15.T0.13-73-j26-4.5.H,Fürth Stadtgrenze,0,
13-73-j26-4,T0#31,16.T0.13-73-j26-4.5.H,Fürth Stadtgrenze,0,
13-73-j26-4,T0#31,17.T0.13-73-j26-4.5.H,Fürth Stadtgrenze,0,
13-73-j26-4,T0#31,18.T0.13-73-j26-4.5.H,Fürth Stadtgrenze,0,
13-73-j26-4,T0#31,19.T0.13-73-j26-4.5.H,Fürth Stadtgrenze,0,
13-73-j26-4,T0#31,2.T0.13-73-j26-4.5.H,Fürth Stadtgrenze,0,
13-73-j26-4,T0#31,20.T0.13-73-j26-4.5.H,Fürth Stadtgrenze,0,
13-73-j26-4,T0#31,21.T0.13-73-j26-4.5.H,Fürth Stadtgrenze,0,
13-73-j26-4,T0#31,22.T0.13-73-j26-4.5.H,Fürth Stadtgrenze,0,
13-73-j26-4,T0#31,23.T0.13-73-j26-4.5.H,Fürth Stadtgrenze,0,
13-73-j26-4,T0#31,24.T0.13-73-j26-4.5.H,Fürth Stadtgrenze,0,
13-73-j26-4,T0#31,25.T0.13-73-j26-4.5.H,Fürth Stadtgrenze,0,
13-73-j26-4,T0#31,26.T0.13-73-j26-4.5.H,Fürth Stadtgrenze,0,
13-73-j26-4,T0#31,27.T0.13-73-j26-4.5.H,Fürth Stadtgrenze,0,
13-73-j26-4,T0#31,28.T0.13-73-j26-4.5.H,Fürth Stadtgrenze,0,
13-73-j26-4,T0#31,29.T0.13-73-j26-4.5.H,Fürth Stadtgrenze,0,
13-73-j26-4,T0#31,3.T0.13-73-j26-4.5.H,Fürth Stadtgrenze,0,
13-73-j26-4,T0#31,30.T0.13-73-j26-4.5.H,Fürth Stadtgrenze,0,
13-73-j26-4,T0#31,31.T0.13-73-j26-4.5.H,Fürth Stadtgrenze,0,
13-73-j26-4,T0#31,32.T0.13-73-j26-4.5.H,Fürth Stadtgrenze,0,
13-73-j26-4,T0#31,33.T0.13-73-j26-4.5.H,Fürth Stadtgrenze,0,
13-73-j26-4,T0#31,34.T0.13-73-j26-4.5.H,Fürth Stadtgrenze,0,
13-73-j26-4,T0#31,35.T0.13-73-j26-4.5.H,Fürth Stadtgrenze,0,
13-73-j26-4,T0#31,36.T0.13-73-j26-4.5.H,Fürth Stadtgrenze,0,
13-73-j26-4,T0#31,37.T0.13-73-j26-4.5.H,Fürth Stadtgrenze,0,
13-73-j26-4,T0#31,38.T0.13-73-j26-4.5.H,Fürth Stadtgrenze,0,
13-73-j26-4,T0#31,39.T0.13-73-j26-4.5.H,Fürth Stadtgrenze,0,
13-73-j26-4,T0#31,4.T0.13-73-j26-4.5.H,Fürth Stadtgrenze,0,
13-73-j26-4,T0#31,40.T0.13-73-j26-4.5.H,Fürth Stadtgrenze,0,
13-73-j26-4,T0#31,41.T0.13-73-j26-4.6.H,Nürnberg Virnsberger Str.,0,
13-73-j26-4,T0#31,42.T0.13-73-j26-4.7.R,"Nürnberg, Gustav-Adolf-Str.",1,
13-73-j26-4,T0#31,43.T0.13-73-j26-4.7.R,"Nürnberg, Gustav-Adolf-Str.",1,
13-73-j26-4,T0#31,44.T0.13-73-j26-4.7.R,"Nürnberg, Gustav-Adolf-Str.",1,
13-73-j26-4,T0#31,45.T0.13-73-j26-4.7.R,"Nürnberg, Gustav-Adolf-Str.",1,
13-73-j26-4,T0#31,46.T0.13-73-j26-4.7.R,"Nürnberg, Gustav-Adolf-Str.",1,
13-73-j26-4,T0#31,47.T0.13-73-j26-4.7.R,"Nürnberg, Gustav-Adolf-Str.",1,
13-73-j26-4,T0#31,48.T0.13-73-j26-4.7.R,"Nürnberg, Gustav-Adolf-Str.",1,
13-73-j26-4,T0#31,49.T0.13-73-j26-4.7.R,"Nürnberg, Gustav-Adolf-Str.",1,
13-73-j26-4,T0#31,5.T0.13-73-j26-4.5.H,Fürth Stadtgrenze,0,
13-73-j26-4,T0#31,50.T0.13-73-j26-4.7.R,"Nürnberg, Gustav-Adolf-Str.",1,
13-73-j26-4,T0#31,51.T0.13-73-j26-4.7.R,"Nürnberg, Gustav-Adolf-Str.",1,
13-73-j26-4,T0#31,52.T0.13-73-j26-4.7.R,"Nürnberg, Gustav-Adolf-Str.",1,
13-73-j26-4,T0#31,53.T0.13-73-j26-4.7.R,"Nürnberg, Gustav-Adolf-Str.",1,
13-73-j26-4,T0#31,54.T0.13-73-j26-4.7.R,"Nürnberg, Gustav-Adolf-Str.",1,
13-73-j26-4,T0#31,55.T0.13-73-j26-4.7.R,"Nürnberg, Gustav-Adolf-Str.",1,
13-73-j26-4,T0#31,56.T0.13-73-j26-4.7.R,"Nürnberg, Gustav-Adolf-Str.",1,
13-73-j26-4,T0#31,57.T0.13-73-j26-4.7.R,"Nürnberg, Gustav-Adolf-Str.",1,
13-73-j26-4,T0#31,58.T0.13-73-j26-4.7.R,"Nürnberg, Gustav-Adolf-Str.",1,
13-73-j26-4,T0#31,59.T0.13-73-j26-4.7.R,"Nürnberg, Gustav-Adolf-Str.",1,
13-73-j26-4,T0#31,6.T0.13-73-j26-4.5.H,Fürth Stadtgrenze,0,
13-73-j26-4,T0#31,60.T0.13-73-j26-4.7.R,"Nürnberg, Gustav-Adolf-Str.",1,
13-73-j26-4,T0#31,61.T0.13-73-j26-4.7.R,"Nürnberg, Gustav-Adolf-Str.",1,
13-73-j26-4,T0#31,62.T0.13-73-j26-4.7.R,"Nürnberg, Gustav-Adolf-Str.",1,
13-73-j26-4,T0#31,63.T0.13-73-j26-4.7.R,"Nürnberg, Gustav-Adolf-Str.",1,
13-73-j26-4,T0#31,64.T0.13-73-j26-4.7.R,"Nürnberg, Gustav-Adolf-Str.",1,
13-73-j26-4,T0#31,65.T0.13-73-j26-4.7.R,"Nürnberg, Gustav-Adolf-Str.",1,
13-73-j26-4,T0#31,66.T0.13-73-j26-4.7.R,"Nürnberg, Gustav-Adolf-Str.",1,
13-73-j26-4,T0#31,67.T0.13-73-j26-4.7.R,"Nürnberg, Gustav-Adolf-Str.",1,
13-73-j26-4,T0#31,68.T0.13-73-j26-4.7.R,"Nürnberg, Gustav-Adolf-Str.",1,
13-73-j26-4,T0#31,69.T0.13-73-j26-4.7.R,"Nürnberg, Gustav-Adolf-Str.",1,
13-73-j26-4,T0#31,7.T0.13-73-j26-4.5.H,Fürth Stadtgrenze,0,
13-73-j26-4,T0#31,70.T0.13-73-j26-4.7.R,"Nürnberg, Gustav-Adolf-Str.",1,
13-73-j26-4,T0#31,71.T0.13-73-j26-4.7.R,"Nürnberg, Gustav-Adolf-Str.",1,
13-73-j26-4,T0#31,72.T0.13-73-j26-4.7.R,"Nürnberg, Gustav-Adolf-Str.",1,
13-73-j26-4,T0#31,73.T0.13-73-j26-4.7.R,"Nürnberg, Gustav-Adolf-Str.",1,
13-73-j26-4,T0#31,74.T0.13-73-j26-4.7.R,"Nürnberg, Gustav-Adolf-Str.",1,
13-73-j26-4,T0#31,75.T0.13-73-j26-4.7.R,"Nürnberg, Gustav-Adolf-Str.",1,
13-73-j26-4,T0#31,76.T0.13-73-j26-4.7.R,"Nürnberg, Gustav-Adolf-Str.",1,
13-73-j26-4,T0#31,77.T0.13-73-j26-4.7.R,"Nürnberg, Gustav-Adolf-Str.",1,
13-73-j26-4,T0#31,78.T0.13-73-j26-4.7.R,"Nürnberg, Gustav-Adolf-Str.",1,
13-73-j26-4,T0#31,79.T0.13-73-j26-4.7.R,"Nürnberg, Gustav-Adolf-Str.",1,
13-73-j26-4,T0#31,8.T0.13-73-j26-4.5.H,Fürth Stadtgrenze,0,
13-73-j26-4,T0#31,9.T0.13-73-j26-4.5.H,Fürth Stadtgrenze,0,
13-82-j26-3,T0#32,1.T0.13-82-j26-3.1.H,Nürnberg Reichelsdorf Bahnhof,0,
13-82-j26-3,T0#32,10.T0.13-82-j26-3.1.H,Nürnberg Reichelsdorf Bahnhof,0,
13-82-j26-3,T0#32,11.T0.13-82-j26-3.1.H,Nürnberg Reichelsdorf Bahnhof,0,
13-82-j26-3,T0#32,12.T0.13-82-j26-3.1.H,Nürnberg Reichelsdorf Bahnhof,0,
13-82-j26-3,T0#32,13.T0.13-82-j26-3.1.H,Nürnberg Reichelsdorf Bahnhof,0,
13-82-j26-3,T0#32,14.T0.13-82-j26-3.1.H,Nürnberg Reichelsdorf Bahnhof,0,
13-82-j26-3,T0#32,15.T0.13-82-j26-3.1.H,Nürnberg Reichelsdorf Bahnhof,0,
13-82-j26-3,T0#32,16.T0.13-82-j26-3.1.H,Nürnberg Reichelsdorf Bahnhof,0,
13-82-j26-3,T0+01#15,18.T0.13-82-j26-3.1.H,Nürnberg Reichelsdorf Bahnhof,0,
13-82-j26-3,T0#32,19.T0.13-82-j26-3.1.H,Nürnberg Reichelsdorf Bahnhof,0,
13-82-j26-3,T0#32,2.T0.13-82-j26-3.1.H,Nürnberg Reichelsdorf Bahnhof,0,
13-82-j26-3,T0#32,20.T0.13-82-j26-3.1.H,Nürnberg Reichelsdorf Bahnhof,0,
13-82-j26-3,T0#32,21.T0.13-82-j26-3.1.H,Nürnberg Reichelsdorf Bahnhof,0,
13-82-j26-3,T0#32,22.T0.13-82-j26-3.1.H,Nürnberg Reichelsdorf Bahnhof,0,
13-82-j26-3,T0#32,23.T0.13-82-j26-3.1.H,Nürnberg Reichelsdorf Bahnhof,0,
13-82-j26-3,T0#32,24.T0.13-82-j26-3.1.H,Nürnberg Reichelsdorf Bahnhof,0,
13-82-j26-3,T0#32,25.T0.13-82-j26-3.1.H,Nürnberg Reichelsdorf Bahnhof,0,
13-82-j26-3,T0#32,26.T0.13-82-j26-3.1.H,Nürnberg Reichelsdorf Bahnhof,0,
13-82-j26-3,T0#32,27.T0.13-82-j26-3.1.H,Nürnberg Reichelsdorf Bahnhof,0,
13-82-j26-3,T0#32,28.T0.13-82-j26-3.1.H,Nürnberg Reichelsdorf Bahnhof,0,
13-82-j26-3,T0#32,29.T0.13-82-j26-3.1.H,Nürnberg Reichelsdorf Bahnhof,0,
13-82-j26-3,T0#32,3.T0.13-82-j26-3.1.H,Nürnberg Reichelsdorf Bahnhof,0,
13-82-j26-3,T0#32,30.T0.13-82-j26-3.1.H,Nürnberg Reichelsdorf Bahnhof,0,
13-82-j26-3,T0#32,31.T0.13-82-j26-3.1.H,Nürnberg Reichelsdorf Bahnhof,0,
13-82-j26-3,T0#32,32.T0.13-82-j26-3.1.H,Nürnberg Reichelsdorf Bahnhof,0,
13-82-j26-3,T0#32,33.T0.13-82-j26-3.1.H,Nürnberg Reichelsdorf Bahnhof,0,
13-82-j26-3,T0#32,34.T0.13-82-j26-3.6.R,Nürnberg Koppenhof Wende,1,
13-82-j26-3,T0#32,35.T0.13-82-j26-3.6.R,Nürnberg Koppenhof Wende,1,
13-82-j26-3,T0#32,36.T0.13-82-j26-3.6.R,Nürnberg Koppenhof Wende,1,
13-82-j26-3,T0#32,37.T0.13-82-j26-3.6.R,Nürnberg Koppenhof Wende,1,
13-82-j26-3,T0#32,38.T0.13-82-j26-3.6.R,Nürnberg Koppenhof Wende,1,
13-82-j26-3,T0#32,39.T0.13-82-j26-3.6.R,Nürnberg Koppenhof Wende,1,
13-82-j26-3,T0+01#15,4.T0.13-82-j26-3.4.H,Nürnberg Eichstätter Platz,0,
13-82-j26-3,T0#32,40.T0.13-82-j26-3.6.R,Nürnberg Koppenhof Wende,1,
13-82-j26-3,T0#32,41.T0.13-82-j26-3.6.R,Nürnberg Koppenhof Wende,1,
13-82-j26-3,T0#32,42.T0.13-82-j26-3.6.R,Nürnberg Koppenhof Wende,1,
13-82-j26-3,T0+01#15,43.T0.13-82-j26-3.7.R,Nürnberg Koppenhof,1,
13-82-j26-3,T0#32,44.T0.13-82-j26-3.6.R,Nürnberg Koppenhof Wende,1,
13-82-j26-3,T0#32,45.T0.13-82-j26-3.6.R,Nürnberg Koppenhof Wende,1,
13-82-j26-3,T0#32,46.T0.13-82-j26-3.6.R,Nürnberg Koppenhof Wende,1,
13-82-j26-3,T0#32,47.T0.13-82-j26-3.6.R,Nürnberg Koppenhof Wende,1,
13-82-j26-3,T0#32,48.T0.13-82-j26-3.6.R,Nürnberg Koppenhof Wende,1,
13-82-j26-3,T0#32,49.T0.13-82-j26-3.6.R,Nürnberg Koppenhof Wende,1,
13-82-j26-3,T0#32,50.T0.13-82-j26-3.6.R,Nürnberg Koppenhof Wende,1,
13-82-j26-3,T0#32,51.T0.13-82-j26-3.6.R,Nürnberg Koppenhof Wende,1,
13-82-j26-3,T0#32,52.T0.13-82-j26-3.6.R,Nürnberg Koppenhof Wende,1,
13-82-j26-3,T0#32,53.T0.13-82-j26-3.6.R,Nürnberg Koppenhof Wende,1,
13-82-j26-3,T0#32,54.T0.13-82-j26-3.6.R,Nürnberg Koppenhof Wende,1,
13-82-j26-3,T0#32,55.T0.13-82-j26-3.6.R,Nürnberg Koppenhof Wende,1,
13-82-j26-3,T0#32,56.T0.13-82-j26-3.6.R,Nürnberg Koppenhof Wende,1,
13-82-j26-3,T0#32,57.T0.13-82-j26-3.6.R,Nürnberg Koppenhof Wende,1,
13-82-j26-3,T0#32,58.T0.13-82-j26-3.6.R,Nürnberg Koppenhof Wende,1,
13-82-j26-3,T0#32,59.T0.13-82-j26-3.6.R,Nürnberg Koppenhof Wende,1,
13-82-j26-3,T0+01#15,6.T0.13-82-j26-3.2.H,Nürnberg Eichstätter Platz,0,
13-82-j26-3,T0#32,60.T0.13-82-j26-3.6.R,Nürnberg Koppenhof Wende,1,
13-82-j26-3,T0#32,61.T0.13-82-j26-3.6.R,Nürnberg Koppenhof Wende,1,
13-82-j26-3,T0#32,62.T0.13-82-j26-3.6.R,Nürnberg Koppenhof Wende,1,
13-82-j26-3,T0+01#15,7.T0.13-82-j26-3.5.H,Nürnberg Reichelsdorf Bahnhof,0,
13-82-j26-3,T0+01#15,8.T0.13-82-j26-3.2.H,Nürnberg Eichstätter Platz,0,
13-82-j26-3,T0#32,9.T0.13-82-j26-3.1.H,Nürnberg Reichelsdorf Bahnhof,0,
13-83-j26-2,T0#32,1.T0.13-83-j26-2.1.H,Nürnberg Koppenhof Wende,0,
13-83-j26-2,T0#32,10.T0.13-83-j26-2.1.H,Nürnberg Koppenhof Wende,0,
13-83-j26-2,T0+01#15,12.T0.13-83-j26-2.3.H,Nürnberg Koppenhof Wende,0,
13-83-j26-2,T0#32,13.T0.13-83-j26-2.1.H,Nürnberg Koppenhof Wende,0,
13-83-j26-2,T0#32,14.T0.13-83-j26-2.1.H,Nürnberg Koppenhof Wende,0,
13-83-j26-2,T0#32,15.T0.13-83-j26-2.1.H,Nürnberg Koppenhof Wende,0,
13-83-j26-2,T0+01#15,16.T0.13-83-j26-2.3.H,Nürnberg Koppenhof Wende,0,
13-83-j26-2,T0#32,18.T0.13-83-j26-2.1.H,Nürnberg Koppenhof Wende,0,
13-83-j26-2,T0#32,19.T0.13-83-j26-2.1.H,Nürnberg Koppenhof Wende,0,
13-83-j26-2,T0#32,2.T0.13-83-j26-2.1.H,Nürnberg Koppenhof Wende,0,
13-83-j26-2,T0#32,20.T0.13-83-j26-2.1.H,Nürnberg Koppenhof Wende,0,
13-83-j26-2,T0#32,21.T0.13-83-j26-2.1.H,Nürnberg Koppenhof Wende,0,
13-83-j26-2,T0#32,22.T0.13-83-j26-2.1.H,Nürnberg Koppenhof Wende,0,
13-83-j26-2,T0#32,23.T0.13-83-j26-2.1.H,Nürnberg Koppenhof Wende,0,
13-83-j26-2,T0#32,24.T0.13-83-j26-2.2.R,Nürnberg Katzwang Sportplatz,1,
13-83-j26-2,T0#32,25.T0.13-83-j26-2.2.R,Nürnberg Katzwang Sportplatz,1,
13-83-j26-2,T0#32,26.T0.13-83-j26-2.2.R,Nürnberg Katzwang Sportplatz,1,
13-83-j26-2,T0+01#15,28.T0.13-83-j26-2.4.R,Nürnberg Katzwang Sportplatz,1,
13-83-j26-2,T0#32,29.T0.13-83-j26-2.2.R,Nürnberg Katzwang Sportplatz,1,
13-83-j26-2,T0#32,3.T0.13-83-j26-2.1.H,Nürnberg Koppenhof Wende,0,
13-83-j26-2,T0#32,30.T0.13-83-j26-2.2.R,Nürnberg Katzwang Sportplatz,1,
13-83-j26-2,T0#32,31.T0.13-83-j26-2.2.R,Nürnberg Katzwang Sportplatz,1,
13-83-j26-2,T0#32,32.T0.13-83-j26-2.2.R,Nürnberg Katzwang Sportplatz,1,
13-83-j26-2,T0#32,33.T0.13-83-j26-2.2.R,Nürnberg Katzwang Sportplatz,1,
13-83-j26-2,T0#32,35.T0.13-83-j26-2.2.R,Nürnberg Katzwang Sportplatz,1,
13-83-j26-2,T0#32,36.T0.13-83-j26-2.2.R,Nürnberg Katzwang Sportplatz,1,
13-83-j26-2,T0#32,37.T0.13-83-j26-2.2.R,Nürnberg Katzwang Sportplatz,1,
13-83-j26-2,T0#32,38.T0.13-83-j26-2.2.R,Nürnberg Katzwang Sportplatz,1,
13-83-j26-2,T0#32,39.T0.13-83-j26-2.2.R,Nürnberg Katzwang Sportplatz,1,
13-83-j26-2,T0#32,4.T0.13-83-j26-2.1.H,Nürnberg Koppenhof Wende,0,
13-83-j26-2,T0#32,40.T0.13-83-j26-2.2.R,Nürnberg Katzwang Sportplatz,1,
13-83-j26-2,T0#32,41.T0.13-83-j26-2.2.R,Nürnberg Katzwang Sportplatz,1,
13-83-j26-2,T0#32,42.T0.13-83-j26-2.2.R,Nürnberg Katzwang Sportplatz,1,
13-83-j26-2,T0#32,43.T0.13-83-j26-2.2.R,Nürnberg Katzwang Sportplatz,1,
13-83-j26-2,T0#32,44.T0.13-83-j26-2.2.R,Nürnberg Katzwang Sportplatz,1,
13-83-j26-2,T0#32,45.T0.13-83-j26-2.2.R,Nürnberg Katzwang Sportplatz,1,
13-83-j26-2,T0#32,46.T0.13-83-j26-2.2.R,Nürnberg Katzwang Sportplatz,1,
13-83-j26-2,T0#32,47.T0.13-83-j26-2.2.R,Nürnberg Katzwang Sportplatz,1,
13-83-j26-2,T0#32,5.T0.13-83-j26-2.1.H,Nürnberg Koppenhof Wende,0,
13-83-j26-2,T0#32,6.T0.13-83-j26-2.1.H,Nürnberg Koppenhof Wende,0,
13-83-j26-2,T0#32,7.T0.13-83-j26-2.1.H,Nürnberg Koppenhof Wende,0,
13-83-j26-2,T0#32,8.T0.13-83-j26-2.1.H,Nürnberg Koppenhof Wende,0,
13-83-j26-2,T0#32,9.T0.13-83-j26-2.1.H,Nürnberg Koppenhof Wende,0,
13-84-j26-1,T0#6,1.T0.13-84-j26-1.1.H,Nürnberg Dr. Erler Kliniken,0,
13-84-j26-1,T0#6,10.T0.13-84-j26-1.1.H,Nürnberg Dr. Erler Kliniken,0,
13-84-j26-1,T0#6,11.T0.13-84-j26-1.1.H,Nürnberg Dr. Erler Kliniken,0,
13-84-j26-1,T0#6,12.T0.13-84-j26-1.1.H,Nürnberg Dr. Erler Kliniken,0,
13-84-j26-1,T0#6,13.T0.13-84-j26-1.1.H,Nürnberg Dr. Erler Kliniken,0,
13-84-j26-1,T0#6,14.T0.13-84-j26-1.1.H,Nürnberg Dr. Erler Kliniken,0,
13-84-j26-1,T0#6,15.T0.13-84-j26-1.1.H,Nürnberg Dr. Erler Kliniken,0,
13-84-j26-1,T0#6,16.T0.13-84-j26-1.1.H,Nürnberg Dr. Erler Kliniken,0,
13-84-j26-1,T0#6,17.T0.13-84-j26-1.1.H,Nürnberg Dr. Erler Kliniken,0,
13-84-j26-1,T0#6,18.T0.13-84-j26-1.1.H,Nürnberg Dr. Erler Kliniken,0,
13-84-j26-1,T0#6,19.T0.13-84-j26-1.1.H,Nürnberg Dr. Erler Kliniken,0,
13-84-j26-1,T0#6,2.T0.13-84-j26-1.1.H,Nürnberg Dr. Erler Kliniken,0,
13-84-j26-1,T0#6,20.T0.13-84-j26-1.1.H,Nürnberg Dr. Erler Kliniken,0,
13-84-j26-1,T0#6,21.T0.13-84-j26-1.1.H,Nürnberg Dr. Erler Kliniken,0,
13-84-j26-1,T0#6,22.T0.13-84-j26-1.1.H,Nürnberg Dr. Erler Kliniken,0,
13-84-j26-1,T0#6,23.T0.13-84-j26-1.1.H,Nürnberg Dr. Erler Kliniken,0,
13-84-j26-1,T0#6,24.T0.13-84-j26-1.1.H,Nürnberg Dr. Erler Kliniken,0,
13-84-j26-1,T0#6,25.T0.13-84-j26-1.1.H,Nürnberg Dr. Erler Kliniken,0,
13-84-j26-1,T0#6,26.T0.13-84-j26-1.1.H,Nürnberg Dr. Erler Kliniken,0,
13-84-j26-1,T0#6,27.T0.13-84-j26-1.1.H,Nürnberg Dr. Erler Kliniken,0,
13-84-j26-1,T0#6,28.T0.13-84-j26-1.1.H,Nürnberg Dr. Erler Kliniken,0,
13-84-j26-1,T0#6,29.T0.13-84-j26-1.1.H,Nürnberg Dr. Erler Kliniken,0,
13-84-j26-1,T0#6,3.T0.13-84-j26-1.1.H,Nürnberg Dr. Erler Kliniken,0,
13-84-j26-1,T0#6,30.T0.13-84-j26-1.1.H,Nürnberg Dr. Erler Kliniken,0,
13-84-j26-1,T0#6,31.T0.13-84-j26-1.1.H,Nürnberg Dr. Erler Kliniken,0,
13-84-j26-1,T0#6,32.T0.13-84-j26-1.1.H,Nürnberg Dr. Erler Kliniken,0,
13-84-j26-1,T0#6,33.T0.13-84-j26-1.1.H,Nürnberg Dr. Erler Kliniken,0,
13-84-j26-1,T0#6,34.T0.13-84-j26-1.2.R,Nürnberg Plärrer,1,
13-84-j26-1,T0#6,35.T0.13-84-j26-1.2.R,Nürnberg Plärrer,1,
13-84-j26-1,T0#6,36.T0.13-84-j26-1.2.R,Nürnberg Plärrer,1,
13-84-j26-1,T0#6,37.T0.13-84-j26-1.2.R,Nürnberg Plärrer,1,
13-84-j26-1,T0#6,38.T0.13-84-j26-1.2.R,Nürnberg Plärrer,1,
13-84-j26-1,T0#6,39.T0.13-84-j26-1.2.R,Nürnberg Plärrer,1,
13-84-j26-1,T0#6,4.T0.13-84-j26-1.1.H,Nürnberg Dr. Erler Kliniken,0,
13-84-j26-1,T0#6,40.T0.13-84-j26-1.2.R,Nürnberg Plärrer,1,
13-84-j26-1,T0#6,41.T0.13-84-j26-1.2.R,Nürnberg Plärrer,1,
13-84-j26-1,T0#6,42.T0.13-84-j26-1.2.R,Nürnberg Plärrer,1,
13-84-j26-1,T0#6,43.T0.13-84-j26-1.2.R,Nürnberg Plärrer,1,
13-84-j26-1,T0#6,44.T0.13-84-j26-1.2.R,Nürnberg Plärrer,1,
13-84-j26-1,T0#6,45.T0.13-84-j26-1.2.R,Nürnberg Plärrer,1,
13-84-j26-1,T0#6,46.T0.13-84-j26-1.2.R,Nürnberg Plärrer,1,
13-84-j26-1,T0#6,47.T0.13-84-j26-1.2.R,Nürnberg Plärrer,1,
13-84-j26-1,T0#6,48.T0.13-84-j26-1.2.R,Nürnberg Plärrer,1,
13-84-j26-1,T0#6,49.T0.13-84-j26-1.2.R,Nürnberg Plärrer,1,
13-84-j26-1,T0#6,5.T0.13-84-j26-1.1.H,Nürnberg Dr. Erler Kliniken,0,
13-84-j26-1,T0#6,50.T0.13-84-j26-1.2.R,Nürnberg Plärrer,1,
13-84-j26-1,T0#6,51.T0.13-84-j26-1.2.R,Nürnberg Plärrer,1,
13-84-j26-1,T0#6,52.T0.13-84-j26-1.2.R,Nürnberg Plärrer,1,
13-84-j26-1,T0#6,53.T0.13-84-j26-1.2.R,Nürnberg Plärrer,1,
13-84-j26-1,T0#6,54.T0.13-84-j26-1.2.R,Nürnberg Plärrer,1,
13-84-j26-1,T0#6,55.T0.13-84-j26-1.2.R,Nürnberg Plärrer,1,
13-84-j26-1,T0#6,56.T0.13-84-j26-1.2.R,Nürnberg Plärrer,1,
13-84-j26-1,T0#6,57.T0.13-84-j26-1.2.R,Nürnberg Plärrer,1,
13-84-j26-1,T0#6,58.T0.13-84-j26-1.2.R,Nürnberg Plärrer,1,
13-84-j26-1,T0#6,59.T0.13-84-j26-1.2.R,Nürnberg Plärrer,1,
13-84-j26-1,T0#6,6.T0.13-84-j26-1.1.H,Nürnberg Dr. Erler Kliniken,0,
13-84-j26-1,T0#6,60.T0.13-84-j26-1.2.R,Nürnberg Plärrer,1,
13-84-j26-1,T0#6,61.T0.13-84-j26-1.2.R,Nürnberg Plärrer,1,
13-84-j26-1,T0#6,62.T0.13-84-j26-1.2.R,Nürnberg Plärrer,1,
13-84-j26-1,T0#6,63.T0.13-84-j26-1.2.R,Nürnberg Plärrer,1,
13-84-j26-1,T0#6,64.T0.13-84-j26-1.2.R,Nürnberg Plärrer,1,
13-84-j26-1,T0#6,65.T0.13-84-j26-1.2.R,Nürnberg Plärrer,1,
13-84-j26-1,T0#6,66.T0.13-84-j26-1.2.R,Nürnberg Plärrer,1,
13-84-j26-1,T0#6,7.T0.13-84-j26-1.1.H,Nürnberg Dr. Erler Kliniken,0,
13-84-j26-1,T0#6,8.T0.13-84-j26-1.1.H,Nürnberg Dr. Erler Kliniken,0,
13-84-j26-1,T0#6,9.T0.13-84-j26-1.1.H,Nürnberg Dr. Erler Kliniken,0,
13-89-j26-2,T0#21,1.T0.13-89-j26-2.3.H,Wendelstein Gymnasium,0,
13-89-j26-2,T0#21,2.T0.13-89-j26-2.3.H,Wendelstein Gymnasium,0,
13-89-j26-2,T0#21,3.T0.13-89-j26-2.3.H,Wendelstein Gymnasium,0,
13-89-j26-2,T0#21,4.T0.13-89-j26-2.4.R,"Nürnberg, Frankenstraße",1,
13-89-j26-2,T0#21,6.T0.13-89-j26-2.4.R,"Nürnberg, Frankenstraße",1,
13-89-j26-2,T0#21,7.T0.13-89-j26-2.4.R,"Nürnberg, Frankenstraße",1,
13-89-j26-2,T0#21,8.T0.13-89-j26-2.4.R,"Nürnberg, Frankenstraße",1,
13-91-j26-2,T0#21,1.T0.13-91-j26-2.5.H,Nürnb. Kornburg Schleife,0,
13-91-j26-2,T0#21,2.T0.13-91-j26-2.5.H,Nürnb. Kornburg Schleife,0,
13-91-j26-2,T0#21,3.T0.13-91-j26-2.6.H,Nürnb. Kornburg Schleife,0,
13-91-j26-2,T0#21,4.T0.13-91-j26-2.7.R,Nürnberg Röthenbach,1,
13-91-j26-2,T0#21,5.T0.13-91-j26-2.7.R,Nürnberg Röthenbach,1,
13-91-j26-2,T0#21,6.T0.13-91-j26-2.8.R,Nürnberg Röthenbach,1,
13-92-j26-1,T0+01,1.T0.13-92-j26-1.3.H,Nürnberg Katzwang Süd,0,
13-92-j26-1,T0+01,2.T0.13-92-j26-1.4.R,Nürnberg Meistersingerhalle,1,
13-93-j26-2,T0#21,1.T0.13-93-j26-2.3.H,Nürnb. Kornburg Schleife,0,
13-93-j26-2,T0#21,2.T0.13-93-j26-2.4.R,Nürnberg Meistersingerhalle,1,
13-94-j26-2,T0+01#16,1.T0.13-94-j26-2.3.R,Nürnberg Rathaus,1,
13-94-j26-2,T0+01#16,2.T0.13-94-j26-2.4.R,Nürnberg Rathaus,1,
13-95-j26-1,T0+01,1.T0.13-95-j26-1.3.H,"Nürnberg, Nordostbahnhof",0,
13-95-j26-1,T0+01,2.T0.13-95-j26-1.4.R,Nürnberg Mögeldorf,1,
13-96-j26-4,T0#24,1.T0.13-96-j26-4.1.H,Nürnberg Birnthon,0,
13-96-j26-4,T0#24,2.T0.13-96-j26-4.2.R,Nürnberg Meistersingerhalle,1,
13-96-j26-4,T0#24,3.T0.13-96-j26-4.3.R,Nürnberg Meistersingerhalle,1,
13-97-j26-1,T0+01,1.T0.13-97-j26-1.4.H,Nürnberg Forchheimer Str.,0,
13-97-j26-1,T0+01,2.T0.13-97-j26-1.5.R,Nürnberg Nordwestring,1,
13-97-j26-1,T0+01,3.T0.13-97-j26-1.5.R,Nürnberg Nordwestring,1,
13-97-j26-1,T0+01,4.T0.13-97-j26-1.5.R,Nürnberg Nordwestring,1,
13-97-j26-1,T0+01,5.T0.13-97-j26-1.5.R,Nürnberg Nordwestring,1,
13-97-j26-1,T0+01,6.T0.13-97-j26-1.5.R,Nürnberg Nordwestring,1,
13-97-j26-1,T0+01,7.T0.13-97-j26-1.5.R,Nürnberg Nordwestring,1,
13-98-j26-1,T0+01,1.T0.13-98-j26-1.3.H,Nürnb. Langwasser Mitte,0,
13-98-j26-1,T0+01,2.T0.13-98-j26-1.3.H,Nürnb. Langwasser Mitte,0,
13-98-j26-1,T0+01,3.T0.13-98-j26-1.4.R,Nürnberg Röthenbach,1,
13-98-j26-1,T0+01,4.T0.13-98-j26-1.4.R,Nürnberg Röthenbach,1,
13-99-j26-1,T0+01,1.T0.13-99-j26-1.1.H,Nürnberg Buch Süd,0,
13-99-j26-1,T0+01,2.T0.13-99-j26-1.2.R,Nürnberg Höfles West,1,
13-99-j26-1,T0+01,3.T0.13-99-j26-1.2.R,Nürnberg Höfles West,1,
13-99-j26-1,T0+01,4.T0.13-99-j26-1.2.R,Nürnberg Höfles West,1,
13-99-j26-1,T0+01,5.T0.13-99-j26-1.3.R,Nürnberg Bamberger Str.,1,
